experiment,time,CO2_ppm,A_zsat,I_zsat,P_zsat,A_zcc,I_zcc,P_zcc,A_deep_CO3,I_deep_CO3,P_deep_CO3,A_deep_DIC,I_deep_DIC,P_deep_DIC,A_deep_TA,I_deep_TA,P_deep_TA,H_DIC,H_TA,deep temperature,surface temperature,high-deep mixing (Atlantic),high-deep mixing (Indian),high-deep mixing (Pacific),thermohaline circulation:,thermohaline upwelling (Atlantic),thermohaline upwelling (Indian),high-lat PO4 export constant
control,0.0,279.9985851597,4677,3477,2940,4915,3760,3448,105.68488965161832,83.44489537798542,75.07029919044744,2208.6977409309,2287.9754129492,2343.0306361904,2343.9936939121,2380.0582262213,2416.3287386081,2141.1448491017004,2323.9071970826,2,20,4 Sverdrup,3 Sverdrup,10 Sverdrup,20 Sverdrup,0.2,0.2,1.8
control,100.0,279.99946551698923,4676,3476,2939,4915,3759,3448,105.66915139500122,83.43485810225249,75.06704731990371,2208.670825731237,2287.956901207081,2343.024121952452,2343.9409521989755,2380.021580152701,2416.316013341101,2141.1365091825774,2323.8963926041924,2,20,4 Sverdrup,3 Sverdrup,10 Sverdrup,20 Sverdrup,0.2,0.2,1.8
control,200.0,280.00196401750685,4675,3476,2939,4914,3758,3448,105.65724129903302,83.4252109288689,75.06283785425391,2208.649115207907,2287.9385874053464,2343.01539693921,2343.8999329230164,2379.9860083793224,2416.2993108317405,2141.126119154781,2323.8821565776934,2,20,4 Sverdrup,3 Sverdrup,10 Sverdrup,20 Sverdrup,0.2,0.2,1.8
control,300.0,280.0054961707251,4675,3475,2939,4914,3758,3447,105.64686407329492,83.41610577310246,75.05859981693385,2208.629236292876,2287.920806119605,2343.0063897302043,2343.863245842363,2379.95196294161,2416.282318291483,2141.115388909057,2323.866898225488,2,20,4 Sverdrup,3 Sverdrup,10 Sverdrup,20 Sverdrup,0.2,0.2,1.8
control,400.0,280.0099743097861,4674,3475,2939,4913,3758,3447,105.63896604682913,83.41184031497835,75.05514982219631,2208.6130320285674,2287.911221183585,2342.998571743265,2343.8343392416523,2379.9348804458323,2416.268012887526,2141.106205941593,2323.8529862336964,2,20,4 Sverdrup,3 Sverdrup,10 Sverdrup,20 Sverdrup,0.2,0.2,1.8
control,500.0,280.01513308652824,4674,3474,2938,4913,3757,3447,105.63336421313213,83.40686485682079,75.05101186402626,2208.600416714127,2287.899836551277,2342.989148780242,2343.8127454569267,2379.9146573190424,2416.250771470447,2141.0970033956464,2323.83862316325,2,20,4 Sverdrup,3 Sverdrup,10 Sverdrup,20 Sverdrup,0.2,0.2,1.8
control,600.0,280.0210010437782,4674,3474,2938,4913,3757,3447,105.62882386965931,83.39887932149763,75.04678748619811,2208.589380982381,2287.882729946598,2342.979340043511,2343.7944637755804,2379.88333747676,2416.233019489832,2141.087015081079,2323.8228754967527,2,20,4 Sverdrup,3 Sverdrup,10 Sverdrup,20 Sverdrup,0.2,0.2,1.8
control,700.0,280.02703324338546,4674,3474,2938,4913,3757,3446,105.6245912956638,83.39594746789074,75.04373214794697,2208.579034496845,2287.8746177005487,2342.9716375649955,2343.777363123949,2379.870158787848,2416.2196229022447,2141.078915518155,2323.809355701674,2,20,4 Sverdrup,3 Sverdrup,10 Sverdrup,20 Sverdrup,0.2,0.2,1.8
control,800.0,280.03271324769486,4674,3474,2938,4912,3757,3446,105.62191314052224,83.39357593287902,75.04225759718636,2208.5717432827223,2287.8674851064006,2342.9669139398666,2343.7658491851025,2379.8588783302885,2416.212207734728,2141.0728876810103,2323.798579596653,2,20,4 Sverdrup,3 Sverdrup,10 Sverdrup,20 Sverdrup,0.2,0.2,1.8
control,900.0,280.0378943027177,4673,3474,2938,4912,3757,3446,105.61998146178084,83.3920569594048,75.04123944453359,2208.566174685048,2287.862128277014,2342.963073997987,2343.757234496293,2379.850957970454,2416.2065287446203,2141.067953162602,2323.789439404418,2,20,4 Sverdrup,3 Sverdrup,10 Sverdrup,20 Sverdrup,0.2,0.2,1.8
control,1000.0,280.0426144482592,4673,3473,2938,4912,3757,3446,105.61795700369036,83.39152332287303,75.0402158803524,2208.560869597796,2287.858718697098,2342.959266311887,2343.748714514433,2379.8466957057176,2416.2008676863265,2141.0635388551746,2323.7812080256813,2,20,4 Sverdrup,3 Sverdrup,10 Sverdrup,20 Sverdrup,0.2,0.2,1.8
control,1100.0,280.0469603736205,4673,3473,2938,4912,3756,3446,105.61593727590736,83.39062136875725,75.03920264146791,2208.555867786798,2287.8548889586723,2342.9555246938357,2343.740488841177,2379.84135658399,2416.1952881938096,2141.0593110882373,2323.7734272450534,2,20,4 Sverdrup,3 Sverdrup,10 Sverdrup,20 Sverdrup,0.2,0.2,1.8
control,1200.0,280.0509710232032,4673,3473,2938,4912,3756,3446,105.61458463135864,83.38965071763417,75.0381802129521,2208.552211186589,2287.851143460738,2342.951825336583,2343.734698141238,2379.8359558010766,2416.1897306346987,2141.0554909892103,2323.766345894283,2,20,4 Sverdrup,3 Sverdrup,10 Sverdrup,20 Sverdrup,0.2,0.2,1.8
control,1300.0,280.0546639954454,4673,3473,2937,4912,3756,3446,105.61350532009408,83.38869938576788,75.03716301399864,2208.549205717014,2287.8476571051865,2342.948208981393,2343.7299835618583,2379.830849389942,2416.184262282192,2141.052004430894,2323.75986096852,2,20,4 Sverdrup,3 Sverdrup,10 Sverdrup,20 Sverdrup,0.2,0.2,1.8
control,1400.0,280.0580942980304,4673,3473,2937,4912,3756,3446,105.61228499172236,83.38774317180005,75.0361565202821,2208.5461318652483,2287.844347335859,2342.9446880870064,2343.724965669938,2379.825893569414,2416.1789062804883,2141.0486463655748,2323.753690122745,2,20,4 Sverdrup,3 Sverdrup,10 Sverdrup,20 Sverdrup,0.2,0.2,1.8
control,1500.0,280.0611943684702,4673,3473,2937,4912,3756,3446,105.61102505547802,83.38676036285614,75.03605297243253,2208.543177520997,2287.8411883213103,2342.942993206961,2343.719991933413,2379.821037761342,2416.1771035551155,2141.0460524597606,2323.748659395694,2,20,4 Sverdrup,3 Sverdrup,10 Sverdrup,20 Sverdrup,0.2,0.2,1.8
control,1600.0,280.06390121374034,4673,3473,2937,4912,3756,3446,105.60978286278512,83.38577763297263,75.03635892700974,2208.5404574042277,2287.838223141952,2342.9421709960056,2343.7152747616806,2379.8163624578297,2416.1769299883854,2141.0439493638587,2323.7444654658234,2,20,4 Sverdrup,3 Sverdrup,10 Sverdrup,20 Sverdrup,0.2,0.2,1.8
control,1700.0,280.0661023994482,4673,3473,2937,4912,3756,3446,105.60984685319733,83.38718455751703,75.03662015183802,2208.540139488086,2287.8398061395874,2342.941403370742,2343.715098465873,2379.8205565878247,2416.1767230571054,2141.042980498605,2323.741971620704,2,20,4 Sverdrup,3 Sverdrup,10 Sverdrup,20 Sverdrup,0.2,0.2,1.8
control,1800.0,280.0678994065696,4673,3473,2937,4912,3756,3446,105.60919840132148,83.38715662897766,75.03685161864871,2208.5388009739418,2287.838931387388,2342.940703173265,2343.71269358388,2379.8196240577586,2416.17651577036,2141.041907826196,2323.739577516371,2,20,4 Sverdrup,3 Sverdrup,10 Sverdrup,20 Sverdrup,0.2,0.2,1.8
control,1900.0,280.06938583843,4673,3473,2937,4912,3756,3446,105.60906181992988,83.38795316467755,75.03703954754614,2208.538447276753,2287.8397933024385,2342.9400394343697,2343.7121440021338,2379.821988103068,2416.1762594944444,2141.041208183728,2323.7378363263,2,20,4 Sverdrup,3 Sverdrup,10 Sverdrup,20 Sverdrup,0.2,0.2,1.8
control,2000.0,280.0705728671518,4673,3473,2937,4912,3756,3446,105.6095821506908,83.38772812114851,75.0371846749035,2208.5392575374453,2287.8388841815827,2342.939411470954,2343.713800623588,2379.820648408932,2416.1759493413147,2141.040788987264,2323.736607226138,2,20,4 Sverdrup,3 Sverdrup,10 Sverdrup,20 Sverdrup,0.2,0.2,1.8
control,2100.0,280.0717469837707,4673,3473,2937,4912,3756,3446,105.60848437968257,83.38984492430558,75.03551947182463,2208.537333818308,2287.8423746961025,2342.935380043552,2343.71007289502,2379.8280269908264,2416.1687623828275,2141.0391299941502,2323.733861423793,2,20,4 Sverdrup,3 Sverdrup,10 Sverdrup,20 Sverdrup,0.2,0.2,1.8
control,2200.0,280.07316182808336,4673,3473,2937,4912,3756,3446,105.60671134432842,83.38942343442766,75.03380940581509,2208.5340886689805,2287.8411309176518,2342.931320680961,2343.7039450998104,2379.8259591950496,2416.1615069594563,2141.0365690128174,2323.7298653547105,2,20,4 Sverdrup,3 Sverdrup,10 Sverdrup,20 Sverdrup,0.2,0.2,1.8
control,2300.0,280.07464963868205,4673,3473,2937,4912,3756,3446,105.60519860979328,83.39032162507637,75.03282977576455,2208.531203158108,2287.8424011115467,2342.9286698118626,2343.698608626958,2379.828940545179,2416.157030947415,2141.034767146262,2323.726764228481,2,20,4 Sverdrup,3 Sverdrup,10 Sverdrup,20 Sverdrup,0.2,0.2,1.8
control,2400.0,280.07610390893177,4673,3473,2937,4912,3756,3446,105.60381479789348,83.39065001136856,75.03193867749209,2208.5285479674385,2287.8425298405423,2342.9262301373547,2343.6937119862173,2379.8296341828272,2416.152938048424,2141.033005464969,2323.72372619098,2,20,4 Sverdrup,3 Sverdrup,10 Sverdrup,20 Sverdrup,0.2,0.2,1.8
control,2500.0,280.0775363655605,4673,3473,2937,4912,3756,3446,105.60260422825996,83.39078971829333,75.03117710876884,2208.526163866443,2287.842367964237,2342.924080261484,2343.689370375862,2379.829743568044,2416.149376022299,2141.031282572527,2323.720754966994,2,20,4 Sverdrup,3 Sverdrup,10 Sverdrup,20 Sverdrup,0.2,0.2,1.8
control,2600.0,280.0788333673541,4673,3474,2937,4912,3757,3446,105.60154809228035,83.39242114201271,75.03061734713772,2208.524097391374,2287.844912377293,2342.922374666632,2343.685595590208,2379.835239137272,2416.146640105447,2141.030146149915,2323.718585413673,2,20,4 Sverdrup,3 Sverdrup,10 Sverdrup,20 Sverdrup,0.2,0.2,1.8
control,2700.0,280.0801625800726,4672,3473,2937,4911,3756,3446,105.6005642282357,83.39081541468101,75.0300224953569,2208.522106397563,2287.841605743198,2342.9206179528787,2343.68201565958,2379.829036106784,2416.1437821511668,2141.028288019098,2323.715508851777,2,20,4 Sverdrup,3 Sverdrup,10 Sverdrup,20 Sverdrup,0.2,0.2,1.8
control,2800.0,280.0817619091843,4672,3473,2937,4911,3756,3445,105.59960079693316,83.38631563660887,75.02916373971847,2208.5199289473053,2287.8330256308195,2342.9183320461243,2343.6782916045963,2379.812371217864,2416.1398920785878,2141.0252945907537,2323.7108862004407,2,20,4 Sverdrup,3 Sverdrup,10 Sverdrup,20 Sverdrup,0.2,0.2,1.8
control,2900.0,280.08351501641056,4672,3473,2937,4911,3756,3445,105.5991886068398,83.38289446354871,75.02816723036351,2208.5185338084248,2287.826347151505,2342.915762795285,2343.676261813881,2379.799591438797,2416.135459315314,2141.022375334674,2323.7062732099425,2,20,4 Sverdrup,3 Sverdrup,10 Sverdrup,20 Sverdrup,0.2,0.2,1.8
control,3000.0,280.0853526123062,4672,3473,2937,4911,3756,3445,105.5989818572428,83.38031816232433,75.02710679413934,2208.5174048525555,2287.8211149821664,2342.913056674007,2343.6748328687345,2379.7897745192136,2416.1307699577133,2141.019589194802,2323.701775538468,2,20,4 Sverdrup,3 Sverdrup,10 Sverdrup,20 Sverdrup,0.2,0.2,1.8
control,3100.0,280.0872439165445,4672,3473,2937,4911,3756,3445,105.59859151273356,83.3783269175601,75.02602844839288,2208.515933706013,2287.816873276237,2342.9103024438264,2343.6727592502657,2379.781997446543,2416.1259997782145,2141.016843704377,2323.6972956681275,2,20,4 Sverdrup,3 Sverdrup,10 Sverdrup,20 Sverdrup,0.2,0.2,1.8
control,3200.0,280.08916555724954,4672,3473,2937,4911,3756,3445,105.59805700006596,83.37673783544984,75.02496016877792,2208.5142101166857,2287.813307008809,2342.907555095449,2343.6701988991576,2379.775617365293,2416.1212565954165,2141.014150400792,2323.69286100453,2,20,4 Sverdrup,3 Sverdrup,10 Sverdrup,20 Sverdrup,0.2,0.2,1.8
control,3300.0,280.09095680685857,4672,3473,2937,4911,3756,3445,105.59744701354182,83.37543505911374,75.02480326374896,2208.5124545234416,2287.8102563438383,2342.90656916058,2343.6674799121947,2379.77026514112,2416.120018934976,2141.0122068514247,2323.6894266669638,2,20,4 Sverdrup,3 Sverdrup,10 Sverdrup,20 Sverdrup,0.2,0.2,1.8
control,3400.0,280.09269037763914,4672,3472,2937,4911,3756,3445,105.59677563455811,83.37433026317645,75.02421462924626,2208.5106295025985,2287.807561557225,2342.9047477795507,2343.664590034037,2379.7656229605764,2416.117106186235,2141.0100523091432,2323.685762830204,2,20,4 Sverdrup,3 Sverdrup,10 Sverdrup,20 Sverdrup,0.2,0.2,1.8
control,3500.0,280.09431286087863,4672,3472,2937,4911,3755,3445,105.59607629844815,83.37336834138111,75.02395761181442,2208.508820229039,2287.80514264804,2342.9035821834264,2343.6616678607515,2379.761511468739,2416.115489696771,2141.008215726792,2323.6825572205344,2,20,4 Sverdrup,3 Sverdrup,10 Sverdrup,20 Sverdrup,0.2,0.2,1.8
control,3600.0,280.0957266168482,4672,3472,2937,4911,3756,3445,105.59400688553411,83.37428204670064,75.02429620054352,2208.5048643734217,2287.806160003699,2342.903583609008,2343.6543415126107,2379.764223233268,2416.1161743946645,2141.006903906823,2323.6801207391686,2,20,4 Sverdrup,3 Sverdrup,10 Sverdrup,20 Sverdrup,0.2,0.2,1.8
control,3700.0,280.09695039507113,4672,3473,2937,4911,3756,3445,105.59143739973509,83.37569996374462,75.0246475506213,2208.5001753696874,2287.808114001079,2342.903629597705,2343.6454713784588,2379.768756776569,2416.116918416458,2141.005679870827,2323.677902578377,2,20,4 Sverdrup,3 Sverdrup,10 Sverdrup,20 Sverdrup,0.2,0.2,1.8
control,3800.0,280.09806387382963,4672,3472,2937,4911,3756,3445,105.5905973824025,83.37479686591357,75.02492131879012,2208.498386148061,2287.8058864280333,2342.903544375321,2343.642359434044,2379.764892506638,2416.117380723352,2141.00450466731,2323.67580872934,2,20,4 Sverdrup,3 Sverdrup,10 Sverdrup,20 Sverdrup,0.2,0.2,1.8
control,3900.0,280.09916741138505,4672,3472,2936,4911,3756,3445,105.59056230140092,83.3741756679205,75.02321230647455,2208.4978543094026,2287.80425033737,2342.89965885259,2343.641789395783,2379.7621824034554,2416.110233471893,2141.002419370241,2323.672590125085,2,20,4 Sverdrup,3 Sverdrup,10 Sverdrup,20 Sverdrup,0.2,0.2,1.8
control,4000.0,280.1004841431514,4672,3472,2936,4911,3755,3445,105.5903440800911,83.37367727619484,75.0214570328642,2208.4968752365394,2287.802770181653,2342.895721335188,2343.640479862463,2379.759822397956,2416.1030124993263,2141.000195826944,2323.669082116589,2,20,4 Sverdrup,3 Sverdrup,10 Sverdrup,20 Sverdrup,0.2,0.2,1.8
control,4100.0,280.1017527455479,4672,3472,2936,4911,3756,3445,105.59000940383072,83.37490204793552,75.02052286627598,2208.495807287759,2287.8044530589705,2342.8933576505715,2343.638887573305,2379.763763854319,2416.098904902801,2140.9990414889,2323.6669063578893,2,20,4 Sverdrup,3 Sverdrup,10 Sverdrup,20 Sverdrup,0.2,0.2,1.8
control,4200.0,280.1029497573071,4672,3473,2936,4911,3756,3445,105.58962458962397,83.37572602478264,75.01975345752406,2208.494748905844,2287.8054187254443,2342.891339978524,2343.6372191686555,2379.766227066133,2416.09545384623,2140.997971244344,2323.6648725612827,2,20,4 Sverdrup,3 Sverdrup,10 Sverdrup,20 Sverdrup,0.2,0.2,1.8
control,4300.0,280.1040842340344,4672,3473,2936,4911,3756,3445,105.58920638765125,83.37623502368108,75.01910509326821,2208.4937009437317,2287.8058638960465,2342.8895826674216,2343.6355039531054,2379.767603482084,2416.092491150103,2140.9969104977204,2323.6628891088694,2,20,4 Sverdrup,3 Sverdrup,10 Sverdrup,20 Sverdrup,0.2,0.2,1.8
control,4400.0,280.10516445418773,4672,3473,2936,4911,3756,3445,105.58876655789736,83.37651028822421,75.01854564088536,2208.4926597033223,2287.805930720729,2342.8880213705847,2343.6337584014645,2379.768181159668,2416.08989171156,2140.995840629701,2323.6609292614007,2,20,4 Sverdrup,3 Sverdrup,10 Sverdrup,20 Sverdrup,0.2,0.2,1.8
control,4500.0,280.1061973695538,4672,3473,2936,4911,3756,3445,105.58831345553249,83.37661272929664,75.01805151065646,2208.49162075479,2287.80572186409,2342.8866078872284,2343.6319924967725,2379.7681721437407,2416.087562774916,2140.994755582993,2323.6589817100253,2,20,4 Sverdrup,3 Sverdrup,10 Sverdrup,20 Sverdrup,0.2,0.2,1.8
control,4600.0,280.1071886691238,4672,3473,2936,4911,3756,3445,105.58785310635672,83.37658791651387,75.01760546265248,2208.490580741579,2287.805311551324,2342.8853062327257,2343.630213284996,2379.7677326069384,2416.085435831475,2140.9936565702747,2323.657044403823,2,20,4 Sverdrup,3 Sverdrup,10 Sverdrup,20 Sverdrup,0.2,0.2,1.8
control,4700.0,280.1080473369846,4672,3473,2936,4911,3756,3445,105.58741308184874,83.37795790364572,75.01729410952004,2208.489639930214,2287.8074674049626,2342.8842978980174,2343.628563812165,2379.7723799993364,2416.0838577026607,2140.993018886831,2323.6557548808323,2,20,4 Sverdrup,3 Sverdrup,10 Sverdrup,20 Sverdrup,0.2,0.2,1.8
control,4800.0,280.10883207211225,4672,3473,2936,4911,3756,3445,105.58699003698176,83.37829581124996,75.01703227464698,2208.488750161689,2287.8077730840846,2342.88340892558,2343.62699206188,2379.7732927905427,2416.082490608217,2140.992261529548,2323.654360560486,2,20,4 Sverdrup,3 Sverdrup,10 Sverdrup,20 Sverdrup,0.2,0.2,1.8
control,4900.0,280.10951971192463,4672,3473,2936,4911,3756,3445,105.58659386074451,83.37904292206201,75.01684136991067,2208.487940182355,2287.8088662306563,2342.8826851918047,2343.6255424937217,2379.7757437200707,2416.0814224352093,2140.991690307392,2323.65325436329,2,20,4 Sverdrup,3 Sverdrup,10 Sverdrup,20 Sverdrup,0.2,0.2,1.8
control,5000.0,280.1102938641765,4672,3473,2936,4911,3756,3445,105.58618522333896,83.37693590813245,75.01652303393085,2208.4870220244334,2287.804784061349,2342.881711764021,2343.623967934432,2379.7678558306297,2416.079859852872,2140.9903351212133,2323.6511334848906,2,20,4 Sverdrup,3 Sverdrup,10 Sverdrup,20 Sverdrup,0.2,0.2,1.8
control,5100.0,280.1112758136984,4672,3472,2936,4911,3755,3445,105.58572594551238,83.37317904497337,75.01598310481823,2208.485852815195,2287.797695561744,2342.8802813887223,2343.6220667210514,2379.754018160516,2416.077419422565,2140.988210280398,2323.6479503564897,2,20,4 Sverdrup,3 Sverdrup,10 Sverdrup,20 Sverdrup,0.2,0.2,1.8
control,5200.0,280.11242244027966,4672,3472,2936,4911,3755,3445,105.58521175265524,83.3702987643008,75.01530677641931,2208.4844607571245,2287.792139354219,2342.8785573884,2343.619858830672,2379.7433213724826,2416.0744289713334,2140.985957167316,2323.64451903446,2,20,4 Sverdrup,3 Sverdrup,10 Sverdrup,20 Sverdrup,0.2,0.2,1.8
control,5300.0,280.1136910550191,4672,3472,2936,4911,3755,3445,105.58464529491862,83.36806341493045,75.01455313985781,2208.482888720981,2287.7876649782,2342.87665369294,2343.617389821077,2379.734864492124,2416.071114309999,2140.983671594219,2323.6409774870413,2,20,4 Sverdrup,3 Sverdrup,10 Sverdrup,20 Sverdrup,0.2,0.2,1.8
control,5400.0,280.115046251085,4672,3472,2936,4911,3755,3445,105.58403264294547,83.36629080159658,75.01376177283943,2208.48118053231,2287.7839536071483,2342.874648471917,2343.614711959023,2379.728001929685,2416.0676283986927,2140.9814015429097,2323.637403509304,2,20,4 Sverdrup,3 Sverdrup,10 Sverdrup,20 Sverdrup,0.2,0.2,1.8
control,5500.0,280.1164602043012,4672,3472,2936,4911,3755,3445,105.58338136133352,83.3648493298727,75.01295860480256,2208.479376489115,2287.780781365098,2342.872594823374,2343.6118766719715,2379.722273715222,2416.0640732456054,2140.979175566387,2323.633847335263,2,20,4 Sverdrup,3 Sverdrup,10 Sverdrup,20 Sverdrup,0.2,0.2,1.8
control,5600.0,280.1178691903969,4672,3472,2936,4911,3755,3444,105.5832756172161,83.36374917140904,75.01216929839697,2208.4784926500965,2287.778194333836,2342.870555607655,2343.610858188354,2379.7177448222246,2416.0605598090888,2140.977250172196,2323.63066106854,2,20,4 Sverdrup,3 Sverdrup,10 Sverdrup,20 Sverdrup,0.2,0.2,1.8
control,5700.0,280.11923934466483,4672,3472,2936,4911,3755,3444,105.5833808575885,83.36293816439876,75.01141243912448,2208.478002431826,2287.7761215804617,2342.86857654132,2343.6105717775954,2379.714248741781,2416.057168533174,2140.9755678478728,2323.627792551308,2,20,4 Sverdrup,3 Sverdrup,10 Sverdrup,20 Sverdrup,0.2,0.2,1.8
control,5800.0,280.1204306644631,4672,3472,2936,4911,3755,3444,105.5833448130377,83.36231966073456,75.01156398970197,2208.477418884509,2287.7744362559592,2342.8683643327927,2343.6099510128997,2379.711482376734,2416.0572819784065,2140.974645091447,2323.625963571459,2,20,4 Sverdrup,3 Sverdrup,10 Sverdrup,20 Sverdrup,0.2,0.2,1.8
control,5900.0,280.12191062399745,4672,3472,2936,4911,3755,3444,105.58183195302811,83.36156320973706,75.00950515985386,2208.474211987553,2287.772438252108,2342.863845566097,2343.6042886402597,2379.708154299309,2416.0488457173865,2140.9715806641548,2323.6213218173566,2,20,4 Sverdrup,3 Sverdrup,10 Sverdrup,20 Sverdrup,0.2,0.2,1.8
control,6000.0,280.12337523434235,4671,3472,2936,4911,3755,3444,105.57971458593704,83.36060370278292,75.00946968947954,2208.4700387235034,2287.77005996772,2342.8632234743823,2343.5966817655158,2379.704081387139,2416.0482139947803,2140.969571490688,2323.618000911323,2,20,4 Sverdrup,3 Sverdrup,10 Sverdrup,20 Sverdrup,0.2,0.2,1.8
control,6100.0,280.1247571192368,4671,3472,2936,4910,3755,3444,105.57784527329208,83.36004050017812,75.00932426139858,2208.466337257315,2287.7684173392045,2342.862355302517,2343.589959594909,2379.701468356848,2416.0470828373645,2140.967691828632,2323.614881671108,2,20,4 Sverdrup,3 Sverdrup,10 Sverdrup,20 Sverdrup,0.2,0.2,1.8
control,6200.0,280.1261765729972,4671,3472,2935,4910,3755,3444,105.57624908673796,83.36057408186952,75.00846650005765,2208.4630273812845,2287.7687177317507,2342.8601256118422,2343.584076522245,2379.702763985883,2416.0432539897497,2140.965579473156,2323.611460018584,2,20,4 Sverdrup,3 Sverdrup,10 Sverdrup,20 Sverdrup,0.2,0.2,1.8
control,6300.0,280.1275755000288,4671,3472,2935,4910,3755,3444,105.574861719311,83.36118308763714,75.00772695442066,2208.460071019099,2287.769147554492,2342.8581123598437,2343.578886920909,2379.704325870542,2416.03986609675,2140.963751477832,2323.6083940313,2,20,4 Sverdrup,3 Sverdrup,10 Sverdrup,20 Sverdrup,0.2,0.2,1.8
control,6400.0,280.1289205372159,4671,3472,2935,4910,3755,3444,105.5736779092932,83.36126332570862,75.00710111081453,2208.4575040487475,2287.768625071388,2342.856319489484,2343.5744161434336,2379.7039663589976,2416.0369137061007,2140.962078211715,2323.6055437044897,2,20,4 Sverdrup,3 Sverdrup,10 Sverdrup,20 Sverdrup,0.2,0.2,1.8
control,6500.0,280.130060921717,4671,3472,2935,4910,3755,3444,105.57384952386651,83.36260360972008,75.00662995567639,2208.457329919208,2287.770459615738,2342.8548647767666,2343.574558078378,2379.708250021145,2416.03459253125,2140.961372703398,2323.604002427372,2,20,4 Sverdrup,3 Sverdrup,10 Sverdrup,20 Sverdrup,0.2,0.2,1.8
control,6600.0,280.1309778950167,4671,3472,2935,4910,3755,3444,105.5746329250622,83.36372075359559,75.00628329945867,2208.4583269319373,2287.7719716143074,2342.853703790676,2343.576854338824,2379.7117873572565,2416.0327985654976,2140.9611438325537,2323.6031726963843,2,20,4 Sverdrup,3 Sverdrup,10 Sverdrup,20 Sverdrup,0.2,0.2,1.8
control,6700.0,280.1318520090724,4671,3472,2935,4910,3755,3444,105.575147331048,83.36251225262201,75.00589181688126,2208.45891918597,2287.769348130537,2342.8524846833698,2343.578294867265,2379.7069852003165,2416.0308575164304,2140.960345690949,2323.601666657978,2,20,4 Sverdrup,3 Sverdrup,10 Sverdrup,20 Sverdrup,0.2,0.2,1.8
control,6800.0,280.1326429518815,4671,3472,2935,4910,3755,3444,105.57546317218434,83.36248980582562,75.00554008276593,2208.459241228488,2287.7689611242413,2342.851377325528,2343.5791391903067,2379.706589241099,2416.029103253131,2140.959736187982,2323.6004477941774,2,20,4 Sverdrup,3 Sverdrup,10 Sverdrup,20 Sverdrup,0.2,0.2,1.8
control,6900.0,280.13328181570927,4671,3472,2935,4910,3755,3444,105.57565143465143,83.36377490095096,75.00531035686444,2208.459442938204,2287.770997229132,2342.850550676977,2343.5796516376627,2379.710961985667,2416.027860469302,2140.959528727308,2323.599814722799,2,20,4 Sverdrup,3 Sverdrup,10 Sverdrup,20 Sverdrup,0.2,0.2,1.8
control,7000.0,280.133794601241,4671,3472,2935,4910,3755,3444,105.57575253824444,83.36473498729328,75.00516618780048,2208.459563212228,2287.772496611609,2342.849930367371,2343.5799380326675,2379.7141910701007,2416.026984036685,2140.9593689322846,2323.59931434447,2,20,4 Sverdrup,3 Sverdrup,10 Sverdrup,20 Sverdrup,0.2,0.2,1.8
control,7100.0,280.13420633139896,4671,3472,2935,4910,3755,3444,105.5757946971852,83.3654394074486,75.00508031808167,2208.4596241504487,2287.7735941994656,2342.8494602134992,2343.5800674926445,2379.7165574851165,2416.026366301091,2140.959222026016,2323.598890861472,2,20,4 Sverdrup,3 Sverdrup,10 Sverdrup,20 Sverdrup,0.2,0.2,1.8
control,7200.0,280.13464306072484,4671,3472,2935,4910,3755,3444,105.5757883797448,83.36364292847453,75.00492608293348,2208.459565957086,2287.770205708611,2342.84886833388,2343.5800003007107,2379.7099333669867,2416.025493888172,2140.9584421878494,2323.5976749885435,2,20,4 Sverdrup,3 Sverdrup,10 Sverdrup,20 Sverdrup,0.2,0.2,1.8
control,7300.0,280.13527720916886,4671,3472,2935,4910,3755,3444,105.57567658766484,83.36042833544506,75.00454018529571,2208.459160416842,2287.764239747504,2342.8478161228363,2343.579421097446,2379.6981905266925,2416.023720625688,2140.9568931692843,2323.595405135956,2,20,4 Sverdrup,3 Sverdrup,10 Sverdrup,20 Sverdrup,0.2,0.2,1.8
control,7400.0,280.13600996221714,4671,3472,2935,4910,3755,3444,105.57547796100512,83.35904074585679,75.00408688212183,2208.4585085305343,2287.761522204316,2342.8466241726264,2343.5784586037707,2379.6929987544518,2416.0216821576323,2140.955511142112,2323.593288437063,2,20,4 Sverdrup,3 Sverdrup,10 Sverdrup,20 Sverdrup,0.2,0.2,1.8
control,7500.0,280.1367949543726,4671,3471,2935,4910,3755,3444,105.57522108364766,83.35796344507742,75.00361068326545,2208.45770348815,2287.759315158455,2342.845377678327,2343.577250516209,2379.688874647962,2416.0195465241827,2140.9541257913597,2323.5911375341047,2,20,4 Sverdrup,3 Sverdrup,10 Sverdrup,20 Sverdrup,0.2,0.2,1.8
control,7600.0,280.137614517768,4671,3471,2935,4910,3755,3444,105.574917509302,83.35710440386723,75.00312841554657,2208.456784961839,2287.7574587609283,2342.844109323421,2343.575854444324,2379.6854936752297,2416.0173782314205,2140.9527636648395,2323.588994098879,2,20,4 Sverdrup,3 Sverdrup,10 Sverdrup,20 Sverdrup,0.2,0.2,1.8
control,7700.0,280.1384556056111,4671,3471,2935,4910,3754,3444,105.57457746414876,83.356398437369,75.00265054735571,2208.455786617379,2287.755843416404,2342.8428403099683,2343.574319988385,2379.682629242064,2416.0152182281945,2140.951438110428,2323.5868814565547,2,20,4 Sverdrup,3 Sverdrup,10 Sverdrup,20 Sverdrup,0.2,0.2,1.8
control,7800.0,280.1393084453944,4671,3471,2935,4910,3754,3444,105.5742096483472,83.35579954430645,75.0021832465406,2208.4547353294097,2287.7543946282026,2342.8415838998185,2343.5726876546264,2379.68012415449,2416.013091365943,2140.9501526862737,2323.58480958008,2,20,4 Sverdrup,3 Sverdrup,10 Sverdrup,20 Sverdrup,0.2,0.2,1.8
control,7900.0,280.14016565904643,4671,3471,2935,4910,3754,3444,105.57382127736987,83.3552754423691,75.0017298265988,2208.4536516021058,2287.75306213,2342.8403479532844,2343.570989329957,2379.677870020941,2416.011011687941,2140.948905910707,2323.5827811691875,2,20,4 Sverdrup,3 Sverdrup,10 Sverdrup,20 Sverdrup,0.2,0.2,1.8
control,8000.0,280.1410216700988,4671,3471,2935,4910,3754,3444,105.57341823701888,83.35480361841884,75.00129175277696,2208.4525505544434,2287.751812218538,2342.839136737763,2343.569249488852,2379.675792542249,2416.0089861492074,2140.947694291457,2323.580795521136,2,20,4 Sverdrup,3 Sverdrup,10 Sverdrup,20 Sverdrup,0.2,0.2,1.8
control,8100.0,280.1419468858799,4671,3471,2935,4910,3754,3444,105.57273269863232,83.3543168797408,75.0005208560487,2208.4509436380017,2287.750509791304,2342.837270114585,2343.5665412248704,2379.673636079972,2416.0056684885294,2140.9461373089707,2323.578342498338,2,20,4 Sverdrup,3 Sverdrup,10 Sverdrup,20 Sverdrup,0.2,0.2,1.8
control,8200.0,280.1434533863052,4671,3471,2935,4910,3754,3444,105.57014080136868,83.35345742731084,74.9973273391522,2208.44581696202,2287.748373988367,2342.830648745872,2343.557198552264,2379.669980077819,2415.992966874162,2140.941916003575,2323.5722637309364,2,20,4 Sverdrup,3 Sverdrup,10 Sverdrup,20 Sverdrup,0.2,0.2,1.8
control,8300.0,280.1453490179661,4671,3471,2935,4910,3754,3443,105.5681307099694,83.35240084980391,74.99518525200618,2208.441455735353,2287.74574003028,2342.8260149893954,2343.5496195067767,2379.665481615247,2415.9843355729704,2140.9381742933024,2323.566562671466,2,20,4 Sverdrup,3 Sverdrup,10 Sverdrup,20 Sverdrup,0.2,0.2,1.8
control,8400.0,280.14710144826387,4671,3471,2935,4910,3754,3443,105.56713052159148,83.35145336679108,74.99496638784267,2208.438901903755,2287.743290183312,2342.825006967561,2343.545466550017,2379.661366561637,2415.9829402867435,2140.936395092058,2323.5633398359114,2,20,4 Sverdrup,3 Sverdrup,10 Sverdrup,20 Sverdrup,0.2,0.2,1.8
control,8500.0,280.148721336245,4671,3471,2935,4910,3754,3443,105.56595760893649,83.35051448177431,74.99498976996284,2208.436224073736,2287.740862611276,2342.8244604351967,2343.5409117360664,2379.657288267227,2415.9824655802145,2140.9346601191983,2323.560256941631,2,20,4 Sverdrup,3 Sverdrup,10 Sverdrup,20 Sverdrup,0.2,0.2,1.8
control,8600.0,280.15025324363734,4671,3471,2935,4910,3754,3443,105.5646880900069,83.34957305808308,74.99491095959317,2208.433438276921,2287.7384457125418,2342.8237146570136,2343.536082776803,2379.6532150788494,2415.9815973252894,2140.932807781309,2323.557086090122,2,20,4 Sverdrup,3 Sverdrup,10 Sverdrup,20 Sverdrup,0.2,0.2,1.8
control,8700.0,280.15168104769293,4671,3471,2935,4910,3754,3443,105.56389967047714,83.34871777794685,74.99475354632474,2208.431498850002,2287.736209197051,2342.822820107885,2343.532889966364,2379.649476884458,2415.980431160619,2140.93110469424,2323.554162963037,2,20,4 Sverdrup,3 Sverdrup,10 Sverdrup,20 Sverdrup,0.2,0.2,1.8
control,8800.0,280.1530196597229,4671,3471,2935,4910,3754,3443,105.5631408397503,83.347932198713,74.99453574281473,2208.429644165446,2287.734124510954,2342.821812893398,2343.5298233974763,2379.6460141806538,2415.9790376706337,2140.929463254361,2323.551367766706,2,20,4 Sverdrup,3 Sverdrup,10 Sverdrup,20 Sverdrup,0.2,0.2,1.8
control,8900.0,280.1542816030737,4671,3471,2935,4910,3754,3443,105.5624052189249,83.34816703543866,74.99430878497098,2208.427865671187,2287.733931823097,2342.8207949231946,2343.526869344078,2379.646311768995,2415.9776168650324,2140.928079933637,2323.5489371644453,2,20,4 Sverdrup,3 Sverdrup,10 Sverdrup,20 Sverdrup,0.2,0.2,1.8
control,9000.0,280.1553682059665,4671,3471,2935,4910,3754,3443,105.56172376478038,83.34904501074628,74.99414752731714,2208.4262777607946,2287.734890204504,2342.819927011154,2343.5241899985763,2379.648855037007,2415.976470431771,2140.927119897163,2323.547123310355,2,20,4 Sverdrup,3 Sverdrup,10 Sverdrup,20 Sverdrup,0.2,0.2,1.8
control,9100.0,280.1563146717177,4671,3471,2935,4910,3754,3443,105.56109959859846,83.34901133418226,74.99401501085087,2208.424864508488,2287.7342744768616,2342.8191396172056,2343.521775252994,2379.6481868589217,2415.9754568973613,2140.9261569909227,2323.545385102055,2,20,4 Sverdrup,3 Sverdrup,10 Sverdrup,20 Sverdrup,0.2,0.2,1.8
control,9200.0,280.1571295579081,4671,3471,2935,4910,3754,3443,105.56053395284022,83.34972605623749,74.99392236662004,2208.423623056739,2287.735103499824,2342.818459330034,2343.519624587779,2379.6503434438773,2415.974625531828,2140.9254912159745,2323.544090186309,2,20,4 Sverdrup,3 Sverdrup,10 Sverdrup,20 Sverdrup,0.2,0.2,1.8
control,9300.0,280.1578620912663,4671,3471,2935,4910,3754,3443,105.56002052080257,83.34977319373233,74.99381948308563,2208.4225090091086,2287.7347529742724,2342.817786175958,2343.5176846452505,2379.650082379814,2415.9737798754463,2140.924775016223,2323.5427791482207,2,20,4 Sverdrup,3 Sverdrup,10 Sverdrup,20 Sverdrup,0.2,0.2,1.8
control,9400.0,280.15853103783303,4671,3471,2935,4910,3754,3443,105.55955010281056,83.34887253465813,74.99370824448086,2208.421495199702,2287.7327405300557,2342.8171207245755,2343.5159137476635,2379.6464500281622,2415.972923904353,2140.923918682703,2323.5413321599367,2,20,4 Sverdrup,3 Sverdrup,10 Sverdrup,20 Sverdrup,0.2,0.2,1.8
control,9500.0,280.159382022001,4670,3471,2934,4910,3754,3443,105.55907121899524,83.34501963518171,74.99332503962484,2208.4203213297565,2287.725413475981,2342.815919494165,2343.5139748783204,2379.63220070739,2415.971013345073,2140.9220137864,2323.538494601401,2,20,4 Sverdrup,3 Sverdrup,10 Sverdrup,20 Sverdrup,0.2,0.2,1.8
control,9600.0,280.1602792478569,4670,3471,2934,4910,3754,3443,105.55858641978148,83.34415668542195,74.99289692459686,2208.4190876919733,2287.7234897951143,2342.814633044995,2343.5119689684407,2379.628779728387,2415.9689355297287,2140.920589558368,2323.53622807226,2,20,4 Sverdrup,3 Sverdrup,10 Sverdrup,20 Sverdrup,0.2,0.2,1.8
control,9700.0,280.16111839870985,4670,3471,2934,4910,3754,3443,105.55900164262265,83.34359693593153,74.99247680370071,2208.4193720540047,2287.7220874861205,2342.8133788499717,2343.512959531572,2379.626394983205,2415.9669047092734,2140.9195982091205,2323.534525427657,2,20,4 Sverdrup,3 Sverdrup,10 Sverdrup,20 Sverdrup,0.2,0.2,1.8
control,9800.0,280.16190251474507,4671,3471,2934,4910,3754,3443,105.55926184250124,83.34322021927049,74.9920766824431,2208.419432030198,2287.721027090115,2342.8121812927493,2343.513459116175,2379.624678558173,2415.964967821056,2140.918712009075,2323.5329812603677,2,20,4 Sverdrup,3 Sverdrup,10 Sverdrup,20 Sverdrup,0.2,0.2,1.8
control,9900.0,280.162640966562,4671,3471,2934,4910,3754,3443,105.55935682686912,83.34294855350247,74.99170123341098,2208.4192551439023,2287.7201725590558,2342.811048502189,2343.5134503048275,2379.623354756189,2415.963141810531,2140.917868970228,2323.531515776331,2,20,4 Sverdrup,3 Sverdrup,10 Sverdrup,20 Sverdrup,0.2,0.2,1.8
control,10000.0,280.1633384974273,4671,3471,2934,4910,3754,3443,105.55937368714557,83.3427404795894,74.99135174334907,2208.4189795663124,2287.7194515477167,2342.809982528359,2343.513214886624,2379.6222771868497,2415.961431144287,2140.9170690420774,2323.530126827194,2,20,4 Sverdrup,3 Sverdrup,10 Sverdrup,20 Sverdrup,0.2,0.2,1.8
control,10100.0,280.1640022562043,4671,3471,2934,4910,3754,3443,105.55928877808464,83.34256121941867,74.99102678628304,2208.4185577071057,2287.718800720993,2342.8089792855726,2343.5126657846545,2379.621320213588,2415.95982905398,2140.916284379764,2323.528776357952,2,20,4 Sverdrup,3 Sverdrup,10 Sverdrup,20 Sverdrup,0.2,0.2,1.8
control,10200.0,280.16456855218007,4671,3471,2934,4910,3754,3443,105.56007462335305,83.34256189000031,74.99073874625077,2208.4196380110966,2287.7185124983407,2342.8080770257707,2343.515048849426,2379.6210490242534,2415.9583968179672,2140.9159051867346,2323.527981586172,2,20,4 Sverdrup,3 Sverdrup,10 Sverdrup,20 Sverdrup,0.2,0.2,1.8
control,10300.0,280.16510888714066,4671,3471,2934,4910,3754,3443,105.56068582925754,83.34264324632731,74.98967407243381,2208.420441327312,2287.718390934379,2342.8056697748266,2343.516856338737,2379.621087337227,2415.953938112785,2140.915077218856,2323.5266388888203,2,20,4 Sverdrup,3 Sverdrup,10 Sverdrup,20 Sverdrup,0.2,0.2,1.8
control,10400.0,280.16579180543016,4671,3471,2934,4910,3754,3443,105.56103757549306,83.3427685290106,74.98794597379259,2208.4207195695603,2287.718335567956,2342.8020360383025,2343.517719768221,2379.6212701801483,2415.947038395252,2140.913565319512,2323.524380825719,2,20,4 Sverdrup,3 Sverdrup,10 Sverdrup,20 Sverdrup,0.2,0.2,1.8
control,10500.0,280.1669407867665,4671,3471,2934,4910,3754,3443,105.5610798520312,83.34283881218842,74.98505806831386,2208.420220298861,2287.7180707190496,2342.796130001408,2343.517312289606,2379.6211490440514,2415.935666904012,2140.91094224404,2323.5204767849777,2,20,4 Sverdrup,3 Sverdrup,10 Sverdrup,20 Sverdrup,0.2,0.2,1.8
control,10600.0,280.16836595608606,4671,3471,2934,4910,3754,3443,105.56091835513728,83.34283091201432,74.98256135559123,2208.4192788408764,2287.7175815872747,2342.7909273195096,2343.516134989369,2379.6206668319696,2415.9257447189398,2140.908394959386,2323.5164987421017,2,20,4 Sverdrup,3 Sverdrup,10 Sverdrup,20 Sverdrup,0.2,0.2,1.8
control,10700.0,280.1698030080138,4671,3471,2934,4910,3754,3443,105.5606321923739,83.34274858812111,74.98161124192441,2208.418203238756,2287.716936437473,2342.788684767054,2343.5146175883187,2379.619896050417,2415.921739157582,2140.9068035734144,2323.513692175953,2,20,4 Sverdrup,3 Sverdrup,10 Sverdrup,20 Sverdrup,0.2,0.2,1.8
control,10800.0,280.1710176066916,4671,3471,2934,4910,3754,3443,105.56030200859968,83.34261211130483,74.98212699755163,2208.417244695385,2287.7162390074955,2342.7892694570864,2343.5131377511148,2379.6189739117044,2415.923344737632,2140.906225113644,2323.512267452089,2,20,4 Sverdrup,3 Sverdrup,10 Sverdrup,20 Sverdrup,0.2,0.2,1.8
control,10900.0,280.1724197573728,4670,3470,2934,4910,3754,3443,105.55773868218525,83.34202399239051,74.98116343250338,2208.4124566603978,2287.71467445734,2342.7869533990024,2343.504163385316,2379.616371226944,2415.919198368817,2140.9036094937446,2323.5082278285568,2,20,4 Sverdrup,3 Sverdrup,10 Sverdrup,20 Sverdrup,0.2,0.2,1.8
control,11000.0,280.1735904082126,4670,3470,2934,4910,3754,3443,105.557739625938,83.34157580850965,74.98161258143516,2208.412036750913,2287.713398835326,2342.7873899078845,2343.503793600376,2379.614314742487,2415.9205297573085,2140.902743669817,2323.5064939032386,2,20,4 Sverdrup,3 Sverdrup,10 Sverdrup,20 Sverdrup,0.2,0.2,1.8
control,11100.0,280.1747213818775,4670,3470,2934,4909,3754,3443,105.55551356481416,83.34082847497741,74.98193377850681,2208.407894562645,2287.7115746772542,2342.7875499966203,2343.496011361988,2379.611167364903,2415.921320353315,2140.901097936432,2323.5038197347258,2,20,4 Sverdrup,3 Sverdrup,10 Sverdrup,20 Sverdrup,0.2,0.2,1.8
control,11200.0,280.1758200423523,4670,3470,2934,4909,3754,3443,105.5536330792344,83.33992382694932,74.98211825412415,2208.4042984782523,2287.7094516803354,2342.787432736044,2343.4893709488447,2379.607441386681,2415.9215745416764,2140.899340192143,2323.501033983729,2,20,4 Sverdrup,3 Sverdrup,10 Sverdrup,20 Sverdrup,0.2,0.2,1.8
control,11300.0,280.1768883510708,4670,3470,2934,4909,3753,3443,105.5520493642508,83.33895753386429,74.9821833386165,2208.4011479131323,2287.7071973563893,2342.7870716140387,2343.483661733959,2379.603475632862,2415.921358922282,2140.8975983517385,2323.498286274418,2,20,4 Sverdrup,3 Sverdrup,10 Sverdrup,20 Sverdrup,0.2,0.2,1.8
control,11400.0,280.1779289148433,4670,3470,2934,4909,3753,3443,105.55069798876627,83.33798826324583,74.98214773059645,2208.398352574331,2287.70491817554,2342.786504660405,2343.4786876293406,2379.5994813513767,2415.920746976641,2140.895915609193,2323.495625811225,2,20,4 Sverdrup,3 Sverdrup,10 Sverdrup,20 Sverdrup,0.2,0.2,1.8
control,11500.0,280.1789446530429,4670,3470,2934,4909,3753,3443,105.549529510967,83.3370501362821,74.9820295079446,2208.39584653502,2287.7026798268157,2342.785769518633,2343.474301454972,2379.595584956289,2415.9198105542137,2140.894307539884,2323.4930690488773,2,20,4 Sverdrup,3 Sverdrup,10 Sverdrup,20 Sverdrup,0.2,0.2,1.8
control,11600.0,280.1799382352844,4670,3470,2934,4909,3753,3443,105.54850572184736,83.33616126610406,74.98184512993326,2208.3935796534543,2287.7005208106057,2342.7849009296724,2343.470390234653,2379.59185697672,2415.918615501509,2140.8927760585498,2323.490616571268,2,20,4 Sverdrup,3 Sverdrup,10 Sverdrup,20 Sverdrup,0.2,0.2,1.8
control,11700.0,280.1809118107869,4670,3470,2934,4909,3753,3443,105.54759691391854,83.33532955025987,74.98160900371306,2208.391512421631,2287.6984615800934,2342.783929578205,2343.466865627368,2379.588331618702,2415.917219708126,2140.891316251284,2323.488261305766,2,20,4 Sverdrup,3 Sverdrup,10 Sverdrup,20 Sverdrup,0.2,0.2,1.8
control,11800.0,280.18194983799174,4670,3470,2934,4909,3753,3443,105.5472274387378,83.33202368235828,74.98124244960572,2208.390295852359,2287.691917212725,2342.782693193812,2343.465084765025,2379.575850898526,2415.915309322349,2140.8893755327917,2323.4852749597885,2,20,4 Sverdrup,3 Sverdrup,10 Sverdrup,20 Sverdrup,0.2,0.2,1.8
control,11900.0,280.18307238052734,4670,3470,2934,4909,3753,3443,105.54718646096542,83.32991664488915,74.98069189457895,2208.3895718487324,2287.687538507936,2342.7810874500574,2343.464321176079,2379.567729551124,2415.9126823975794,2140.887612528948,2323.4824581251464,2,20,4 Sverdrup,3 Sverdrup,10 Sverdrup,20 Sverdrup,0.2,0.2,1.8
control,12000.0,280.18422321793054,4670,3470,2934,4909,3753,3442,105.54701129335186,83.32832339448817,74.98009152178547,2208.388633282057,2287.684067082896,2342.779379211355,2343.463124031306,2379.561432796854,2415.909859296631,2140.8858851533328,2323.479667362882,2,20,4 Sverdrup,3 Sverdrup,10 Sverdrup,20 Sverdrup,0.2,0.2,1.8
control,12100.0,280.18526969863814,4670,3470,2934,4909,3753,3442,105.54676208982286,83.32894564871913,74.97959545836098,2208.38766568804,2287.684621641124,2342.7778889914675,2343.4617734396534,2379.563160082805,2415.9074538062355,2140.884783459649,2323.477706392357,2,20,4 Sverdrup,3 Sverdrup,10 Sverdrup,20 Sverdrup,0.2,0.2,1.8
control,12200.0,280.1863015397296,4670,3470,2934,4909,3753,3442,105.54644769734551,83.32812561008717,74.97909507028298,2208.3866209862736,2287.682559219349,2342.776394647948,2343.460238068509,2379.559633720518,2415.9050341989923,2140.8834243845536,2323.475432639059,2,20,4 Sverdrup,3 Sverdrup,10 Sverdrup,20 Sverdrup,0.2,0.2,1.8
control,12300.0,280.1872415951692,4670,3470,2933,4909,3753,3442,105.54610365263144,83.32865255226174,74.97868064433108,2208.385603977225,2287.682989361205,2342.775086433602,2343.4586789292152,2379.5610517703594,2415.9029643785884,2140.882465410199,2323.473705638817,2,20,4 Sverdrup,3 Sverdrup,10 Sverdrup,20 Sverdrup,0.2,0.2,1.8
control,12400.0,280.18818093997675,4670,3470,2933,4909,3753,3442,105.5457262025061,83.32774856945889,74.97824649424261,2208.384543237798,2287.680838465656,2342.7737468866662,2343.457020995868,2379.557283418,2415.900823889019,2140.881202497933,2323.471602706355,2,20,4 Sverdrup,3 Sverdrup,10 Sverdrup,20 Sverdrup,0.2,0.2,1.8
control,12500.0,280.1890406272648,4670,3470,2933,4909,3753,3442,105.54534180114958,83.32820811366975,74.97788587860563,2208.38352911212,2287.681209050339,2342.772570638056,2343.4553960082903,2379.558518305963,2415.8989867368664,2140.8803094640834,2323.470003666976,2,20,4 Sverdrup,3 Sverdrup,10 Sverdrup,20 Sverdrup,0.2,0.2,1.8
control,12600.0,280.1897898633681,4670,3470,2933,4909,3753,3442,105.5449690892121,83.32911163215267,74.97761957423282,2208.3826084838115,2287.68241393947,2342.7716043670425,2343.4538804963827,2379.561370585679,2415.89753769604,2140.8796795246108,2323.4687914655624,2,20,4 Sverdrup,3 Sverdrup,10 Sverdrup,20 Sverdrup,0.2,0.2,1.8
control,12700.0,280.1904474997052,4670,3470,2933,4909,3753,3442,105.54461405917714,83.32970297997795,74.97741557966484,2208.3817731054505,2287.683097060621,2342.770785530912,2343.4524766829777,2379.563128841605,2415.8963527029264,2140.879107379277,2323.4677031928622,2,20,4 Sverdrup,3 Sverdrup,10 Sverdrup,20 Sverdrup,0.2,0.2,1.8
control,12800.0,280.19103132443064,4670,3470,2933,4909,3753,3442,105.5442790992185,83.33006610701209,74.97725151546841,2208.381009724288,2287.683415217738,2342.7700697364785,2343.451175941206,2379.564111441539,2415.895345044689,2140.8785621032453,2323.466691868092,2,20,4 Sverdrup,3 Sverdrup,10 Sverdrup,20 Sverdrup,0.2,0.2,1.8
control,12900.0,280.1915560436534,4670,3470,2933,4909,3753,3442,105.54396451131136,83.33026665711728,74.97711218429562,2208.3803047430088,2287.683479584763,2342.769425836595,2343.449965770561,2379.564547458666,2415.894454889498,2140.8780288969547,2323.465731163163,2,20,4 Sverdrup,3 Sverdrup,10 Sverdrup,20 Sverdrup,0.2,0.2,1.8
control,13000.0,280.19203332787185,4670,3470,2933,4909,3753,3442,105.54366941210958,83.33035234159486,74.97698744701368,2208.379645769412,2287.683368514561,2342.7688320995303,2343.4488328092325,2379.564601011574,2415.893641417944,2140.8774995836075,2323.4648044118358,2,20,4 Sverdrup,3 Sverdrup,10 Sverdrup,20 Sverdrup,0.2,0.2,1.8
control,13100.0,280.19247231318707,4670,3470,2933,4909,3753,3442,105.54339233451788,83.33035768079911,74.97687069951756,2208.379022439901,2287.6831369337056,2342.768273494616,2343.4477646441874,2379.564389158564,2415.8928772123613,2140.876970899596,2323.463902250868,2,20,4 Sverdrup,3 Sverdrup,10 Sverdrup,20 Sverdrup,0.2,0.2,1.8
control,13200.0,280.1932076008062,4670,3470,2933,4909,3753,3442,105.54305261496783,83.33028102638119,74.97473000637316,2208.3780854773336,2287.6826954137905,2342.763794857753,2343.4462891379444,2379.5638230980603,2415.884318325235,2140.874868106556,2323.4608839722005,2,20,4 Sverdrup,3 Sverdrup,10 Sverdrup,20 Sverdrup,0.2,0.2,1.8
control,13300.0,280.1942894711809,4670,3470,2933,4909,3753,3442,105.54262076348968,83.33012096966337,74.97215749558752,2208.376790133944,2287.682006956118,2342.758461218501,2343.444313550721,2379.562864891854,2415.874107854174,2140.872235325177,2323.4570107600957,2,20,4 Sverdrup,3 Sverdrup,10 Sverdrup,20 Sverdrup,0.2,0.2,1.8
control,13400.0,280.19564143550315,4670,3470,2933,4909,3753,3442,105.54209929912928,83.3298809834806,74.96991054046025,2208.3752282165788,2287.681084224615,2342.753713142176,2343.4419303989907,2379.56153316175,2415.865114556259,2140.8696545440284,2323.453040358769,2,20,4 Sverdrup,3 Sverdrup,10 Sverdrup,20 Sverdrup,0.2,0.2,1.8
control,13500.0,280.1969324262734,4670,3470,2933,4909,3753,3442,105.5431050650661,83.3297845272786,74.96918443998295,2208.3762875043744,2287.680414240567,2342.7518800124703,2343.444681734299,2379.560716443191,2415.8619350874087,2140.868676808178,2323.451076970974,2,20,4 Sverdrup,3 Sverdrup,10 Sverdrup,20 Sverdrup,0.2,0.2,1.8
control,13600.0,280.19807948442195,4670,3470,2933,4909,3753,3442,105.54416435004607,83.32994899606426,74.96846706963545,2208.37759204815,2287.680250709693,2342.7501002418285,2343.447730446078,2379.5608718320127,2415.8588219787084,2140.86788293489,2323.449421029665,2,20,4 Sverdrup,3 Sverdrup,10 Sverdrup,20 Sverdrup,0.2,0.2,1.8
control,13700.0,280.19905962750187,4670,3470,2933,4909,3753,3442,105.54484157952908,83.33019273443352,74.96820662172006,2208.378412258513,2287.6802914685386,2342.749223475808,2343.4496660470186,2379.561369377768,2415.857474705723,2140.8673351119564,2323.4481710041764,2,20,4 Sverdrup,3 Sverdrup,10 Sverdrup,20 Sverdrup,0.2,0.2,1.8
control,13800.0,280.199796755468,4670,3470,2933,4909,3753,3442,105.54530801827228,83.3304458493169,74.96870184260082,2208.3790359790405,2287.680431803071,2342.7498376673816,2343.451055449356,2379.561978848035,2415.859057323347,2140.8673100431115,2323.4477132190577,2,20,4 Sverdrup,3 Sverdrup,10 Sverdrup,20 Sverdrup,0.2,0.2,1.8
control,13900.0,280.20045184557625,4670,3470,2933,4909,3753,3442,105.54559831207926,83.33067216108822,74.96841619232707,2208.379381998202,2287.680570363298,2342.74896491161,2343.4518794136698,2379.562535805501,2415.857646106125,2140.8666947540496,2323.4465785695315,2,20,4 Sverdrup,3 Sverdrup,10 Sverdrup,20 Sverdrup,0.2,0.2,1.8
control,14000.0,280.20086808170043,4670,3470,2933,4909,3753,3442,105.54579897733,83.33087004803575,74.96922390599221,2208.379687167126,2287.680731584663,2342.7502440914323,2343.4525123242297,2379.563060925667,2415.860489313341,2140.8668774953867,2323.446574365826,2,20,4 Sverdrup,3 Sverdrup,10 Sverdrup,20 Sverdrup,0.2,0.2,1.8
control,14100.0,280.20114781525234,4670,3470,2933,4909,3753,3442,105.54593206640762,83.33103528098565,74.96958510708001,2208.3799070280725,2287.680885111695,2342.7506828944365,2343.4529487102564,2379.5635173108267,2415.861620573642,2140.866807330982,2323.446337765001,2,20,4 Sverdrup,3 Sverdrup,10 Sverdrup,20 Sverdrup,0.2,0.2,1.8
control,14200.0,280.2014703838103,4670,3470,2933,4909,3753,3442,105.54551215288558,83.3310732241258,74.96917036135399,2208.379120145002,2287.6808071359287,2342.749636719716,2343.4514740491795,2379.563512574563,2415.8597870409226,2140.865974016296,2323.4451377046157,2,20,4 Sverdrup,3 Sverdrup,10 Sverdrup,20 Sverdrup,0.2,0.2,1.8
control,14300.0,280.20178656394665,4670,3470,2933,4909,3753,3442,105.5441485172202,83.33085025158996,74.96949907784303,2208.3767292316875,2287.68024915412,2342.7500249869267,2343.4468518918397,2379.562558161651,2415.8608224713566,2140.8652686836203,2323.4441039573435,2,20,4 Sverdrup,3 Sverdrup,10 Sverdrup,20 Sverdrup,0.2,0.2,1.8
control,14400.0,280.20217062802647,4670,3470,2933,4909,3753,3442,105.5439616634555,83.3289467788942,74.96903703764815,2208.376187145103,2287.676563409237,2342.748891505989,2343.4460091251703,2379.5553747526706,2415.858826228869,2140.864066585835,2323.4424112376587,2,20,4 Sverdrup,3 Sverdrup,10 Sverdrup,20 Sverdrup,0.2,0.2,1.8
control,14500.0,280.20279194109986,4670,3469,2933,4909,3753,3442,105.54223031503228,83.32415610262537,74.96938188026016,2208.372937566727,2287.6677179068447,2342.749237932913,2343.439952713836,2379.537951853417,2415.859838210913,2140.8620076785264,2323.439536250813,2,20,4 Sverdrup,3 Sverdrup,10 Sverdrup,20 Sverdrup,0.2,0.2,1.8
control,14600.0,280.20378593992103,4670,3469,2933,4909,3752,3442,105.54079223109252,83.3192316997723,74.969211880938,2208.3698668625266,2287.658471101907,2342.748509838412,2343.4345674144497,2379.519900280025,2415.858800996077,2140.8591820333627,2323.4355103953226,2,20,4 Sverdrup,3 Sverdrup,10 Sverdrup,20 Sverdrup,0.2,0.2,1.8
control,14700.0,280.2048705747273,4670,3469,2933,4909,3752,3442,105.53948423925232,83.31702720305312,74.96892184788098,2208.366923919343,2287.654044031623,2342.7475171727897,2343.4295257811937,2379.511574195211,2415.857275960396,2140.856783917423,2323.431961099991,2,20,4 Sverdrup,3 Sverdrup,10 Sverdrup,20 Sverdrup,0.2,0.2,1.8
control,14800.0,280.2059336819224,4670,3469,2933,4909,3752,3442,105.53837002486397,83.31705986358148,74.96861595854186,2208.3642976901638,2287.653536575868,2342.746460569421,2343.425117036986,2379.511179658951,2415.855660983096,2140.8550521767343,2323.4292380963543,2,20,4 Sverdrup,3 Sverdrup,10 Sverdrup,20 Sverdrup,0.2,0.2,1.8
control,14900.0,280.2069368869708,4669,3469,2933,4909,3752,3442,105.53740485072112,83.31687375416335,74.96831931837762,2208.361970308659,2287.652569784772,2342.7454029319,2343.4212477875926,2379.509905588123,2415.8540632400145,2140.853545635381,2323.4268165569315,2,20,4 Sverdrup,3 Sverdrup,10 Sverdrup,20 Sverdrup,0.2,0.2,1.8
control,15000.0,280.207894991921,4669,3469,2933,4909,3752,3442,105.53654582718248,83.31656578643607,74.96802198963783,2208.3598750832807,2287.651378280165,2342.744334896669,2343.417781231165,2379.5081892171306,2415.852454124594,2140.8521801428737,2323.424588432874,2,20,4 Sverdrup,3 Sverdrup,10 Sverdrup,20 Sverdrup,0.2,0.2,1.8
control,15100.0,280.20881530161955,4669,3469,2933,4909,3752,3442,105.53577428292868,83.31618520709962,74.96772078624569,2208.357981615666,2287.650066107803,2342.743255605897,2343.414656503761,2379.506221994164,2415.850826524087,2140.850917849769,2323.4225047799982,2,20,4 Sverdrup,3 Sverdrup,10 Sverdrup,20 Sverdrup,0.2,0.2,1.8
control,15200.0,280.20970363075975,4669,3469,2933,4908,3752,3442,105.5350745526041,83.31576504746148,74.96741479902447,2208.356259639149,2287.648702643016,2342.742167318175,2343.4118179930647,2379.5041319222087,2415.8491808086774,2140.849727084454,2323.4205250693203,2,20,4 Sverdrup,3 Sverdrup,10 Sverdrup,20 Sverdrup,0.2,0.2,1.8
control,15300.0,280.21056434668446,4669,3469,2933,4908,3752,3442,105.53443364459064,83.31532700541761,74.96710441663448,2208.354680853491,2287.6473324482904,2342.7410737443747,2343.4092165229813,2379.502002113992,2415.8475213036886,2140.848585043638,2323.418620098372,2,20,4 Sverdrup,3 Sverdrup,10 Sverdrup,20 Sverdrup,0.2,0.2,1.8
control,15400.0,280.2114006877745,4669,3469,2933,4908,3752,3442,105.53384092121412,83.31488495361533,74.96679070186354,2208.353220148998,2287.64598273031,2342.7399790836557,2343.406809977936,2379.4998844759048,2415.845854133941,2140.84747678773,2323.416770528993,2,20,4 Sverdrup,3 Sverdrup,10 Sverdrup,20 Sverdrup,0.2,0.2,1.8
control,15500.0,280.21221506622163,4669,3469,2933,4908,3752,3442,105.53328777123484,83.31444743521129,74.96647500146577,2208.3518561250416,2287.644668859115,2342.738887464864,2343.4045632396983,2379.497809646651,2415.8441859177638,2140.846393189091,2323.41496427952,2,20,4 Sverdrup,3 Sverdrup,10 Sverdrup,20 Sverdrup,0.2,0.2,1.8
control,15600.0,280.21300929740045,4669,3469,2933,4908,3752,3442,105.5327672888456,83.31401942184891,74.96615871045398,2208.350571084434,2287.6433983640454,2342.7378026361225,2343.402447634612,2379.495794100878,2415.84252300394,2140.8453290077164,2323.413194138804,2,20,4 Sverdrup,3 Sverdrup,10 Sverdrup,20 Sverdrup,0.2,0.2,1.8
control,15700.0,280.2137847636592,4669,3469,2933,4908,3752,3442,105.5322739761051,83.31360353882486,74.96584313800722,2208.349350718425,2287.642173764116,2342.736727812032,2343.4004401253287,2379.493845143024,2415.8408710604726,2140.844281430825,2323.4114559700984,2,20,4 Sverdrup,3 Sverdrup,10 Sverdrup,20 Sverdrup,0.2,0.2,1.8
control,15800.0,280.2144863466413,4669,3469,2933,4908,3752,3442,105.53203666907793,83.31385963359311,74.96557418731939,2208.348606904148,2287.642200704017,2342.735762774452,2343.399327446852,2379.494361000139,2415.839417196719,2140.8435388001258,2323.410136630049,2,20,4 Sverdrup,3 Sverdrup,10 Sverdrup,20 Sverdrup,0.2,0.2,1.8
control,15900.0,280.21500693844905,4669,3469,2933,4908,3752,3442,105.53227563619814,83.31538073508933,74.96543279050158,2208.3487724624497,2287.6445753359035,2342.735086391883,2343.3998989090505,2379.4995002378982,2415.838493475657,2140.843462338305,2323.4097412148494,2,20,4 Sverdrup,3 Sverdrup,10 Sverdrup,20 Sverdrup,0.2,0.2,1.8
control,16000.0,280.2156077834725,4669,3469,2933,4908,3752,3442,105.53191949359628,83.31513310559934,74.96460213068444,2208.347901066653,2287.6437501466967,2342.7330880025484,2343.398451734638,2379.498224592028,2415.834925721719,2140.8423611039275,2323.408032626897,2,20,4 Sverdrup,3 Sverdrup,10 Sverdrup,20 Sverdrup,0.2,0.2,1.8
control,16100.0,280.2163735623777,4669,3469,2932,4908,3752,3441,105.53221189311292,83.31627090084557,74.96251617520012,2208.3480084963307,2287.645435155061,2342.7286796120625,2343.3990609557186,2379.5019876053607,2415.8265538167348,2140.8408022604217,2323.405663506309,2,20,4 Sverdrup,3 Sverdrup,10 Sverdrup,20 Sverdrup,0.2,0.2,1.8
control,16200.0,280.21711661614734,4669,3469,2932,4908,3752,3441,105.5323608760854,83.31583320958681,74.96211172484185,2208.347926317173,2287.6442736825293,2342.727531409653,2343.3992349306386,2379.500036772363,2415.824679636792,2140.840057834172,2323.40431200828,2,20,4 Sverdrup,3 Sverdrup,10 Sverdrup,20 Sverdrup,0.2,0.2,1.8
control,16300.0,280.2180995741094,4669,3469,2932,4908,3752,3441,105.53233335061694,83.31676984000003,74.9597066986006,2208.3474274826126,2287.6455766878885,2342.7224982243,2343.3987094384647,2379.503057408196,2415.8150653763214,2140.8380609290466,2323.401270483209,2,20,4 Sverdrup,3 Sverdrup,10 Sverdrup,20 Sverdrup,0.2,0.2,1.8
control,16400.0,280.2193494324139,4669,3469,2932,4908,3752,3441,105.5321367171438,83.31610832785924,74.95756757142557,2208.3465194772257,2287.64390896698,2342.7179653260846,2343.397504520557,2379.5002031022727,2415.8064913954904,2140.835661367103,2323.3975807548386,2,20,4 Sverdrup,3 Sverdrup,10 Sverdrup,20 Sverdrup,0.2,0.2,1.8
control,16500.0,280.2206359214045,4669,3469,2932,4908,3752,3441,105.53183467927732,83.31744564896368,74.9560893010525,2208.345467624926,2287.6458561838263,2342.71469430076,2343.3959829271685,2379.504599112532,2415.800441048536,2140.834057072508,2323.3948503173187,2,20,4 Sverdrup,3 Sverdrup,10 Sverdrup,20 Sverdrup,0.2,0.2,1.8
control,16600.0,280.22179239145976,4669,3469,2932,4908,3752,3441,105.53148690516878,83.31835696371793,74.95575963563306,2208.344467220425,2287.6470365852806,2342.71364367205,2343.3944330534496,2379.5074312912725,2415.798800762699,2140.8331993249703,2323.3931152188507,2,20,4 Sverdrup,3 Sverdrup,10 Sverdrup,20 Sverdrup,0.2,0.2,1.8
control,16700.0,280.22283673919594,4669,3469,2932,4908,3752,3441,105.53111174278602,83.3189398748701,74.9554993244172,2208.343502479862,2287.647663640303,2342.712732689876,2343.392870740548,2379.509120118683,2415.7974153433174,2140.8323173600334,2323.391417977988,2,20,4 Sverdrup,3 Sverdrup,10 Sverdrup,20 Sverdrup,0.2,0.2,1.8
control,16800.0,280.2237857040101,4669,3469,2932,4908,3752,3441,105.53072153021938,83.31928071254706,74.95527697920916,2208.3425554869327,2287.647888681997,2342.711911095326,2343.3912998600777,2379.5099719070377,2415.7961907255035,2140.8313870821826,2323.389722470702,2,20,4 Sverdrup,3 Sverdrup,10 Sverdrup,20 Sverdrup,0.2,0.2,1.8
control,16900.0,280.2246540962447,4669,3469,2932,4908,3752,3441,105.53032529123855,83.31944424401262,74.95507706622386,2208.341616950577,2287.647821215454,2342.711144769302,2343.3897268904816,2379.5102124842106,2415.795063203168,2140.830431219987,2323.388046686739,2,20,4 Sverdrup,3 Sverdrup,10 Sverdrup,20 Sverdrup,0.2,0.2,1.8
control,17000.0,280.2254548417948,4669,3469,2932,4908,3752,3441,105.52992950546916,83.3194789073584,74.95488918623808,2208.340683590456,2287.6475411390384,2342.71041106192,2343.3881597191425,2379.5100088561303,2415.793990577916,2140.829468831896,2323.386405123136,2,20,4 Sverdrup,3 Sverdrup,10 Sverdrup,20 Sverdrup,0.2,0.2,1.8
control,17100.0,280.2261430781508,4669,3469,2932,4908,3752,3441,105.52955213895946,83.31942541877814,74.95505240170802,2208.3398138115203,2287.6471290467407,2342.710367938398,2343.386684914885,2379.5095142487985,2415.7942800108426,2140.828781761596,2323.385170922628,2,20,4 Sverdrup,3 Sverdrup,10 Sverdrup,20 Sverdrup,0.2,0.2,1.8
control,17200.0,280.22662212478184,4669,3469,2932,4908,3752,3441,105.52922461668553,83.31932194040493,74.95589870553043,2208.3391185273317,2287.646677697599,2342.7116652941254,2343.3854622088297,2379.508888771337,2415.7972117634013,2140.828673067522,2323.384773839894,2,20,4 Sverdrup,3 Sverdrup,10 Sverdrup,20 Sverdrup,0.2,0.2,1.8
control,17300.0,280.22701800256374,4669,3469,2932,4908,3752,3441,105.52937126929857,83.31926556616924,74.95588904709524,2208.339206942859,2287.6463390450344,2342.7113298690983,2343.385802420617,2379.50846055511,2415.79686101488,2140.828199642808,2323.383974295351,2,20,4 Sverdrup,3 Sverdrup,10 Sverdrup,20 Sverdrup,0.2,0.2,1.8
control,17400.0,280.2271603352412,4669,3469,2932,4908,3752,3441,105.53042723352762,83.319414501205,74.95660746248528,2208.3409187512016,2287.646441102454,2342.712453653808,2343.389250391785,2379.5088404001262,2415.7993731712468,2140.8287307559785,2323.3845621777505,2,20,4 Sverdrup,3 Sverdrup,10 Sverdrup,20 Sverdrup,0.2,0.2,1.8
control,17500.0,280.22737736183086,4669,3469,2932,4908,3752,3441,105.52983187115328,83.3194106373225,74.9561504664738,2208.3398073834446,2287.646262505857,2342.711309478265,2343.387153648999,2379.5086608295,2415.7973563849823,2140.827942128401,2323.3834755000285,2,20,4 Sverdrup,3 Sverdrup,10 Sverdrup,20 Sverdrup,0.2,0.2,1.8
control,17600.0,280.2275691109963,4669,3469,2932,4908,3752,3441,105.52978160410468,83.31939480956893,74.95609065386542,2208.3395958238134,2287.6460705383165,2342.7109527453904,2343.386871982023,2379.5084478901767,2415.796903277721,2140.8275616535216,2323.382911457168,2,20,4 Sverdrup,3 Sverdrup,10 Sverdrup,20 Sverdrup,0.2,0.2,1.8
control,17700.0,280.2275532588357,4669,3469,2932,4908,3752,3441,105.53070100844576,83.31955136161699,74.95677777220223,2208.341100421176,2287.6462453343534,2342.712070902146,2343.3898896175865,2379.5089109732994,2415.799348015465,2140.82820203565,2323.383723539413,2,20,4 Sverdrup,3 Sverdrup,10 Sverdrup,20 Sverdrup,0.2,0.2,1.8
control,17800.0,280.2276480328579,4669,3469,2932,4908,3752,3441,105.53001200605942,83.31953812685221,74.95629624806232,2208.3398466771228,2287.6460965448405,2342.710929745916,2343.3874975503672,2379.508741998494,2415.7972853116594,2140.8274922653363,2323.382803165856,2,20,4 Sverdrup,3 Sverdrup,10 Sverdrup,20 Sverdrup,0.2,0.2,1.8
control,17900.0,280.2277452428582,4669,3469,2932,4908,3752,3441,105.52989833268995,83.31950546400483,74.95621648812578,2208.3395371438182,2287.6459103930624,2342.710580233726,2343.3870144107696,2379.508502876766,2415.796799365332,2140.827165510625,2323.382359140502,2,20,4 Sverdrup,3 Sverdrup,10 Sverdrup,20 Sverdrup,0.2,0.2,1.8
control,18000.0,280.2276562455156,4669,3469,2932,4908,3752,3441,105.53077546762664,83.31964316565713,74.9568869345692,2208.340973998523,2287.646078406137,2342.71170719625,2343.389895430754,2379.508924049228,2415.79921928971,2140.827841552485,2323.383257177202,2,20,4 Sverdrup,3 Sverdrup,10 Sverdrup,20 Sverdrup,0.2,0.2,1.8
control,18100.0,280.2277317468988,4669,3469,2932,4908,3752,3441,105.5295510014508,83.31951967486825,74.95638313409994,2208.338807810799,2287.6457387167275,2342.710550865585,2343.385712141317,2379.508364683262,2415.797097666761,2140.8269406106665,2323.382112939661,2,20,4 Sverdrup,3 Sverdrup,10 Sverdrup,20 Sverdrup,0.2,0.2,1.8
control,18200.0,280.2280020395822,4669,3469,2932,4908,3752,3441,105.52799995688191,83.31905978287573,74.9558964402185,2208.3360029493715,2287.6447326249368,2342.709403770029,2343.380421233239,2379.506538308334,2415.795036021169,2140.8255635160262,2323.380281819924,2,20,4 Sverdrup,3 Sverdrup,10 Sverdrup,20 Sverdrup,0.2,0.2,1.8
control,18300.0,280.2282805628837,4669,3469,2932,4908,3752,3441,105.52757096649276,83.31700009655445,74.95611442031601,2208.3349680150477,2287.6408334391704,2342.709612457829,2343.378673550675,2379.4989533408725,2415.7956889996767,2140.8247817920987,2323.379172748896,2,20,4 Sverdrup,3 Sverdrup,10 Sverdrup,20 Sverdrup,0.2,0.2,1.8
control,18400.0,280.22885072820736,4669,3469,2932,4908,3752,3441,105.52712916202704,83.31105552433759,74.95610456737987,2208.333748529673,2287.62978431232,2342.7092931329826,2343.376754471706,2379.477173014507,2415.7953479778057,2140.8227399612374,2323.376341197891,2,20,4 Sverdrup,3 Sverdrup,10 Sverdrup,20 Sverdrup,0.2,0.2,1.8
control,18500.0,280.2297096846584,4669,3468,2932,4908,3752,3441,105.5266430765585,83.30667506025452,74.95577406767214,2208.3322574828767,2287.6215034224547,2342.708303684228,2343.3745000595154,2379.461064621212,2415.793747349833,2140.820391318323,2323.3729783974595,2,20,4 Sverdrup,3 Sverdrup,10 Sverdrup,20 Sverdrup,0.2,0.2,1.8
control,18600.0,280.2306275067483,4669,3468,2932,4908,3751,3441,105.5261439058227,83.30382349568137,74.95579230753542,2208.3307071565387,2287.615921784576,2342.707951911544,2343.3721668410885,2379.4504180334725,2415.793453230791,2140.818523959109,2323.370176527173,2,20,4 Sverdrup,3 Sverdrup,10 Sverdrup,20 Sverdrup,0.2,0.2,1.8
control,18700.0,280.23150495078227,4669,3468,2932,4908,3751,3441,105.52564808174016,83.30281921374251,74.95570481607578,2208.329194497356,2287.613561425845,2342.707367528362,2343.3698755197934,2379.4462731316708,2415.792721425819,2140.817087824161,2323.3679229787977,2,20,4 Sverdrup,3 Sverdrup,10 Sverdrup,20 Sverdrup,0.2,0.2,1.8
control,18800.0,280.232241416408,4669,3468,2932,4908,3751,3441,105.52518546511946,83.30384651426802,74.95564470386515,2208.327841353402,2287.6148951760583,2342.70683491278,2343.367793580508,2379.4495200468355,2415.7920956858534,2140.816294477644,2323.366539832992,2,20,4 Sverdrup,3 Sverdrup,10 Sverdrup,20 Sverdrup,0.2,0.2,1.8
control,18900.0,280.2328460738716,4669,3468,2932,4908,3751,3441,105.52476633043858,83.30453313912504,74.95562290899798,2208.326666268207,2287.615600233638,2342.706385581874,2343.365956049843,2379.451478141254,2415.791625192235,2140.8157077096157,2323.365478227812,2,20,4 Sverdrup,3 Sverdrup,10 Sverdrup,20 Sverdrup,0.2,0.2,1.8
control,19000.0,280.23334506860107,4669,3468,2932,4908,3752,3441,105.52439203815358,83.30496064439717,74.9556198261936,2208.325655631701,2287.615883563696,2342.70598590847,2343.364352183275,2379.4525481791097,2415.7912389763155,2140.815241968329,2323.3646225421912,2,20,4 Sverdrup,3 Sverdrup,10 Sverdrup,20 Sverdrup,0.2,0.2,1.8
control,19100.0,280.2337610794057,4669,3468,2932,4908,3752,3441,105.52406070310089,83.305207400757,74.95562310432322,2208.324789316445,2287.615891208531,2342.7056147347253,2343.3629594982576,2379.453016735169,2415.790892383985,2140.8148535176347,2323.3639077275984,2,20,4 Sverdrup,3 Sverdrup,10 Sverdrup,20 Sverdrup,0.2,0.2,1.8
control,19200.0,280.23411234159784,4669,3468,2932,4908,3752,3441,105.5237686087932,83.30532989800135,74.95562531715977,2208.3240445828787,2287.6157243559032,2342.705259080091,2343.361749906431,2379.4530861585927,2415.790558328196,2140.814509798808,2323.363284688614,2,20,4 Sverdrup,3 Sverdrup,10 Sverdrup,20 Sverdrup,0.2,0.2,1.8
control,19300.0,280.23441311040966,4669,3468,2932,4908,3752,3441,105.52351123232287,83.30536839780862,74.95562233001388,2208.3233990223557,2287.615451718572,2342.704911311221,2343.3606942702245,2379.452897410886,2415.7902213492507,2140.814189044961,2323.362719433572,2,20,4 Sverdrup,3 Sverdrup,10 Sverdrup,20 Sverdrup,0.2,0.2,1.8
control,19400.0,280.23467442992825,4669,3468,2932,4908,3752,3441,105.52328391092338,83.30535133758038,74.95561216382013,2208.322832412953,2287.6151189369943,2342.704567266353,2343.359765309625,2379.452547291816,2415.7898735723497,2140.81387831676,2323.3621902228974,2,20,4 Sverdrup,3 Sverdrup,10 Sverdrup,20 Sverdrup,0.2,0.2,1.8
control,19500.0,280.2349048390309,4669,3468,2932,4908,3752,3441,105.52308222531347,83.30529860227972,74.95559420829437,2208.3223275704954,2287.614755565754,2342.704224985452,2343.3589390665243,2379.4521012347936,2415.7895119354685,2140.8135707949928,2323.3616839511046,2,20,4 Sverdrup,3 Sverdrup,10 Sverdrup,20 Sverdrup,0.2,0.2,1.8
control,19600.0,280.2351109371602,4669,3468,2932,4908,3752,3441,105.52290218926272,83.3052239356919,74.95556868250051,2208.3218704999977,2287.614380155717,2342.7038838462818,2343.358195370952,2379.451602672732,2415.7891362953155,2140.8132634452245,2323.3611930778843,2,20,4 Sverdrup,3 Sverdrup,10 Sverdrup,20 Sverdrup,0.2,0.2,1.8
control,19700.0,280.23529782131624,4669,3468,2932,4908,3752,3441,105.52274031869716,83.3051367049244,74.95553627105807,2208.321450148504,2287.6140038786893,2342.703543983357,2343.357517721639,2379.451079801496,2415.788748151644,2140.8129553489835,2323.360713424266,2,20,4 Sverdrup,3 Sverdrup,10 Sverdrup,20 Sverdrup,0.2,0.2,1.8
control,19800.0,280.23546942233503,4669,3468,2932,4908,3752,3441,105.52259363189955,83.3050431830765,74.95549788438841,2208.321057979585,2287.613633065042,2342.703205907032,2343.356892879101,2379.4505504035496,2415.7883498085625,2140.8126466384733,2323.360242734376,2,20,4 Sverdrup,3 Sverdrup,10 Sverdrup,20 Sverdrup,0.2,0.2,1.8
control,19900.0,280.2356287652124,4669,3468,2932,4908,3752,3441,105.5224596140102,83.30494747571255,74.95545450567268,2208.3206875061146,2287.613270948732,2342.7028702635944,2343.3563103582856,2379.45002524815,2415.7879438423715,2140.812337875418,2323.35977979917,2,20,4 Sverdrup,3 Sverdrup,10 Sverdrup,20 Sverdrup,0.2,0.2,1.8
control,20000.0,280.23585904970275,4669,3468,2932,4908,3752,3441,105.52231666706064,83.30484563948315,74.95490641483157,2208.320249606097,2287.6128872875106,2342.7015635935,2343.355647964637,2379.449467994047,2415.785600355035,2140.8116409025515,2323.3587964784706,2,20,4 Sverdrup,3 Sverdrup,10 Sverdrup,20 Sverdrup,0.2,0.2,1.8
control,20100.0,280.23644246345816,4669,3468,2932,4908,3752,3441,105.52209122920912,83.30471270152431,74.95258071445068,2208.319450484894,2287.612361413972,2342.69680071584,2343.354498942644,2379.4487164104225,2415.776405355913,2140.809518844929,2323.355847467642,2,20,4 Sverdrup,3 Sverdrup,10 Sverdrup,20 Sverdrup,0.2,0.2,1.8
control,20200.0,280.2370070899371,4669,3468,2932,4908,3752,3441,105.5218540355686,83.30456302608383,74.95239148678546,2208.3186856378798,2287.611791173284,2342.696163483553,2343.353363255317,2379.447891217721,2415.775452849179,2140.8088483840625,2323.354702496576,2,20,4 Sverdrup,3 Sverdrup,10 Sverdrup,20 Sverdrup,0.2,0.2,1.8
control,20300.0,280.2379300694639,4669,3468,2932,4908,3751,3441,105.52151878746176,83.30436961287063,74.94987920823289,2208.317560967294,2287.6110487755304,2342.6909839706536,2343.3517156046123,2379.446819376259,2415.7654808312745,2140.806392557523,2323.3511375124285,2,20,4 Sverdrup,3 Sverdrup,10 Sverdrup,20 Sverdrup,0.2,0.2,1.8
control,20400.0,280.2391323737051,4669,3468,2931,4908,3751,3441,105.52108660363466,83.30412350406876,74.94767409291201,2208.3161503370884,2287.61011983017,2342.686372471964,2343.3496292932286,2379.445470519257,2415.7567006254235,2140.8039040603503,2323.347373476362,2,20,4 Sverdrup,3 Sverdrup,10 Sverdrup,20 Sverdrup,0.2,0.2,1.8
control,20500.0,280.2405477051948,4669,3468,2931,4908,3751,3440,105.52056463430613,83.30382041549935,74.94574013990373,2208.3145237683902,2287.6090101357763,2342.6822318725626,2343.347183490563,2379.4438421822465,2415.748908233594,2140.8014399964936,2323.3435123367644,2,20,4 Sverdrup,3 Sverdrup,10 Sverdrup,20 Sverdrup,0.2,0.2,1.8
control,20600.0,280.2421215779086,4669,3468,2931,4908,3751,3440,105.519961492018,83.30345924303003,74.9440300446569,2208.3127282311198,2287.607732397189,2342.67847824798,2343.344437799843,2379.441944445344,2415.741929707074,2140.798965688793,2323.3395455903533,2,20,4 Sverdrup,3 Sverdrup,10 Sverdrup,20 Sverdrup,0.2,0.2,1.8
control,20700.0,280.24377243021274,4669,3468,2931,4908,3751,3440,105.5192956537348,83.30304434114817,74.94273305839567,2208.31083514317,2287.6063166564354,2342.675485429846,2343.3414920950268,2379.439814202665,2415.736501543202,2140.796642486014,2323.33572203348,2,20,4 Sverdrup,3 Sverdrup,10 Sverdrup,20 Sverdrup,0.2,0.2,1.8
control,20800.0,280.2452719959158,4669,3468,2931,4908,3751,3440,105.5186255375382,83.30301899476744,74.94265519808395,2208.309070084917,2287.6056246445214,2342.6748338789967,2343.338661999569,2379.439111894246,2415.7357437423766,2140.7952560311146,2323.333145339078,2,20,4 Sverdrup,3 Sverdrup,10 Sverdrup,20 Sverdrup,0.2,0.2,1.8
control,20900.0,280.246538631708,4669,3468,2931,4908,3751,3440,105.5179861947018,83.30442333681529,74.94265768610053,2208.3075099937814,2287.607567080207,2342.6743463678845,2343.33608062287,2379.443621863666,2415.7352859662224,2140.794354264244,2323.3313023179417,2,20,4 Sverdrup,3 Sverdrup,10 Sverdrup,20 Sverdrup,0.2,0.2,1.8
control,21000.0,280.2477094987367,4668,3468,2931,4908,3751,3440,105.51736263413171,83.30377595086836,74.9425895924118,2208.306012893357,2287.605815558696,2342.6737263850578,2343.333586256338,2379.440708303376,2415.7345592010024,2140.793008096432,2323.3289700236014,2,20,4 Sverdrup,3 Sverdrup,10 Sverdrup,20 Sverdrup,0.2,0.2,1.8
control,21100.0,280.24870258632285,4668,3468,2931,4908,3752,3440,105.51678049936208,83.30472520439866,74.94256884371376,2208.304663512104,2287.6070276111805,2342.673218184537,2343.331303985827,2379.4436686639515,2415.734034889058,2140.7921185866944,2323.327308540453,2,20,4 Sverdrup,3 Sverdrup,10 Sverdrup,20 Sverdrup,0.2,0.2,1.8
control,21200.0,280.2496350547812,4668,3468,2931,4908,3751,3440,105.51640453471124,83.30379240376591,74.94246789726675,2208.303654855468,2287.604845038139,2342.672559441339,2343.3297010555234,2379.4398100246945,2415.7332055924508,2140.790897387588,2323.3252729599626,2,20,4 Sverdrup,3 Sverdrup,10 Sverdrup,20 Sverdrup,0.2,0.2,1.8
control,21300.0,280.25032920926435,4668,3468,2931,4908,3752,3440,105.51690619350158,83.30515615146746,74.94245539547607,2208.3042179166096,2287.606909221965,2342.6721131069307,2343.3311052241843,2379.444371007991,2415.732757176192,2140.790662416372,2323.3245920134423,2,20,4 Sverdrup,3 Sverdrup,10 Sverdrup,20 Sverdrup,0.2,0.2,1.8
control,21400.0,280.2508548587495,4668,3468,2931,4908,3752,3440,105.51725326514696,83.30579962103344,74.94247543887134,2208.304604729314,2287.60771113125,2342.671765507712,2343.332065257191,2379.4463353805504,2415.73246681851,2140.79045889016,2323.324042652974,2,20,4 Sverdrup,3 Sverdrup,10 Sverdrup,20 Sverdrup,0.2,0.2,1.8
control,21500.0,280.25134889368894,4668,3468,2931,4908,3752,3440,105.51746284264124,83.30474259219727,74.94241284113805,2208.3047605011748,2287.605484863479,2342.6712748577943,2343.3325702002207,2379.442203950262,2415.7318739037346,2140.789811005452,2323.3229653627104,2,20,4 Sverdrup,3 Sverdrup,10 Sverdrup,20 Sverdrup,0.2,0.2,1.8
control,21600.0,280.25169435036594,4669,3468,2931,4908,3752,3440,105.51759788896666,83.30595481274646,74.94243034890103,2208.304864894057,2287.607438932768,2342.670975988709,2343.3328995286697,2379.446374737678,2415.731625536398,2140.7897472769405,2323.3226971057384,2,20,4 Sverdrup,3 Sverdrup,10 Sverdrup,20 Sverdrup,0.2,0.2,1.8
control,21700.0,280.2519173202023,4669,3468,2931,4908,3752,3440,105.51768715496956,83.3068686924061,74.94249965913363,2208.304947951006,2287.6088782134007,2342.670811048832,2343.333130676561,2379.4494605790287,2415.7316075110607,2140.7897645008743,2323.322597473442,2,20,4 Sverdrup,3 Sverdrup,10 Sverdrup,20 Sverdrup,0.2,0.2,1.8
control,21800.0,280.252070914567,4669,3468,2931,4908,3752,3440,105.51774284348562,83.30712268085529,74.94257164653726,2208.304992956012,2287.609167053316,2342.6706779599394,2343.33326832408,2379.450204567101,2415.731624430516,2140.789679682679,2323.322413071955,2,20,4 Sverdrup,3 Sverdrup,10 Sverdrup,20 Sverdrup,0.2,0.2,1.8
control,21900.0,280.2522723653444,4669,3468,2931,4908,3752,3440,105.51775229266366,83.3057486050419,74.94253851887281,2208.304900911912,2287.606524582479,2342.670348223445,2343.3331960227465,2379.445081537028,2415.7312430853062,2140.7890971262445,2323.3215898549083,2,20,4 Sverdrup,3 Sverdrup,10 Sverdrup,20 Sverdrup,0.2,0.2,1.8
control,22000.0,280.2523880432138,4669,3468,2931,4908,3752,3440,105.5177518405659,83.30670758503038,74.94256918469154,2208.304822722529,2287.608143690181,2342.6701681970367,2343.3331204221377,2379.4484578063907,2415.731133814681,2140.78906855994,2323.3215022696786,2,20,4 Sverdrup,3 Sverdrup,10 Sverdrup,20 Sverdrup,0.2,0.2,1.8
control,22100.0,280.25243070960715,4669,3468,2931,4908,3752,3440,105.51775113264875,83.3074222689348,74.94264027879238,2208.3047694542456,2287.6093149573308,2342.670089636489,2343.3330683062186,2379.450914569525,2415.7312013863807,2140.7891045965875,2323.321534217119,2,20,4 Sverdrup,3 Sverdrup,10 Sverdrup,20 Sverdrup,0.2,0.2,1.8
control,22200.0,280.2524429840995,4669,3468,2931,4908,3752,3440,105.5177486980199,83.3075218906115,74.9427065109946,2208.304711766626,2287.6093901731915,2342.670018271041,2343.333009020093,2379.4511654045086,2415.731265462855,2140.78903076147,2323.321448620912,2,20,4 Sverdrup,3 Sverdrup,10 Sverdrup,20 Sverdrup,0.2,0.2,1.8
control,22300.0,280.252533846337,4669,3468,2931,4908,3752,3440,105.5177221080632,83.30602979385125,74.94266298031445,2208.3045420952994,2287.606577946166,2342.669731816532,2343.33280130713,2379.445659244301,2415.7309045000225,2140.7884561722803,2323.320702042397,2,20,4 Sverdrup,3 Sverdrup,10 Sverdrup,20 Sverdrup,0.2,0.2,1.8
control,22400.0,280.2525631586992,4669,3468,2931,4908,3752,3440,105.51770074288218,83.30689975934037,74.94268071083928,2208.304405345488,2287.608062479801,2342.669581482745,2343.332634243985,2379.4487402899463,2415.730797659432,2140.788434937299,2323.320675638807,2,20,4 Sverdrup,3 Sverdrup,10 Sverdrup,20 Sverdrup,0.2,0.2,1.8
control,22500.0,280.25253853260773,4669,3468,2931,4908,3752,3440,105.51768931055398,83.3075482150153,74.94273783508073,2208.304308227825,2287.609127391495,2342.669522757338,2343.3325220505226,2379.450971515345,2415.730856239996,2140.788478613984,2323.320757528583,2,20,4 Sverdrup,3 Sverdrup,10 Sverdrup,20 Sverdrup,0.2,0.2,1.8
control,22600.0,280.2524985079248,4669,3468,2931,4908,3752,3440,105.51768285612782,83.307599324894,74.94279008441927,2208.304218122681,2287.6091188385,2342.6694641958998,2343.332425010052,2379.4510515585625,2415.7309046229407,2140.788412891908,2323.320713300316,2,20,4 Sverdrup,3 Sverdrup,10 Sverdrup,20 Sverdrup,0.2,0.2,1.8
control,22700.0,280.25254883355564,4669,3468,2931,4908,3752,3440,105.5176565110754,83.30607225204334,74.94273321548158,2208.3040249211745,2287.6062408437097,2342.6691856204275,2343.332195283203,2379.445417171305,2415.730524575311,2140.7878466870898,2323.320001240073,2,20,4 Sverdrup,3 Sverdrup,10 Sverdrup,20 Sverdrup,0.2,0.2,1.8
control,22800.0,280.2525468198684,4669,3468,2931,4908,3752,3440,105.51763796364916,83.30691738925877,74.94273863922865,2208.303871509748,2287.6076738238894,2342.6690397798466,2343.3320171394053,2379.448402611576,2415.730397491201,2140.7878337727307,2323.3200036625017,2,20,4 Sverdrup,3 Sverdrup,10 Sverdrup,20 Sverdrup,0.2,0.2,1.8
control,22900.0,280.2524980479062,4669,3468,2931,4908,3752,3440,105.51763077184948,83.3075490043053,74.9427847095587,2208.303763004188,2287.608699048483,2342.66898332082,2343.331901318551,2379.4505643560065,2415.7304362065456,2140.787885492312,2323.320109687416,2,20,4 Sverdrup,3 Sverdrup,10 Sverdrup,20 Sverdrup,0.2,0.2,1.8
control,23000.0,280.25243946137914,4669,3468,2931,4908,3752,3440,105.51762921000656,83.30758891117759,74.94282722810608,2208.303665502202,2287.608659955428,2342.6689256058366,2343.331805567825,2379.450594289049,2415.7304660108293,2140.787827278911,2323.320085565619,2,20,4 Sverdrup,3 Sverdrup,10 Sverdrup,20 Sverdrup,0.2,0.2,1.8
control,23100.0,280.2524755523847,4669,3468,2931,4908,3752,3440,105.5176079104685,83.30605486151454,74.94276194096143,2208.303467876856,2287.605758797873,2342.668647033333,2343.3315802268603,2379.444924703181,2415.7300691947626,2140.787267917362,2323.319390202764,2,20,4 Sverdrup,3 Sverdrup,10 Sverdrup,20 Sverdrup,0.2,0.2,1.8
control,23200.0,280.25249348506685,4668,3468,2931,4908,3752,3440,105.51717428140282,83.30681939375225,74.9427534801756,2208.3025966910354,2287.607026643124,2342.6684807771985,2343.330003100626,2379.4476003444765,2415.7298949307587,2140.787083815702,2323.31917051355,2,20,4 Sverdrup,3 Sverdrup,10 Sverdrup,20 Sverdrup,0.2,0.2,1.8
control,23300.0,280.2526054897214,4668,3468,2931,4908,3752,3440,105.51529127969776,83.30705055674923,74.94275333807451,2208.2992628536463,2287.607264114777,2342.6683061061717,2343.3235876709327,2379.4482542943547,2415.7297285615696,2140.786286349555,2323.3181399012383,2,20,4 Sverdrup,3 Sverdrup,10 Sverdrup,20 Sverdrup,0.2,0.2,1.8
control,23400.0,280.2526798575891,4668,3468,2931,4908,3752,3440,105.51533375071762,83.30722560679801,74.9427617929967,2208.2991343917206,2287.6073981386253,2342.668149511864,2343.3235596948457,2379.4487102311487,2415.729596527538,2140.786064577967,2323.3178417364456,2,20,4 Sverdrup,3 Sverdrup,10 Sverdrup,20 Sverdrup,0.2,0.2,1.8
control,23500.0,280.25286557927643,4668,3468,2931,4907,3752,3440,105.51340731491564,83.30700242908175,74.9427448386831,2208.2956594173784,2287.6067707083,2342.667915502016,2343.316929053416,2379.447687398213,2415.7293396847017,2140.7851069589865,2323.31656993256,2,20,4 Sverdrup,3 Sverdrup,10 Sverdrup,20 Sverdrup,0.2,0.2,1.8
control,23600.0,280.253142656003,4668,3468,2931,4907,3752,3440,105.51185714591968,83.30655362457004,74.94268992896058,2208.292753634093,2287.605692992617,2342.6675797883054,2343.3115117299267,2379.445813466026,2415.7289101979954,2140.784059267619,2323.3151375937723,2,20,4 Sverdrup,3 Sverdrup,10 Sverdrup,20 Sverdrup,0.2,0.2,1.8
control,23700.0,280.2534908641524,4668,3468,2931,4907,3752,3440,105.5106042515047,83.30599194898356,74.9425944210061,2208.2902839811763,2287.6043696583583,2342.667140120509,2343.307017347649,2379.44349473962,2415.728300797558,2140.7830041615366,2323.313654100145,2,20,4 Sverdrup,3 Sverdrup,10 Sverdrup,20 Sverdrup,0.2,0.2,1.8
control,23800.0,280.25388848451416,4668,3468,2931,4907,3752,3440,105.50955466811156,83.30538683851948,74.94246521314307,2208.288118556166,2287.6029351341244,2342.6666154988197,2343.303159821653,2379.4409892323547,2415.7275433840614,2140.781960001144,2323.312154202629,2,20,4 Sverdrup,3 Sverdrup,10 Sverdrup,20 Sverdrup,0.2,0.2,1.8
control,23900.0,280.254482890108,4668,3468,2931,4907,3751,3440,105.51049285274075,83.2993797943027,74.94203689909072,2208.289111954793,2287.5916747966403,2342.6654735084035,2343.3057335878298,2379.418893537136,2415.7255968982345,2140.7800535110514,2323.309475295953,2,20,4 Sverdrup,3 Sverdrup,10 Sverdrup,20 Sverdrup,0.2,0.2,1.8
control,24000.0,280.2552338488265,4668,3468,2931,4907,3751,3440,105.51054909401432,83.29604828838357,74.94190093213174,2208.288553915369,2287.585234904724,2342.664862453175,2343.305280700062,2379.406500471823,2415.7247521700865,2140.778505805121,2323.3071511604185,2,20,4 Sverdrup,3 Sverdrup,10 Sverdrup,20 Sverdrup,0.2,0.2,1.8
control,24100.0,280.25605952372683,4668,3467,2931,4907,3751,3440,105.51102471827647,83.29238834421439,74.94178423528025,2208.2886983908083,2287.57817074471,2342.664236582364,2343.3062411222613,2379.3929139261268,2415.723912072709,2140.776856868304,2323.3046626862174,2,20,4 Sverdrup,3 Sverdrup,10 Sverdrup,20 Sverdrup,0.2,0.2,1.8
control,24200.0,280.2568861585472,4668,3467,2931,4907,3751,3440,105.51135985152284,83.28999395201207,74.94195762151347,2208.288614192897,2287.573332137865,2342.6641597653115,2343.306730071666,2379.3838130678896,2415.724198876666,2140.775602173077,2323.302664397528,2,20,4 Sverdrup,3 Sverdrup,10 Sverdrup,20 Sverdrup,0.2,0.2,1.8
control,24300.0,280.2574529185289,4668,3467,2931,4907,3751,3440,105.51157456714805,83.29137204995297,74.94228928013273,2208.288515620724,2287.57535356498,2342.664402776684,2343.3070008851514,2379.3883801458123,2415.7250937112885,2140.775477780506,2323.3022042223,2,20,4 Sverdrup,3 Sverdrup,10 Sverdrup,20 Sverdrup,0.2,0.2,1.8
control,24400.0,280.25798550486627,4668,3467,2931,4907,3751,3440,105.51167398142634,83.28955811914079,74.9424423777177,2208.288254052853,2287.5715777667942,2342.664298929653,2343.306919337375,2379.3813291873603,2415.7252976043737,2140.7746433894326,2323.3008824372614,2,20,4 Sverdrup,3 Sverdrup,10 Sverdrup,20 Sverdrup,0.2,0.2,1.8
control,24500.0,280.25831092843083,4668,3467,2931,4907,3751,3440,105.5117304353804,83.29106947291154,74.94266330485435,2208.288059659976,2287.5739204261376,2342.6643602489403,2343.30682940435,2379.3864468250104,2415.725797417332,2140.7746967089743,2323.3007759262373,2,20,4 Sverdrup,3 Sverdrup,10 Sverdrup,20 Sverdrup,0.2,0.2,1.8
control,24600.0,280.2586498036555,4668,3467,2931,4907,3751,3440,105.51172676994176,83.28933558826023,74.94273084363851,2208.287757868329,2287.570380309727,2342.664127016194,2343.306534146845,2379.37977023539,2415.725707948076,2140.774009161065,2323.2997431368235,2,20,4 Sverdrup,3 Sverdrup,10 Sverdrup,20 Sverdrup,0.2,0.2,1.8
control,24700.0,280.2588216799213,4668,3467,2931,4907,3751,3440,105.51171872849056,83.29089628126304,74.94288555673766,2208.28755903961,2287.5729020441377,2342.664097931732,2343.3063303548324,2379.385150967543,2415.725989980138,2140.7741786880238,2323.2998654775806,2,20,4 Sverdrup,3 Sverdrup,10 Sverdrup,20 Sverdrup,0.2,0.2,1.8
control,24800.0,280.259039786738,4668,3467,2931,4907,3751,3440,105.51167692784507,83.28919350431923,74.94290140970178,2208.287273245381,2287.569502154435,2342.663803074493,2343.3059856076147,2379.378666273988,2415.7257390203445,2140.773575866393,2323.299004962478,2,20,4 Sverdrup,3 Sverdrup,10 Sverdrup,20 Sverdrup,0.2,0.2,1.8
control,24900.0,280.2591171747303,4668,3467,2931,4907,3751,3440,105.5116483243384,83.2907746577571,74.94301549791025,2208.2871000600426,2287.572136341467,2342.6637334442444,2343.3057714320084,2379.3841925661377,2415.7259016230105,2140.7738031793065,2323.299252279905,2,20,4 Sverdrup,3 Sverdrup,10 Sverdrup,20 Sverdrup,0.2,0.2,1.8
control,25000.0,280.25926165159194,4668,3467,2931,4907,3751,3440,105.51159734859148,83.28908626563641,74.94299925137614,2208.2868426240243,2287.56882794599,2342.663413353532,2343.305438256929,2379.377822045708,2415.7255627706504,2140.7732373616486,2323.2984799088104,2,20,4 Sverdrup,3 Sverdrup,10 Sverdrup,20 Sverdrup,0.2,0.2,1.8
control,25100.0,280.2592818582375,4668,3467,2931,4907,3751,3440,105.51156668386894,83.29067835510519,74.94308789506233,2208.286696468801,2287.571537163836,2342.6633295093384,2343.305246475927,2379.3834404096483,2415.725661208264,2140.773486700853,2323.298787962235,2,20,4 Sverdrup,3 Sverdrup,10 Sverdrup,20 Sverdrup,0.2,0.2,1.8
control,25200.0,280.2593820643789,4668,3467,2931,4907,3751,3440,105.51151786486822,83.28899894406962,74.94305144699098,2208.286462678598,2287.568290318758,2342.663003027373,2343.3049396264573,2379.3771454147595,2415.7252760704805,2140.7729326545377,2323.298056548157,2,20,4 Sverdrup,3 Sverdrup,10 Sverdrup,20 Sverdrup,0.2,0.2,1.8
control,25300.0,280.2593680923349,4668,3467,2931,4907,3751,3440,105.51149165370896,83.29059883317704,74.94312405600752,2208.2863360062333,2287.57104987918,2342.6629182422325,2343.3047740908555,2379.3828264429344,2415.7253417013435,2140.7731870836665,2323.298391639115,2,20,4 Sverdrup,3 Sverdrup,10 Sverdrup,20 Sverdrup,0.2,0.2,1.8
control,25400.0,280.2594419792866,4668,3467,2931,4907,3751,3440,105.51144834333569,83.28892644427948,74.94307490076845,2208.2861175156604,2287.56784388308,2342.6625945073324,2343.3044912755336,2379.376583571543,2415.724933889913,2140.7726339970127,2323.297677658474,2,20,4 Sverdrup,3 Sverdrup,10 Sverdrup,20 Sverdrup,0.2,0.2,1.8
control,25500.0,280.25940778495584,4668,3467,2931,4907,3751,3440,105.51142792056392,83.29053274295009,74.9431374717085,2208.286002348689,2287.570636304337,2342.6625148586622,2343.304346616984,2379.3823079868216,2415.7249844329376,2140.7728870197006,2323.2980236985163,2,20,4 Sverdrup,3 Sverdrup,10 Sverdrup,20 Sverdrup,0.2,0.2,1.8
control,25600.0,280.2594661615576,4668,3467,2931,4907,3751,3440,105.5113902180679,83.28886622977373,74.94308042109346,2208.285792139077,2287.567456414021,2342.662197695612,2343.304081283984,2379.37610103195,2415.724567164719,2140.7723313237448,2323.2973163750967,2,20,4 Sverdrup,3 Sverdrup,10 Sverdrup,20 Sverdrup,0.2,0.2,1.8
control,25700.0,280.25942008315263,4668,3467,2931,4907,3751,3440,105.511374971079,83.29047788218189,74.94313681850441,2208.285682644286,2287.570269332379,2342.6621253657745,2343.303950874557,2379.381855059198,2415.724612388742,2140.7725812843137,2323.297666313744,2,20,4 Sverdrup,3 Sverdrup,10 Sverdrup,20 Sverdrup,0.2,0.2,1.8
control,25800.0,280.25946935533455,4668,3467,2931,4907,3751,3440,105.51134189560584,83.28881621608402,74.94307497513489,2208.285476080875,2287.567105281605,2342.6618157772205,2343.3036969166587,2379.3756723007546,2415.7241927930754,2140.7720225244857,2323.296961170632,2,20,4 Sverdrup,3 Sverdrup,10 Sverdrup,20 Sverdrup,0.2,0.2,1.8
control,25900.0,280.2594162932454,4668,3467,2931,4907,3751,3440,105.51133069459068,83.29043220969132,74.94312768546855,2208.285368720131,2287.569930266001,2342.6617509393677,2343.3035754453363,2379.381445995473,2415.7242378117407,2140.772269682041,2323.2973122799986,2,20,4 Sverdrup,3 Sverdrup,10 Sverdrup,20 Sverdrup,0.2,0.2,1.8
control,26000.0,280.2594601927838,4668,3467,2931,4907,3751,3440,105.51130110201552,83.28877440169902,74.94306303686442,2208.2851632078978,2287.566775224848,2342.66144853389,2343.303328429869,2379.3752790641543,2415.7238194716942,2140.7717085083227,2323.2966077592214,2,20,4 Sverdrup,3 Sverdrup,10 Sverdrup,20 Sverdrup,0.2,0.2,1.8
control,26100.0,280.2594029754215,4668,3467,2931,4907,3751,3440,105.51129286643558,83.29039378928672,74.94311364309878,2208.2850561615733,2287.5696068177263,2342.661390430529,2343.30321231434,2379.3810654407625,2415.723866714554,2140.7719536944182,2323.296959246833,2,20,4 Sverdrup,3 Sverdrup,10 Sverdrup,20 Sverdrup,0.2,0.2,1.8
control,26200.0,280.25942317484703,4668,3467,2931,4907,3751,3440,105.51127262646928,83.29032818620485,74.94193614030272,2208.284874508498,2287.569316590667,2342.6589514412376,2343.303003914047,2379.3806191923063,2415.719161841702,2140.771068986887,2323.295861928898,2,20,4 Sverdrup,3 Sverdrup,10 Sverdrup,20 Sverdrup,0.2,0.2,1.8
control,26300.0,280.25959326634245,4668,3467,2931,4907,3751,3440,105.51121697666552,83.29164270928212,74.94072567024915,2208.284535666888,2287.571552472473,2342.656457949318,2343.302584883352,2379.3852660307693,2415.714372788781,2140.7702837115726,2323.2948090285063,2,20,4 Sverdrup,3 Sverdrup,10 Sverdrup,20 Sverdrup,0.2,0.2,1.8
control,26400.0,280.2601818769207,4668,3467,2931,4907,3751,3440,105.51105760236716,83.29108241945849,74.93830925431695,2208.28377990268,2287.5702657498277,2342.651607018115,2343.3015897497075,2379.3829786566307,2415.704943049795,2140.7680526726463,2323.2917264134585,2,20,4 Sverdrup,3 Sverdrup,10 Sverdrup,20 Sverdrup,0.2,0.2,1.8
control,26500.0,280.26103530887207,4668,3467,2931,4907,3751,3440,105.51079791949364,83.2922104107787,74.93639666962034,2208.282783051362,2287.5719242040936,2342.647669852255,2343.3001933229666,2379.386682597272,2415.69738835646,2140.7664288600804,2323.289227832347,2,20,4 Sverdrup,3 Sverdrup,10 Sverdrup,20 Sverdrup,0.2,0.2,1.8
control,26600.0,280.26203110967333,4668,3467,2931,4907,3751,3440,105.5104692679881,83.29296035931856,74.93479113122481,2208.2816648794915,2287.572844483308,2342.6442900241354,2343.298563348539,2379.3889644527408,2415.6909750342743,2140.764835803908,2323.286680708144,2,20,4 Sverdrup,3 Sverdrup,10 Sverdrup,20 Sverdrup,0.2,0.2,1.8
control,26700.0,280.26313140559733,4668,3468,2930,4907,3751,3440,105.51007902258844,83.29341777842393,74.93342595232753,2208.280447419908,2287.5732028825187,2342.6413436909816,2343.2967334692426,2379.3901619474223,2415.6854525196177,2140.763215075604,2323.284039522587,2,20,4 Sverdrup,3 Sverdrup,10 Sverdrup,20 Sverdrup,0.2,0.2,1.8
control,26800.0,280.2643057553516,4668,3468,2930,4907,3751,3440,105.50963462518192,83.29365041486531,74.93224916684429,2208.279143298591,2287.5731304145133,2342.6387333602206,2343.294728455299,2379.3905270792275,2415.6806246402816,2140.7615464557903,2323.281299014797,2,20,4 Sverdrup,3 Sverdrup,10 Sverdrup,20 Sverdrup,0.2,0.2,1.8
control,26900.0,280.265529831551,4668,3468,2930,4907,3751,3439,105.50914362338428,83.29370948976829,74.93122028841873,2208.2777618909768,2287.5727249387705,2342.636382730572,2343.2925701487784,2379.390249199817,2415.6763382307126,2140.759828570176,2323.2784723438094,2,20,4 Sverdrup,3 Sverdrup,10 Sverdrup,20 Sverdrup,0.2,0.2,1.8
control,27000.0,280.2666040810101,4668,3468,2930,4907,3751,3440,105.50865701663672,83.29364868595226,74.93142415671151,2208.276500225735,2287.5721307033346,2342.636404950073,2343.290534258578,2379.389566742675,2415.6767838689047,2140.7589377649274,2323.27675823968,2,20,4 Sverdrup,3 Sverdrup,10 Sverdrup,20 Sverdrup,0.2,0.2,1.8
control,27100.0,280.26771721062204,4668,3468,2930,4907,3751,3439,105.50814243524916,83.29349025468744,74.93054643903382,2208.275151924889,2287.5713503796223,2342.6343145429064,2343.2883675682037,2379.388523700415,2415.673028391172,2140.7572166295167,2323.273998227195,2,20,4 Sverdrup,3 Sverdrup,10 Sverdrup,20 Sverdrup,0.2,0.2,1.8
control,27200.0,280.26868894154273,4668,3468,2930,4907,3751,3439,105.50764397676537,83.29326918019409,74.93077434996364,2208.273902693513,2287.5704824752597,2342.6343667847605,2343.2863234847905,2379.3872798723,2415.673548922223,2140.756262689342,2323.2722737868817,2,20,4 Sverdrup,3 Sverdrup,10 Sverdrup,20 Sverdrup,0.2,0.2,1.8
control,27300.0,280.2695282143528,4668,3467,2930,4907,3751,3439,105.50717080131336,83.29300881235521,74.93102694359379,2208.272749434938,2287.569573608603,2342.634459754405,2343.2844143551206,2379.385923451019,2415.674141226463,2140.7553966730798,2323.270734707418,2,20,4 Sverdrup,3 Sverdrup,10 Sverdrup,20 Sverdrup,0.2,0.2,1.8
control,27400.0,280.2702584340027,4668,3467,2930,4907,3751,3439,105.50672545875206,83.29272598084252,74.9312059883138,2208.271671038013,2287.568650474156,2342.634418025049,2343.2826242930005,2379.384511434361,2415.6744574703685,2140.754533150785,2323.269264429891,2,20,4 Sverdrup,3 Sverdrup,10 Sverdrup,20 Sverdrup,0.2,0.2,1.8
control,27500.0,280.2708994566973,4668,3467,2930,4907,3751,3440,105.50630901671612,83.29243304797036,74.9313230103244,2208.2706555238783,2287.56773086735,2342.634263618824,2343.2809436532434,2379.383083963219,2415.674542997154,2140.75369302828,2323.267875948953,2,20,4 Sverdrup,3 Sverdrup,10 Sverdrup,20 Sverdrup,0.2,0.2,1.8
control,27600.0,280.2714680682452,4668,3467,2930,4907,3751,3440,105.50592142570268,83.29213891328448,74.93138877149678,2208.269696753049,2287.5668270171723,2342.634016862777,2343.2793664687943,2379.3816693761264,2415.6744385787697,2140.7528911047475,2323.266576476004,2,20,4 Sverdrup,3 Sverdrup,10 Sverdrup,20 Sverdrup,0.2,0.2,1.8
control,27700.0,280.2719782011922,4668,3467,2930,4907,3751,3440,105.50556172704388,83.29184977314446,74.93141259260449,2208.268791110802,2287.5659472603907,2342.6336958830343,2343.277887637398,2379.380287230412,2415.674180029864,2140.7521327051686,2323.2653637772582,2,20,4 Sverdrup,3 Sverdrup,10 Sverdrup,20 Sverdrup,0.2,0.2,1.8
control,27800.0,280.27244119512005,4668,3467,2930,4907,3751,3440,105.50522829877316,83.29156973341242,74.93140245049283,2208.267935675469,2287.565097032468,2342.633316415384,2343.2765015909235,2379.378950396665,2415.673798211976,2140.7514171975427,2323.2642302206937,2,20,4 Sverdrup,3 Sverdrup,10 Sverdrup,20 Sverdrup,0.2,0.2,1.8
control,27900.0,280.2728661376054,4668,3467,2930,4907,3751,3440,105.50491909771374,83.29130130907937,74.93136509997251,2208.2671273985347,2287.564279527777,2342.6328918413237,2343.275201924609,2379.3776666257263,2415.6733193112136,2140.750740831528,2323.263165906854,2,20,4 Sverdrup,3 Sverdrup,10 Sverdrup,20 Sverdrup,0.2,0.2,1.8
control,28000.0,280.2732602310025,4668,3467,2930,4907,3751,3439,105.504631867328,83.29104583026358,74.93130620790119,2208.2663628601726,2287.5634961943706,2342.632433352027,2343.273981517505,2379.3764397821583,2415.672765261816,2140.750098583091,2323.262160601208,2,20,4 Sverdrup,3 Sverdrup,10 Sverdrup,20 Sverdrup,0.2,0.2,1.8
control,28100.0,280.2736291394825,4668,3467,2930,4907,3751,3439,105.50436429987444,83.29080376857488,74.93123048824302,2208.265638311528,2287.5627471380817,2342.631950174509,2343.272832848901,2379.375270841787,2415.6721542307,2140.749485244877,2323.261204792557,2,20,4 Sverdrup,3 Sverdrup,10 Sverdrup,20 Sverdrup,0.2,0.2,1.8
control,28200.0,280.2739772936223,4668,3467,2930,4907,3751,3439,105.50411415300196,83.29057499546941,74.93114183129761,2208.2649498312235,2287.5620314660955,2342.631449819038,2343.2717483462097,2379.3741587038685,2415.6715011105075,2140.748896006404,2323.2602901817463,2,20,4 Sverdrup,3 Sverdrup,10 Sverdrup,20 Sverdrup,0.2,0.2,1.8
control,28300.0,280.27430814608954,4668,3467,2930,4907,3751,3439,105.50387932658764,83.29035898301669,74.93104342326714,2208.264293502095,2287.561347580216,2342.6309383237394,2343.2707206844625,2379.3731008472155,2415.6708179906555,2140.748326712619,2323.259409826009,2,20,4 Sverdrup,3 Sverdrup,10 Sverdrup,20 Sverdrup,0.2,0.2,1.8
control,28400.0,280.2746243805665,4668,3467,2930,4907,3751,3439,105.50365790764482,83.29015495661668,74.9309378542689,2208.2636655632846,2287.5606934228863,2342.630420483248,2343.269743007878,2379.372093851113,2415.670114590147,2140.747773932934,2323.258558091759,2,20,4 Sverdrup,3 Sverdrup,10 Sverdrup,20 Sverdrup,0.2,0.2,1.8
control,28500.0,280.2747883085476,4668,3467,2930,4907,3751,3439,105.50348197311868,83.2921334209435,74.93097189985724,2208.2632112737065,2287.5640286070843,2342.6302041027034,2343.269009172366,2379.379020776969,2415.6699785691785,2140.747921371629,2323.258656602724,2,20,4 Sverdrup,3 Sverdrup,10 Sverdrup,20 Sverdrup,0.2,0.2,1.8
control,28600.0,280.27495502498,4668,3467,2930,4907,3751,3439,105.50332264196152,83.2915758348031,74.93096026449172,2208.262778966668,2287.5627674818584,2342.629907503223,2343.268324409425,2379.376737241214,2415.669672461114,2140.747548727858,2323.258109487356,2,20,4 Sverdrup,3 Sverdrup,10 Sverdrup,20 Sverdrup,0.2,0.2,1.8
control,28700.0,280.275140723862,4668,3467,2930,4907,3751,3439,105.50317147610215,83.29095057789159,74.93090448095373,2208.262341077188,2287.56142194418,2342.629531502861,2343.2676481615176,2379.37427810313,2415.669202781089,2140.7470725996764,2323.2574273554783,2,20,4 Sverdrup,3 Sverdrup,10 Sverdrup,20 Sverdrup,0.2,0.2,1.8
control,28800.0,280.2752026974259,4668,3467,2930,4907,3751,3439,105.50305850717562,83.29263210658887,74.93096403052202,2208.262042087013,2287.5642852343235,2342.629407369113,2343.267170095173,2379.380198641119,2415.669205050364,2140.7472582713795,2323.2576330200664,2,20,4 Sverdrup,3 Sverdrup,10 Sverdrup,20 Sverdrup,0.2,0.2,1.8
control,28900.0,280.2752902136102,4668,3467,2930,4907,3751,3439,105.5029541570657,83.291868074068,74.93096246795608,2208.261733005118,2287.562705415868,2342.6291697338816,2343.266696818257,2379.377224519196,2415.668974918548,2140.746900420384,2323.2571517847014,2,20,4 Sverdrup,3 Sverdrup,10 Sverdrup,20 Sverdrup,0.2,0.2,1.8
control,29000.0,280.2754144072896,4668,3467,2930,4907,3751,3439,105.50285012457424,83.29110097672333,74.93090735308604,2208.2613906275483,2287.56114697526,2342.628830669058,2343.2661921850554,2379.374296673336,2415.668541586229,2140.7464260689176,2323.256509594716,2,20,4 Sverdrup,3 Sverdrup,10 Sverdrup,20 Sverdrup,0.2,0.2,1.8
control,29100.0,280.2754285341422,4668,3467,2930,4907,3751,3439,105.50277705726552,83.2926864254392,74.93096221021163,2208.261164461591,2287.5638697652744,2342.6287291838257,2343.2658517203604,2379.379903290232,2415.668555975212,2140.7466079852966,2323.256740459463,2,20,4 Sverdrup,3 Sverdrup,10 Sverdrup,20 Sverdrup,0.2,0.2,1.8
control,29200.0,280.275478729874,4668,3467,2930,4907,3751,3439,105.502706209324,83.29185851642931,74.93095325091997,2208.260910407537,2287.562198588,2342.628505185834,2343.2654881276667,2379.3767224487624,2415.6683240336683,2140.7462453573344,2323.2562768307184,2,20,4 Sverdrup,3 Sverdrup,10 Sverdrup,20 Sverdrup,0.2,0.2,1.8
control,29300.0,280.27557371412,4668,3467,2930,4907,3751,3439,105.50263016207502,83.29105002572784,74.93088973141386,2208.260609551753,2287.5605818830554,2342.628174287404,2343.265070867776,2379.373661564517,2415.6678816999047,2140.7457674483026,2323.25564871892,2,20,4 Sverdrup,3 Sverdrup,10 Sverdrup,20 Sverdrup,0.2,0.2,1.8
control,29400.0,280.275564876968,4668,3467,2930,4907,3751,3439,105.50258040522128,83.29260963356829,74.93093621482515,2208.260414908458,2287.5632685417154,2342.6280778253727,2343.2648002532483,2379.37918538364,2415.6678841729517,2140.7459478248843,2323.255892187309,2,20,4 Sverdrup,3 Sverdrup,10 Sverdrup,20 Sverdrup,0.2,0.2,1.8
control,29500.0,280.27559691130426,4668,3467,2930,4907,3751,3439,105.5025289514233,83.29176651408197,74.93091950801892,2208.2601851007275,2287.561575901034,2342.627857194753,2343.264492882361,2379.375955621815,2415.667639996687,2140.745585676228,2323.255440561946,2,20,4 Sverdrup,3 Sverdrup,10 Sverdrup,20 Sverdrup,0.2,0.2,1.8
control,29600.0,280.2755376517228,4668,3467,2930,4907,3751,3439,105.5025028216089,83.29312138035968,74.930993854091,2208.2600519996467,2287.563909254642,2342.627832967762,2343.264321383294,2379.380755269476,2415.6677664972995,2140.7457963446186,2323.2557501958213,2,20,4 Sverdrup,3 Sverdrup,10 Sverdrup,20 Sverdrup,0.2,0.2,1.8
control,29700.0,280.27553086924473,4668,3467,2930,4907,3751,3439,105.50247290383729,83.29213142501601,74.93099228076622,2208.259872839043,2287.561969144546,2342.627658400897,2343.264099137033,2379.377014411692,2415.667596151149,2140.7454483559677,2323.255338697695,2,20,4 Sverdrup,3 Sverdrup,10 Sverdrup,20 Sverdrup,0.2,0.2,1.8
control,29800.0,280.27558205458416,4668,3467,2930,4907,3751,3439,105.50243191791787,83.29121120326656,74.93092876935442,2208.259631023483,2287.560168059465,2342.627358371992,2343.263798061524,2379.373568408605,2415.667183104823,2140.744976841096,2323.254744953451,2,20,4 Sverdrup,3 Sverdrup,10 Sverdrup,20 Sverdrup,0.2,0.2,1.8
control,29900.0,280.2755396728027,4668,3467,2930,4907,3751,3439,105.50241178195373,83.29269476594335,74.93097104391671,2208.2594820832537,2287.5627292141808,2342.627280560368,2343.2636216077904,2379.3788301182058,2415.6671948736025,2140.7451586445213,2323.2550107127363,2,20,4 Sverdrup,3 Sverdrup,10 Sverdrup,20 Sverdrup,0.2,0.2,1.8
control,30000.0,280.2755460463207,4668,3467,2930,4907,3751,3439,105.50238509659356,83.29180073559684,74.93094798662266,2208.2592871896454,2287.560951803013,2342.6270706966634,2343.2633898137547,2379.375424196852,2415.666948250861,2140.744795689968,2323.254573963694,2,20,4 Sverdrup,3 Sverdrup,10 Sverdrup,20 Sverdrup,0.2,0.2,1.8
control,30100.0,280.2754671637106,4668,3467,2930,4907,3751,3439,105.50237952422258,83.29312226399969,74.93101516764305,2208.259180577398,2287.563228394267,2342.6270522945697,2343.2632786617,2379.3801073044124,2415.667065996211,2140.745005098771,2323.2548942614644,2,20,4 Sverdrup,3 Sverdrup,10 Sverdrup,20 Sverdrup,0.2,0.2,1.8
control,30200.0,280.2754453753619,4668,3467,2930,4907,3751,3439,105.50236657961878,83.29211112749147,74.93100642845445,2208.259021510778,2287.5612506791376,2342.626880578969,2343.2631045418216,2379.376290946924,2415.666884075428,2140.744656307544,2323.254491137911,2,20,4 Sverdrup,3 Sverdrup,10 Sverdrup,20 Sverdrup,0.2,0.2,1.8
control,30300.0,280.2754850805162,4668,3467,2930,4907,3751,3439,105.50233955650631,83.29117804120106,74.93093622010666,2208.2587950365523,2287.5594250374525,2342.626581719605,2343.262841920264,2379.3727974666576,2415.6664587956266,2140.744184765837,2323.2539045117574,2,20,4 Sverdrup,3 Sverdrup,10 Sverdrup,20 Sverdrup,0.2,0.2,1.8
control,30400.0,280.2754339048679,4668,3467,2930,4907,3751,3439,105.50233087864014,83.29265435104932,74.93097250855017,2208.2586579528784,2287.5619704891765,2342.6265042218074,2343.262696321769,2379.3780306511458,2415.666458937285,2140.744367304182,2323.25417662618,2,20,4 Sverdrup,3 Sverdrup,10 Sverdrup,20 Sverdrup,0.2,0.2,1.8
control,30500.0,280.27543353605887,4668,3467,2930,4907,3751,3439,105.50231357852994,83.2917568223981,74.93094426087859,2208.2584723641244,2287.560183053328,2342.6262943023994,2343.2624894121545,2379.374608262928,2415.6662019231294,2140.744005630463,2323.2537456020027,2,20,4 Sverdrup,3 Sverdrup,10 Sverdrup,20 Sverdrup,0.2,0.2,1.8
control,30600.0,280.2753494449525,4668,3467,2930,4907,3751,3439,105.502315690608,83.29307700785395,74.93100707500403,2208.2583732111502,2287.562454247903,2342.626275822344,2343.2623984817283,2379.3792844425197,2415.6663109003625,2140.7442168026905,2323.254071244445,2,20,4 Sverdrup,3 Sverdrup,10 Sverdrup,20 Sverdrup,0.2,0.2,1.8
control,30700.0,280.27532362276463,4668,3467,2930,4907,3751,3439,105.50230903186704,83.29206641856986,74.93099472413071,2208.258220225914,2287.560473207327,2342.626104117854,2343.2622408846896,2379.375465289994,2415.6661217980736,2140.7438699065256,2323.253672888369,2,20,4 Sverdrup,3 Sverdrup,10 Sverdrup,20 Sverdrup,0.2,0.2,1.8
control,30800.0,280.27522038971176,4668,3468,2930,4907,3751,3439,105.50232093612313,83.29330579065928,74.93106628759433,2208.258147567401,2287.562608438772,2342.626109519863,2343.262191972512,2379.379860320344,2415.66627084546,2140.744086839383,2323.25401674342,2,20,4 Sverdrup,3 Sverdrup,10 Sverdrup,20 Sverdrup,0.2,0.2,1.8
control,30900.0,280.2751804163126,4668,3467,2930,4907,3751,3439,105.50232286909556,83.29223774418172,74.93105797263958,2208.2580149981686,2287.560532204454,2342.625951888874,2343.26206853326,2379.3758427616885,2415.666103116489,2140.7437395900047,2323.2536264184173,2,20,4 Sverdrup,3 Sverdrup,10 Sverdrup,20 Sverdrup,0.2,0.2,1.8
control,31000.0,280.27520666525953,4668,3467,2930,4907,3751,3439,105.50230827601932,83.2912651097645,74.93098585562835,2208.2578085472014,2287.5586387149283,2342.625660674751,2343.2618462305404,2379.37221084916,2415.6656812733254,2140.743266344295,2323.253045934487,2,20,4 Sverdrup,3 Sverdrup,10 Sverdrup,20 Sverdrup,0.2,0.2,1.8
control,31100.0,280.27514563786235,4668,3467,2930,4907,3751,3439,105.50230983444952,83.29271451352479,74.93101898338372,2208.2576861920597,2287.561137601857,2342.6255866531515,2343.2617321497714,2379.3773495719456,2415.665678404126,2140.743445850208,2323.25332045966,2,20,4 Sverdrup,3 Sverdrup,10 Sverdrup,20 Sverdrup,0.2,0.2,1.8
control,31200.0,280.2751381772488,4668,3467,2930,4907,3751,3439,105.5023008626448,83.29179902033364,74.9309870074955,2208.257511181536,2287.559317815036,2342.6253775609225,2343.261549540259,2379.3738623798567,2415.6654147347285,2140.743080869274,2323.252889849403,2,20,4 Sverdrup,3 Sverdrup,10 Sverdrup,20 Sverdrup,0.2,0.2,1.8
control,31300.0,280.2750490991482,4668,3467,2930,4907,3751,3439,105.50230968182514,83.29310719134313,74.93104596164353,2208.257419470825,2287.5615666387607,2342.6253583051007,2343.261477149453,2379.378494694021,2415.665515274839,2140.7432890416176,2323.253214981792,2,20,4 Sverdrup,3 Sverdrup,10 Sverdrup,20 Sverdrup,0.2,0.2,1.8
control,31400.0,280.27501989156195,4668,3467,2930,4907,3751,3439,105.5023083723266,83.29208877925619,74.93102988030148,2208.2572716200534,2287.559570095781,2342.625184918372,2343.261333572412,2379.3746461210194,2415.66531713552,2140.7429396450434,2323.25281572024,2,20,4 Sverdrup,3 Sverdrup,10 Sverdrup,20 Sverdrup,0.2,0.2,1.8
control,31500.0,280.27505426347994,4668,3467,2930,4907,3751,3439,105.5022907179676,83.29115181036867,74.9309532953651,2208.257053669484,2287.557732432172,2342.62488412302,2343.2610950584376,2379.37113428484,2415.664877312922,2140.742468096787,2323.252232371728,2,20,4 Sverdrup,3 Sverdrup,10 Sverdrup,20 Sverdrup,0.2,0.2,1.8
control,31600.0,280.2749993116207,4668,3467,2930,4907,3751,3439,105.50228955524835,83.29262676827645,74.93098416221152,2208.2569231435955,2287.5602704612998,2342.624804745452,2343.2609685294337,2379.376358224898,2415.664864870439,2140.74265104499,2323.2525072912485,2,20,4 Sverdrup,3 Sverdrup,10 Sverdrup,20 Sverdrup,0.2,0.2,1.8
control,31700.0,280.2749963383633,4668,3467,2930,4907,3751,3439,105.50227825545262,83.29172952274448,74.9309513669953,2208.256742648921,2287.5584781904363,2342.6245931342214,2343.2607767104278,2379.3729314546536,2415.6645971906964,2140.7422899366047,2323.25207852845,2,20,4 Sverdrup,3 Sverdrup,10 Sverdrup,20 Sverdrup,0.2,0.2,1.8
control,31800.0,280.2749105122132,4668,3467,2930,4907,3751,3439,105.50228513618322,83.29305067065697,74.93101041262291,2208.25664748888,2287.560746473629,2342.624573218872,2343.2606977193227,2379.3776066469577,2415.6646972988474,2140.742501725341,2323.2524059532466,2,20,4 Sverdrup,3 Sverdrup,10 Sverdrup,20 Sverdrup,0.2,0.2,1.8
control,31900.0,280.2748835952356,4668,3467,2930,4907,3751,3439,105.502282247159,83.2920414602688,74.93099497074935,2208.2564976537465,2287.5587637956937,2342.6244003514184,2343.26054955412,2379.373788530806,2415.6645009365243,2140.7421554092944,2323.252008941084,2,20,4 Sverdrup,3 Sverdrup,10 Sverdrup,20 Sverdrup,0.2,0.2,1.8
control,32000.0,280.2747797337386,4668,3468,2930,4907,3751,3439,105.50229711353664,83.29328238178505,74.93106402094558,2208.256427488393,2287.56089821279,2342.624404848178,2343.2605080699723,2379.3781856972123,2415.664644119313,2140.742372834971,2323.252353748686,2,20,4 Sverdrup,3 Sverdrup,10 Sverdrup,20 Sverdrup,0.2,0.2,1.8
control,32100.0,280.27473946837074,4668,3467,2930,4907,3751,3439,105.50230135781122,83.2922158840489,74.93105367655086,2208.256296891205,2287.5588216732995,2342.624246539022,2343.260390451964,2379.3741707593854,2415.664471705525,2140.742025966249,2323.2519640370406,2,20,4 Sverdrup,3 Sverdrup,10 Sverdrup,20 Sverdrup,0.2,0.2,1.8
control,32200.0,280.274765664212,4668,3467,2930,4907,3751,3439,105.50228855333953,83.29124470454789,74.93097993027507,2208.256091993433,2287.5569281834414,2342.623954837461,2343.260172679701,2379.370541578505,2415.664046155648,2140.741552986312,2323.2513838834543,2,20,4 Sverdrup,3 Sverdrup,10 Sverdrup,20 Sverdrup,0.2,0.2,1.8
control,32300.0,280.274704750484,4668,3467,2930,4907,3751,3439,105.50229148217863,83.29269541794356,74.93101175586429,2208.2559708517374,2287.559427239716,2342.623880482613,2343.260062092239,2379.375682920637,2415.6640403774804,2140.741732651689,2323.2516585110534,2,20,4 Sverdrup,3 Sverdrup,10 Sverdrup,20 Sverdrup,0.2,0.2,1.8
control,32400.0,280.2746975176488,4668,3467,2930,4907,3751,3439,105.50228354749916,83.29178106275648,74.93097874211875,2208.2557967776406,2287.5576076982416,2342.6236711772176,2343.2598821435863,2379.3721981009635,2415.663774439756,2140.7413677381423,2323.2512278248973,2,20,4 Sverdrup,3 Sverdrup,10 Sverdrup,20 Sverdrup,0.2,0.2,1.8
control,32500.0,280.2746087521737,4668,3467,2930,4907,3751,3439,105.50229313703782,83.29309021173773,74.93103686054255,2208.2557057673225,2287.5598565156542,2342.623651777752,2343.259811733589,2379.376831941121,2415.663873179457,2140.7415758567663,2323.251552683816,2,20,4 Sverdrup,3 Sverdrup,10 Sverdrup,20 Sverdrup,0.2,0.2,1.8
control,32600.0,280.2745798935195,4668,3467,2930,4907,3751,3439,105.50229239107824,83.29207247397719,74.93102012495588,2208.2555584442343,2287.557860558756,2342.6234783405444,2343.2596696200767,2379.3729857820517,2415.663673690565,2140.741226436058,2323.2511531656805,2,20,4 Sverdrup,3 Sverdrup,10 Sverdrup,20 Sverdrup,0.2,0.2,1.8
control,32700.0,280.2746146420752,4668,3467,2930,4907,3751,3439,105.5022751364497,83.2911363016538,74.93094301741478,2208.2553408738486,2287.556023090218,2342.6231775375686,2343.2594321496395,2379.3694753289783,2415.6632328205724,2140.74075478689,2323.250569450158,2,20,4 Sverdrup,3 Sverdrup,10 Sverdrup,20 Sverdrup,0.2,0.2,1.8
control,32800.0,280.27456009020943,4668,3467,2930,4907,3751,3439,105.50227424322884,83.29261178076209,74.93097345541892,2208.2552106000203,2287.558561024645,2342.623098160458,2343.2593063198806,2379.3746998677148,2415.6632195244524,2140.7409375599022,2323.250843898599,2,20,4 Sverdrup,3 Sverdrup,10 Sverdrup,20 Sverdrup,0.2,0.2,1.8
control,32900.0,280.27455750997024,4668,3467,2930,4907,3751,3439,105.50226311567582,83.29171480972138,74.93094032496322,2208.2550302750933,2287.5567692239733,2342.622886594455,2343.25911495588,2379.3712746523947,2415.6629512210143,2140.740576346658,2323.250414756015,2,20,4 Sverdrup,3 Sverdrup,10 Sverdrup,20 Sverdrup,0.2,0.2,1.8
control,33000.0,280.2744720835077,4668,3467,2930,4907,3751,3439,105.50227009032815,83.29303641729913,74.93099908768981,2208.2549352037736,2287.559037333805,2342.6228667113896,2343.259036208913,2379.3759499734592,2415.663050796232,2140.740787944703,2323.2507416910053,2,20,4 Sverdrup,3 Sverdrup,10 Sverdrup,20 Sverdrup,0.2,0.2,1.8
control,33100.0,280.27444554928826,4668,3467,2930,4907,3751,3439,105.50226723893152,83.29202730588426,74.93098342258355,2208.2547854128143,2287.557055028581,2342.622693903725,2343.2588881494703,2379.372132960685,2415.662854046893,2140.740441517503,2323.250344297177,2,20,4 Sverdrup,3 Sverdrup,10 Sverdrup,20 Sverdrup,0.2,0.2,1.8
control,33200.0,280.274342071118,4668,3468,2930,4907,3751,3439,105.5022820969212,83.29326852930772,74.93105227535688,2208.2547152416214,2287.559189190966,2342.622698435431,2343.2588466448783,2379.376529883446,2415.662996869325,2140.7406587568767,2323.250688629495,2,20,4 Sverdrup,3 Sverdrup,10 Sverdrup,20 Sverdrup,0.2,0.2,1.8
control,33300.0,280.27430216868004,4668,3467,2930,4907,3751,3439,105.50228630186965,83.29220200206287,74.93104177264345,2208.2545846193107,2287.557112958224,2342.622540180961,2343.25872893538,2379.372515746178,2415.6628241927915,2140.740311789078,2323.250298561968,2,20,4 Sverdrup,3 Sverdrup,10 Sverdrup,20 Sverdrup,0.2,0.2,1.8
control,33400.0,280.2743287176571,4668,3467,2930,4907,3751,3439,105.50227343391155,83.29123101163952,74.93096788670987,2208.2543796758737,2287.5552194042325,2342.622248523204,2343.2585110108457,2379.368886561473,2415.662398406382,2140.739838682113,2323.2497180227165,2,20,4 Sverdrup,3 Sverdrup,10 Sverdrup,20 Sverdrup,0.2,0.2,1.8
control,33500.0,280.27426815660544,4668,3467,2930,4907,3751,3439,105.50227627941018,83.29268173943676,74.93099957747697,2208.254258464809,2287.5577181376225,2342.622174182438,2343.258400214625,2379.3740273340586,2415.662392372515,2140.740018183022,2323.2499922187853,2,20,4 Sverdrup,3 Sverdrup,10 Sverdrup,20 Sverdrup,0.2,0.2,1.8
control,33600.0,280.274261255303,4668,3467,2930,4907,3751,3439,105.5022682509577,83.29176724140214,74.93096645308574,2208.2540843242004,2287.5558988742955,2342.6219649107065,2343.2582200422507,2379.3705431036637,2415.662126246891,2140.7396532018943,2323.249561232612,2,20,4 Sverdrup,3 Sverdrup,10 Sverdrup,20 Sverdrup,0.2,0.2,1.8
control,33700.0,280.274172810765,4668,3467,2930,4907,3751,3439,105.50227773869152,83.29307650229251,74.93102446936282,2208.253993245452,2287.558147638305,2342.6219455376104,2343.258149393,2379.375176835701,2415.662224807947,2140.7398612329216,2323.2498857719866,2,20,4 Sverdrup,3 Sverdrup,10 Sverdrup,20 Sverdrup,0.2,0.2,1.8
control,33800.0,280.2741442743607,4668,3467,2930,4907,3751,3439,105.5022768830612,83.29205874156861,74.93100762661658,2208.253845842872,2287.556151317498,2342.6217720967497,2343.2580070162685,2379.371329922423,2415.6620251013824,2140.7395116798143,2323.2494858782093,2,20,4 Sverdrup,3 Sverdrup,10 Sverdrup,20 Sverdrup,0.2,0.2,1.8
control,33900.0,280.27436871961555,4668,3467,2930,4907,3751,3439,105.50221374339684,83.28818049112401,74.93073437608808,2208.253426641258,2287.548945563624,2342.621059317617,2343.257498148854,2379.357132822244,2415.660798254198,2140.7381098416386,2323.2476470361926,2,20,4 Sverdrup,3 Sverdrup,10 Sverdrup,20 Sverdrup,0.2,0.2,1.8
control,34000.0,280.2748144805752,4668,3467,2930,4907,3750,3439,105.50207873487248,83.28504888758471,74.93028519412569,2208.252744057763,2287.543045439347,2342.619960967222,2343.256614866519,2379.345632496024,2415.65885482812,2140.7364661381976,2323.2453880016064,2,20,4 Sverdrup,3 Sverdrup,10 Sverdrup,20 Sverdrup,0.2,0.2,1.8
control,34100.0,280.27543054619247,4668,3467,2930,4907,3750,3439,105.50187366395262,83.28270324638507,74.92973294447553,2208.2518424764285,2287.538474963741,2342.6186189930663,2343.25540277515,2379.3368767947786,2415.656475087516,2140.734754199133,2323.242946856112,2,20,4 Sverdrup,3 Sverdrup,10 Sverdrup,20 Sverdrup,0.2,0.2,1.8
control,34200.0,280.2761734105019,4668,3467,2930,4907,3750,3439,105.50160484426064,83.28092135954562,74.92912659181793,2208.250768974674,2287.5348408003297,2342.617130952192,2343.2539176808714,2379.330070292664,2415.65384916205,2140.7330315296595,2323.2404175277866,2,20,4 Sverdrup,3 Sverdrup,10 Sverdrup,20 Sverdrup,0.2,0.2,1.8
control,34300.0,280.2770084564609,4668,3467,2930,4907,3750,3439,105.50128070200644,83.27954109764491,74.92849827334526,2208.2495675593545,2287.5318653906984,2342.6155631634747,2343.252216035792,2379.324644535672,2415.651104002035,2140.731332140834,2323.237860823079,2,20,4 Sverdrup,3 Sverdrup,10 Sverdrup,20 Sverdrup,0.2,0.2,1.8
control,34400.0,280.2779088124116,4668,3467,2930,4907,3750,3439,105.50091023126058,83.27844584711248,74.92786847260483,2208.2482761727188,2287.529354224738,2342.613960049149,2343.2503494499824,2379.3201955202526,2415.648322557834,2140.72967330603,2323.235313153963,2,20,4 Sverdrup,3 Sverdrup,10 Sverdrup,20 Sverdrup,0.2,0.2,1.8
control,34500.0,280.2786413186392,4668,3467,2930,4907,3750,3439,105.5005532828531,83.27756928157291,74.9285644548419,2208.24714676577,2287.5272545804446,2342.6149092397936,2343.2486612887683,2379.3165489790517,2415.650632952218,2140.7290819076084,2323.2341789647744,2,20,4 Sverdrup,3 Sverdrup,10 Sverdrup,20 Sverdrup,0.2,0.2,1.8
control,34600.0,280.27936479512925,4668,3467,2930,4907,3750,3439,105.50105653052164,83.27700350201397,74.92791053687267,2208.247456907783,2287.5257195134527,2342.613242548479,2343.249826437772,2379.314026156453,2415.647723211614,2140.727962349344,2323.2323922106543,2,20,4 Sverdrup,3 Sverdrup,10 Sverdrup,20 Sverdrup,0.2,0.2,1.8
control,34700.0,280.2799403773119,4668,3466,2930,4907,3750,3439,105.50059502995416,83.27649840482091,74.92850064169374,2208.246278306717,2287.5243313321944,2342.613994562965,2343.2479015652675,2379.3117539037703,2415.649633762568,2140.7275116503365,2323.231519468808,2,20,4 Sverdrup,3 Sverdrup,10 Sverdrup,20 Sverdrup,0.2,0.2,1.8
control,34800.0,280.2805323948692,4668,3466,2930,4907,3750,3439,105.50095583723945,83.27618091363989,74.92777453846675,2208.2464573972165,2287.523296334941,2342.612199043112,2343.24869799458,2379.3101729088494,2415.6464579607955,2140.726480412227,2323.2299164717538,2,20,4 Sverdrup,3 Sverdrup,10 Sverdrup,20 Sverdrup,0.2,0.2,1.8
control,34900.0,280.2809495510402,4668,3467,2930,4907,3750,3439,105.50131494574136,83.2768545430708,74.92840765804425,2208.2467521049653,2287.524093626958,2342.613057248767,2343.2495919220287,2379.3122058959666,2415.6485583972435,2140.726731657396,2323.229997487996,2,20,4 Sverdrup,3 Sverdrup,10 Sverdrup,20 Sverdrup,0.2,0.2,1.8
control,35000.0,280.2811627538801,4668,3466,2930,4907,3750,3439,105.50157594063722,83.27651217441881,74.92904158899587,2208.2470322159056,2287.5231368126256,2342.613936869963,2343.2503039217813,2379.3106435241143,2415.6506571608643,2140.726919121901,2323.230113279583,2,20,4 Sverdrup,3 Sverdrup,10 Sverdrup,20 Sverdrup,0.2,0.2,1.8
control,35100.0,280.2812415409339,4668,3467,2930,4907,3750,3439,105.50176563258758,83.27793452974957,74.92895014711567,2208.2472621982,2287.525433279545,2342.613468997955,2343.250846717099,2379.3155094436306,2415.6500279383554,2140.7270255473773,2323.2302106936386,2,20,4 Sverdrup,3 Sverdrup,10 Sverdrup,20 Sverdrup,0.2,0.2,1.8
control,35200.0,280.28140404230186,4668,3467,2930,4907,3750,3439,105.50186521502545,83.27738753612964,74.92821663618986,2208.247268181371,2287.5242098045123,2342.611764998413,2343.251021558241,2379.313308407529,2415.6469264536177,2140.7262496866542,2323.2291692288422,2,20,4 Sverdrup,3 Sverdrup,10 Sverdrup,20 Sverdrup,0.2,0.2,1.8
control,35300.0,280.2814678923626,4668,3467,2930,4907,3750,3439,105.50194358607608,83.27699791491148,74.9287602611135,2208.2473005770544,2287.523319123135,2342.6125549048666,2343.25118599484,2379.3117289447105,2415.6487806997384,2140.726386262382,2323.229315215954,2,20,4 Sverdrup,3 Sverdrup,10 Sverdrup,20 Sverdrup,0.2,0.2,1.8
control,35400.0,280.2816490122452,4668,3466,2930,4907,3750,3439,105.50196422434014,83.27671022128605,74.92800491316216,2208.247150351514,2287.522601196175,2342.610829038111,2343.251077092939,2379.3105050712493,2415.6456132575336,2140.725583392627,2323.228230692524,2,20,4 Sverdrup,3 Sverdrup,10 Sverdrup,20 Sverdrup,0.2,0.2,1.8
control,35500.0,280.28153446790225,4668,3467,2930,4907,3750,3439,105.50202666492936,83.27949823675903,74.92873988906848,2208.2472617040844,2287.527521758141,2342.6120420214456,2343.251290414786,2379.3204771560963,2415.6482547637816,2140.7266406221947,2323.229615007314,2,20,4 Sverdrup,3 Sverdrup,10 Sverdrup,20 Sverdrup,0.2,0.2,1.8
control,35600.0,280.2815512112057,4668,3467,2930,4907,3750,3439,105.50205342784824,83.2788177200045,74.92812638931802,2208.24721544632,2287.52612628781,2342.610642514049,2343.2512915520324,2379.3178222646384,2415.6456800270494,2140.72603220105,2323.228861416516,2,20,4 Sverdrup,3 Sverdrup,10 Sverdrup,20 Sverdrup,0.2,0.2,1.8
control,35700.0,280.28150046375,4668,3467,2930,4907,3750,3439,105.50208509186508,83.2780710869757,74.92875062368705,2208.2472125913814,2287.52467721606,2342.6116567487143,2343.251342905207,2379.3150360676573,2415.6479079189867,2140.726188862417,2323.229100552006,2,20,4 Sverdrup,3 Sverdrup,10 Sverdrup,20 Sverdrup,0.2,0.2,1.8
control,35800.0,280.28159296055765,4668,3467,2930,4907,3750,3439,105.50207625749096,83.27751598969478,74.9280482634423,2208.247032979169,2287.523546804026,2342.610094903901,2343.2511558348515,2379.3129175010954,2415.645001836148,2140.7253741020945,2323.228056026229,2,20,4 Sverdrup,3 Sverdrup,10 Sverdrup,20 Sverdrup,0.2,0.2,1.8
control,35900.0,280.2814104357001,4668,3467,2930,4907,3750,3439,105.50212052432836,83.28010572922405,74.92881671259485,2208.24711615516,2287.528160601405,2342.6114267505027,2343.251311358201,2379.322225295938,2415.6478229170475,2140.726405314842,2323.2294512493286,2,20,4 Sverdrup,3 Sverdrup,10 Sverdrup,20 Sverdrup,0.2,0.2,1.8
control,36000.0,280.28137533865595,4668,3467,2930,4907,3750,3439,105.50213644629096,83.27927865069283,74.92822307272819,2208.2470414495438,2287.5265351891376,2342.610112425501,2343.251266905629,2379.319076508816,2415.645368663725,2140.725766172603,2323.2286932619045,2,20,4 Sverdrup,3 Sverdrup,10 Sverdrup,20 Sverdrup,0.2,0.2,1.8
control,36100.0,280.281285318986,4668,3467,2930,4907,3750,3439,105.50216197942306,83.27842408159138,74.92885785020233,2208.247010055589,2287.524911838292,2342.6111868117405,2343.2512805882484,2379.3159217639754,2415.647674677369,2140.725893233319,2323.228921664628,2,20,4 Sverdrup,3 Sverdrup,10 Sverdrup,20 Sverdrup,0.2,0.2,1.8
control,36200.0,280.2813483263532,4668,3467,2930,4907,3750,3439,105.50214999704372,83.27778966425613,74.92815977073407,2208.246802651014,2287.5236477935127,2342.609666636784,2343.251061630127,2379.3135270898124,2415.6448167099607,2140.725052982389,2323.2278652413083,2,20,4 Sverdrup,3 Sverdrup,10 Sverdrup,20 Sverdrup,0.2,0.2,1.8
control,36300.0,280.28133677267954,4668,3467,2930,4907,3750,3439,105.50214635592556,83.27732558772698,74.92872882486125,2208.2466544521712,2287.5226916909587,2342.610607081481,2343.2509139021467,2379.3117455278884,2415.646864776857,2140.725116726275,2323.2279721555665,2,20,4 Sverdrup,3 Sverdrup,10 Sverdrup,20 Sverdrup,0.2,0.2,1.8
control,36400.0,280.2810543481728,4668,3467,2930,4907,3750,3439,105.5022044486932,83.27998597604483,74.92950595100729,2208.2467768805536,2287.527443722613,2342.611980447318,2343.2511306266406,2379.321317647897,2415.649724274834,2140.7262169900787,2323.2295103479014,2,20,4 Sverdrup,3 Sverdrup,10 Sverdrup,20 Sverdrup,0.2,0.2,1.8
control,36500.0,280.28094074546624,4668,3467,2930,4907,3750,3439,105.5022359076671,83.279214135213,74.92881268655051,2208.2467247352424,2287.5259227595566,2342.6105086661178,2343.2511342776934,2379.3183720497364,2415.646920072131,2140.7255424114264,2323.228757240529,2,20,4 Sverdrup,3 Sverdrup,10 Sverdrup,20 Sverdrup,0.2,0.2,1.8
control,36600.0,280.2807901055626,4668,3467,2930,4907,3750,3439,105.50227763468786,83.27840353027922,74.92936585217359,2208.246708007138,2287.524378289926,2342.611454718649,2343.2511896244864,2379.3153749991434,2415.648941430152,2140.7256577766066,2323.2290081219203,2,20,4 Sverdrup,3 Sverdrup,10 Sverdrup,20 Sverdrup,0.2,0.2,1.8
control,36700.0,280.28080753079183,4668,3467,2930,4907,3750,3439,105.50228170047816,83.27780470912296,74.92860148358103,2208.246513027978,2287.5231745159786,2342.609830601204,2343.2510099283368,2379.313104583113,2415.645852632289,2140.724823852257,2323.227986219269,2,20,4 Sverdrup,3 Sverdrup,10 Sverdrup,20 Sverdrup,0.2,0.2,1.8
control,36800.0,280.28076280525954,4668,3467,2930,4907,3750,3439,105.50229324966992,83.27736983553663,74.92911675979913,2208.2463771774915,2287.5222652613293,2342.6106871962274,2343.25089991401,2379.311422490771,2415.647713807632,2140.724901501282,2323.2281289596235,2,20,4 Sverdrup,3 Sverdrup,10 Sverdrup,20 Sverdrup,0.2,0.2,1.8
control,36900.0,280.2808625231316,4668,3467,2930,4907,3750,3439,105.50226732330992,83.27704147991548,74.92833581585667,2208.2460856282805,2287.521505205777,2342.6090152434645,2343.250576756768,2379.310082107942,2415.6445467145254,2140.72404828127,2323.227034907752,2,20,4 Sverdrup,3 Sverdrup,10 Sverdrup,20 Sverdrup,0.2,0.2,1.8
control,37000.0,280.28068744991225,4668,3467,2930,4907,3750,3439,105.5022974989364,83.27979450067508,74.92904766402273,2208.2460788213434,2287.526370486822,2342.6102705602125,2343.2506222873285,2379.319935758674,2415.6471823908937,2140.725066562919,2323.2284103412944,2,20,4 Sverdrup,3 Sverdrup,10 Sverdrup,20 Sverdrup,0.2,0.2,1.8
control,37100.0,280.2806598836244,4668,3467,2930,4907,3750,3439,105.5023020236237,83.27908477681711,74.92841323069526,2208.2459344728413,2287.5249139959105,2342.6089033625885,2343.2504918699497,2379.317167944785,2415.644596731099,2140.724429365051,2323.227649831145,2,20,4 Sverdrup,3 Sverdrup,10 Sverdrup,20 Sverdrup,0.2,0.2,1.8
control,37200.0,280.280725120484,4668,3467,2930,4907,3750,3439,105.50030758657977,83.27794886308584,74.92898660758367,2208.242424642601,2287.5226971542475,2342.60984581662,2343.2437116195265,2379.312913317921,2415.6466543591355,2140.7237162609777,2323.226754054468,2,20,4 Sverdrup,3 Sverdrup,10 Sverdrup,20 Sverdrup,0.2,0.2,1.8
control,37300.0,280.2809268232939,4668,3467,2930,4907,3750,3439,105.50052581640657,83.27714706667315,74.92822213923672,2208.242483271121,2287.5210411410485,2342.608176803234,2343.244165772449,2379.3098318490192,2415.643522513453,2140.722694534997,2323.2253971879763,2,20,4 Sverdrup,3 Sverdrup,10 Sverdrup,20 Sverdrup,0.2,0.2,1.8
control,37400.0,280.28097937869904,4668,3467,2930,4907,3750,3439,105.498895213646,83.27924955413474,74.92889652327163,2208.239570550149,2287.5246445626944,2342.6092993818115,2343.2385783683785,2379.317257523312,2415.645956206702,2140.722834602857,2323.225560749829,2,20,4 Sverdrup,3 Sverdrup,10 Sverdrup,20 Sverdrup,0.2,0.2,1.8
control,37500.0,280.28108010273525,4668,3467,2930,4907,3750,3439,105.49744314766096,83.27780236603033,74.9294837802158,2208.236924564295,2287.521769184304,2342.6102166028627,2343.2335742212945,2379.3117490915706,2415.6479988291258,2140.722175368923,2323.2247086957177,2,20,4 Sverdrup,3 Sverdrup,10 Sverdrup,20 Sverdrup,0.2,0.2,1.8
control,37600.0,280.2812604174451,4667,3467,2930,4907,3750,3439,105.49628157667507,83.27925266746904,74.92876290037216,2208.234683492908,2287.524141537489,2342.6086012686324,2343.229453987295,2379.316775172575,2415.645005444245,2140.7212475745105,2323.22348076153,2,20,4 Sverdrup,3 Sverdrup,10 Sverdrup,20 Sverdrup,0.2,0.2,1.8
control,37700.0,280.28148043773564,4667,3467,2930,4907,3750,3439,105.4953479839695,83.27741710149073,74.92921522190464,2208.2327920797634,2287.520507873249,2342.609233949904,2343.2260561311123,2379.309817418045,2415.6465262851,2140.720498535848,2323.222450377163,2,20,4 Sverdrup,3 Sverdrup,10 Sverdrup,20 Sverdrup,0.2,0.2,1.8
control,37800.0,280.28162663646447,4667,3467,2930,4907,3750,3439,105.49634168095828,83.27897310035647,74.92850451943283,2208.234144131469,2287.523060408206,2342.6076325067816,2343.229066284692,2379.3152204051203,2415.6435684594867,2140.720376151836,2323.2222285671096,2,20,4 Sverdrup,3 Sverdrup,10 Sverdrup,20 Sverdrup,0.2,0.2,1.8
control,37900.0,280.2818074149732,4667,3467,2930,4907,3750,3439,105.49550036033972,83.2772328916481,74.92897447191129,2208.2324548163688,2287.5196066502053,2342.60830155663,2343.2259947455086,2379.3086131663977,2415.6451591937744,2140.719850455104,2323.2214879982585,2,20,4 Sverdrup,3 Sverdrup,10 Sverdrup,20 Sverdrup,0.2,0.2,1.8
control,38000.0,280.2817111129353,4667,3467,2930,4907,3750,3439,105.49647211332012,83.27886346394456,74.92959811497514,2208.233973261331,2287.5223662288786,2342.6093015808965,2343.229125284806,2379.3143534308865,2415.647356662958,2140.72081780298,2323.222750710923,2,20,4 Sverdrup,3 Sverdrup,10 Sverdrup,20 Sverdrup,0.2,0.2,1.8
control,38100.0,280.2818575862199,4667,3467,2930,4907,3750,3439,105.49552241801548,83.27861923158132,74.92773190576825,2208.232139919505,2287.5216806167773,2342.605481287568,2343.225729111882,2379.31323377482,2415.639956040529,2140.719037355871,2323.220478038484,2,20,4 Sverdrup,3 Sverdrup,10 Sverdrup,20 Sverdrup,0.2,0.2,1.8
control,38200.0,280.28244161473106,4667,3467,2930,4907,3750,3439,105.49507101475336,83.27764971825528,74.9255009662217,2208.230852873274,2287.519566342779,2342.6009287906527,2343.223737468721,2379.30936750449,2415.6311791386483,2140.716644982549,2323.2172070800825,2,20,4 Sverdrup,3 Sverdrup,10 Sverdrup,20 Sverdrup,0.2,0.2,1.8
control,38300.0,280.28327690239365,4667,3467,2930,4907,3750,3439,105.4950225247602,83.27743481250971,74.92361574110967,2208.230125315293,2287.518739841072,2342.596989540366,2343.222953838569,2379.308167492656,2415.6236751856604,2140.71480831306,2323.214459348626,2,20,4 Sverdrup,3 Sverdrup,10 Sverdrup,20 Sverdrup,0.2,0.2,1.8
control,38400.0,280.2842257767536,4667,3467,2930,4907,3750,3439,105.4956776932668,83.27880319044374,74.92211223917937,2208.2306196772,2287.520757585498,2342.593759907814,2343.224561828129,2379.312702913808,2415.6176084620797,2140.7136958137166,2323.21253587248,2,20,4 Sverdrup,3 Sverdrup,10 Sverdrup,20 Sverdrup,0.2,0.2,1.8
control,38500.0,280.2853442664429,4667,3467,2930,4907,3750,3439,105.49618369870068,83.27714731586634,74.92069847951832,2208.230828470986,2287.517231843621,2342.590669376016,2343.225623316473,2379.3061895363703,2415.6118494504203,2140.711887182866,2323.209650879395,2,20,4 Sverdrup,3 Sverdrup,10 Sverdrup,20 Sverdrup,0.2,0.2,1.8
control,38600.0,280.28641682780903,4667,3467,2929,4907,3750,3439,105.49645851762284,83.27868987394329,74.91956947324066,2208.230752870359,2287.519538970043,2342.588128906179,2343.226017458456,2379.311330151338,2415.607184535001,2140.7108243769794,2323.2077170769808,2,20,4 Sverdrup,3 Sverdrup,10 Sverdrup,20 Sverdrup,0.2,0.2,1.8
control,38700.0,280.28742218110847,4667,3467,2929,4907,3750,3439,105.49656364834566,83.28007659009447,74.91867457561014,2208.230486604929,2287.52155271866,2342.586043164935,2343.2259405229247,2379.315854616985,2415.6034184505397,2140.7098866890537,2323.205975363454,2,20,4 Sverdrup,3 Sverdrup,10 Sverdrup,20 Sverdrup,0.2,0.2,1.8
control,38800.0,280.2881881748908,4667,3467,2929,4907,3750,3439,105.49658590648522,83.28108785059213,74.91905327896413,2208.2302600016505,2287.5229645282266,2342.586436549927,2343.2257609678286,2379.3190963125903,2415.60456649218,2140.709804943437,2323.205432876282,2,20,4 Sverdrup,3 Sverdrup,10 Sverdrup,20 Sverdrup,0.2,0.2,1.8
control,38900.0,280.28892218341304,4667,3467,2929,4907,3750,3439,105.4965191210994,83.28180267488668,74.91840799765009,2208.229891109191,2287.523879528129,2342.5848544636888,2343.2252935286087,2379.3213082256048,2415.6017591158466,2140.7089174797256,2323.2039164365387,2,20,4 Sverdrup,3 Sverdrup,10 Sverdrup,20 Sverdrup,0.2,0.2,1.8
control,39000.0,280.28946452479147,4667,3467,2929,4907,3750,3439,105.49642457643316,83.28230202106316,74.9188758292727,2208.2295745630367,2287.5244710317124,2342.5854523878797,2343.2248293600605,2379.3228077747613,2415.6032773403176,2140.7087772441446,2323.203441080416,2,20,4 Sverdrup,3 Sverdrup,10 Sverdrup,20 Sverdrup,0.2,0.2,1.8
control,39100.0,280.2898380135944,4667,3467,2929,4907,3750,3439,105.49632367957209,83.2826449316391,74.91938233546192,2208.229313884062,2287.5248413910867,2342.586138912028,2343.224407988868,2379.3238032498475,2415.604941165476,2140.7087047638083,2323.203148823893,2,20,4 Sverdrup,3 Sverdrup,10 Sverdrup,20 Sverdrup,0.2,0.2,1.8
control,39200.0,280.29025414785343,4667,3467,2929,4907,3750,3439,105.49618474425696,83.2828613776183,74.91872524648156,2208.2289072718963,2287.524989233599,2342.5845867445523,2343.2237820023934,2379.3243493156674,2415.602136841495,2140.707757853817,2323.201755218531,2,20,4 Sverdrup,3 Sverdrup,10 Sverdrup,20 Sverdrup,0.2,0.2,1.8
control,39300.0,280.2905407602444,4667,3467,2929,4907,3750,3439,105.49605376492926,83.28299255250833,74.9191634312791,2208.2285584120773,2287.5250157860296,2342.5851725559087,2343.223225216685,2379.324620005467,2415.6035841462776,2140.707600337394,2323.2014150236723,2,20,4 Sverdrup,3 Sverdrup,10 Sverdrup,20 Sverdrup,0.2,0.2,1.8
control,39400.0,280.2907098202055,4667,3467,2929,4907,3750,3439,105.4959409054008,83.28306645731377,74.91963133790449,2208.228276224718,2287.524971518037,2342.585822997267,2343.222763177808,2379.32471591101,2415.6051365425083,2140.7075436917767,2323.2012656138195,2,20,4 Sverdrup,3 Sverdrup,10 Sverdrup,20 Sverdrup,0.2,0.2,1.8
control,39500.0,280.29078587659006,4667,3467,2930,4907,3750,3439,105.49584894716774,83.28310328347197,74.92003044677568,2208.228045301343,2287.524886340414,2342.5863601036654,2343.2223858339507,2379.3247033978096,2415.6064425695045,2140.707485568294,2323.2011699015093,2,20,4 Sverdrup,3 Sverdrup,10 Sverdrup,20 Sverdrup,0.2,0.2,1.8
control,39600.0,280.2909664413259,4667,3467,2929,4907,3750,3439,105.49573605141644,83.2831034207986,74.91927216738654,2208.2276708507293,2287.5247110786845,2342.584663317193,2343.221835230757,2379.3245360754604,2415.6032989586097,2140.706582616861,2323.1999704890773,2,20,4 Sverdrup,3 Sverdrup,10 Sverdrup,20 Sverdrup,0.2,0.2,1.8
control,39700.0,280.2910676848694,4667,3467,2929,4907,3750,3439,105.49564096176088,83.28308521497489,74.91961853713279,2208.227359943992,2287.5245124921653,2342.585115901893,2343.221376082456,2379.324312260918,2415.6044364758104,2140.7064881760675,2323.1998164546944,2,20,4 Sverdrup,3 Sverdrup,10 Sverdrup,20 Sverdrup,0.2,0.2,1.8
control,39800.0,280.29109173603763,4667,3467,2930,4907,3750,3439,105.49556866547496,83.28305908889088,74.92000502384256,2208.227121543505,2287.5243155899934,2342.585647909248,2343.22102516657,2379.324075303847,2415.605713964429,2140.7065011498207,2323.199836354147,2,20,4 Sverdrup,3 Sverdrup,10 Sverdrup,20 Sverdrup,0.2,0.2,1.8
control,39900.0,280.29105492864204,4667,3467,2930,4907,3750,3439,105.49551836826151,83.28303179821437,74.92033328523837,2208.226938592424,2287.5241312068533,2342.5860825141253,2343.2207647743626,2379.3238481856065,2415.6067813169198,2140.70651104669,2323.199888570582,2,20,4 Sverdrup,3 Sverdrup,10 Sverdrup,20 Sverdrup,0.2,0.2,1.8
control,40000.0,280.2911480266192,4667,3467,2929,4907,3750,3439,105.49544587574673,83.28299354337655,74.9195142917066,2208.2266140863712,2287.523895744712,2342.5842989462258,2343.2203308317776,2379.3235516572163,2415.60343420574,2140.7056699944023,2323.19881453457,2,20,4 Sverdrup,3 Sverdrup,10 Sverdrup,20 Sverdrup,0.2,0.2,1.8
control,40100.0,280.2911817441033,4667,3467,2929,4907,3750,3439,105.49538848031938,83.28295501205466,74.91980930158711,2208.226352947968,2287.523665008056,2342.584679381708,2343.21998353549,2379.3232592325244,2415.6044007582777,2140.7056292407983,2323.198764205382,2,20,4 Sverdrup,3 Sverdrup,10 Sverdrup,20 Sverdrup,0.2,0.2,1.8
control,40200.0,280.291153841558,4667,3467,2930,4907,3750,3439,105.49535037389032,83.28292093190908,74.92015282032266,2208.226162369387,2287.523455690808,2342.5851524400878,2343.2197366215446,2379.322995655853,2415.605536590227,2140.705687181192,2323.1988682013784,2,20,4 Sverdrup,3 Sverdrup,10 Sverdrup,20 Sverdrup,0.2,0.2,1.8
control,40300.0,280.2910771864532,4667,3467,2930,4907,3750,3439,105.49533042500325,83.28289387418681,74.92044551553066,2208.2260240035284,2287.523272347484,2342.585539672083,2343.219570578656,2379.322770076965,2415.606488042485,2140.705733715284,2323.1989874668934,2,20,4 Sverdrup,3 Sverdrup,10 Sverdrup,20 Sverdrup,0.2,0.2,1.8
control,40400.0,280.29113981270524,4667,3467,2929,4907,3750,3439,105.49528441269987,83.28286100978917,74.91959734580156,2208.225740025506,2287.523046681334,2342.583718674748,2343.219220505914,2379.322493087246,2415.603047258928,2140.704921832357,2323.197966099626,2,20,4 Sverdrup,3 Sverdrup,10 Sverdrup,20 Sverdrup,0.2,0.2,1.8
control,40500.0,280.29115027648504,4667,3467,2929,4907,3750,3439,105.49524979529018,83.28283086590407,74.91986869508594,2208.225514944577,2287.522831031075,2342.5840700501203,2343.2189464944668,2379.322230852649,2415.603938982195,2140.704903847968,2323.1979565819656,2,20,4 Sverdrup,3 Sverdrup,10 Sverdrup,20 Sverdrup,0.2,0.2,1.8
control,40600.0,280.2911046753995,4667,3467,2930,4907,3750,3439,105.49523105589768,83.2828066705591,74.92019311140866,2208.2253558532343,2287.5226395807235,2342.584520997893,2343.218762679361,2379.3220029098097,2415.605015777829,2140.704979217882,2323.1980918109866,2,20,4 Sverdrup,3 Sverdrup,10 Sverdrup,20 Sverdrup,0.2,0.2,1.8
control,40700.0,280.291014568675,4667,3467,2930,4907,3750,3439,105.49522740909536,83.28278997661782,74.92047056521416,2208.2252445417776,2287.5224751151422,2342.5848918026927,2343.218650272943,2379.321814814738,2415.6059212618165,2140.705038871614,2323.198234703045,2,20,4 Sverdrup,3 Sverdrup,10 Sverdrup,20 Sverdrup,0.2,0.2,1.8
control,40800.0,280.2910669782257,4667,3467,2929,4907,3750,3439,105.49519500221018,83.28276729272152,74.91961033493108,2208.224983478721,2287.522268132858,2342.5830589607253,2343.218345282865,2379.3215747684744,2415.6024452015617,2140.704236695892,2323.1972310167075,2,20,4 Sverdrup,3 Sverdrup,10 Sverdrup,20 Sverdrup,0.2,0.2,1.8
control,40900.0,280.2910696767753,4667,3467,2929,4907,3750,3439,105.49517165569095,83.28274673609204,74.91987222795049,2208.224777560474,2287.52207019366,2342.583402131413,2343.2181087896383,2379.321347430978,2415.603310295702,2140.7042257735925,2323.1972346012994,2,20,4 Sverdrup,3 Sverdrup,10 Sverdrup,20 Sverdrup,0.2,0.2,1.8
control,41000.0,280.2910181603497,4667,3467,2930,4907,3750,3439,105.49516219523966,83.28273130793174,74.92018930274175,2208.2246343121087,2287.5218950180783,2342.583847725036,2343.2179559252872,2379.321151471699,2415.604367386777,2140.7043061973072,2323.1973794607857,2,20,4 Sverdrup,3 Sverdrup,10 Sverdrup,20 Sverdrup,0.2,0.2,1.8
control,41100.0,280.2909235267525,4667,3467,2930,4907,3750,3439,105.4951661476,83.28272245808898,74.9204611205052,2208.22453596647,2287.5217451559697,2342.584215371792,2343.2178688573786,2379.3209920304835,2415.6052586509704,2140.704369412525,2323.1975293923247,2,20,4 Sverdrup,3 Sverdrup,10 Sverdrup,20 Sverdrup,0.2,0.2,1.8
control,41200.0,280.2909724457241,4667,3467,2929,4907,3750,3439,105.49513993805888,83.28270667534831,74.91959661751937,2208.224285419918,2287.5215510316043,2342.582381031492,2343.2175844762955,2379.320777201322,2415.6017726640075,2140.703569714634,2323.196530844248,2,20,4 Sverdrup,3 Sverdrup,10 Sverdrup,20 Sverdrup,0.2,0.2,1.8
control,41300.0,280.2909724220652,4667,3467,2929,4907,3750,3439,105.4951216298624,83.2826921102877,74.9198553213729,2208.2240879667934,2287.52136423946,2342.5827239359564,2343.217364656824,2379.320571740692,2415.602631161337,2140.7035605064325,2323.1965382014846,2,20,4 Sverdrup,3 Sverdrup,10 Sverdrup,20 Sverdrup,0.2,0.2,1.8
control,41400.0,280.29091874943026,4667,3467,2930,4907,3750,3439,105.4951162576166,83.28268182931218,74.92017006070579,2208.223951490763,2287.521198604348,2342.583170150995,2343.2172252296605,2379.3203945403884,2415.603684198593,2140.70364212321,2323.196685874108,2,20,4 Sverdrup,3 Sverdrup,10 Sverdrup,20 Sverdrup,0.2,0.2,1.8
control,41500.0,280.290822373444,4667,3467,2930,4907,3750,3439,105.49512352529923,83.28267736421579,74.92044020986698,2208.2238585401487,2287.521056821,2342.5835390377924,2343.217148965927,2379.320251032624,2415.604573325116,2140.7037061926308,2323.1968379644068,2,20,4 Sverdrup,3 Sverdrup,10 Sverdrup,20 Sverdrup,0.2,0.2,1.8
control,41600.0,280.29086985036463,4667,3467,2929,4907,3750,3439,105.49510000687192,83.28266529223606,74.91957455454346,2208.223612282992,2287.5208694781145,2342.581706345997,2343.216873268976,2379.320049634468,2415.6010866159463,2140.702907142604,2323.195841144593,2,20,4 Sverdrup,3 Sverdrup,10 Sverdrup,20 Sverdrup,0.2,0.2,1.8
control,41700.0,280.29086860038177,4667,3467,2929,4907,3750,3439,105.49508388908949,83.28265385215359,74.91983250424067,2208.2234182440566,2287.5206883397004,2342.582051154764,2343.2166604443164,2379.3198554298338,2415.6019454285038,2140.7028984732547,2323.1958499651014,2,20,4 Sverdrup,3 Sverdrup,10 Sverdrup,20 Sverdrup,0.2,0.2,1.8
control,41800.0,280.2908138551353,4667,3467,2930,4907,3750,3439,105.4950803082304,83.28264619412475,74.92014679320593,2208.2232844987234,2287.5205273951537,2342.5824994100094,2343.216526679039,2379.319687624768,2415.602999513177,2140.7029805849797,2323.1959989502875,2,20,4 Sverdrup,3 Sverdrup,10 Sverdrup,20 Sverdrup,0.2,0.2,1.8
control,41900.0,280.2907165149993,4667,3467,2930,4907,3750,3439,105.4950890511797,83.28264392676509,74.92041672008197,2208.223193752589,2287.520389492674,2342.5828703872307,2343.216455035833,2379.319551942091,2415.6038901891216,2140.7030451491896,2323.1961522814527,2,20,4 Sverdrup,3 Sverdrup,10 Sverdrup,20 Sverdrup,0.2,0.2,1.8
control,42000.0,280.2907631038284,4667,3467,2929,4907,3750,3439,105.49506675896764,83.28263369601801,74.91955101155074,2208.222949300653,2287.5202053596845,2342.581039773141,2343.2161831536155,2379.319357060153,2415.6004053529127,2140.70224662008,2323.195156681679,2,20,4 Sverdrup,3 Sverdrup,10 Sverdrup,20 Sverdrup,0.2,0.2,1.8
control,42100.0,280.2907610183136,4667,3467,2929,4907,3750,3439,105.49505167226626,83.28262380092414,74.91980903346256,2208.2227567693367,2287.5200268828085,2342.5813866112817,2343.2159735269456,2379.319168292941,2415.601266243756,2140.702238515188,2323.19516673658,2,20,4 Sverdrup,3 Sverdrup,10 Sverdrup,20 Sverdrup,0.2,0.2,1.8
control,42200.0,280.2907054739044,4667,3467,2930,4907,3750,3439,105.4950489703674,83.28261744366065,74.92012348580178,2208.2226243136843,2287.5198681574634,2342.581836818906,2343.215842492278,2379.319005045229,2415.6023225130625,2140.702321240857,2323.1953169879,2,20,4 Sverdrup,3 Sverdrup,10 Sverdrup,20 Sverdrup,0.2,0.2,1.8
control,42300.0,280.290607359829,4667,3467,2930,4907,3750,3439,105.49505847416538,83.28261627712078,74.92039363955311,2208.222534700928,2287.519732121937,2342.5822096561574,2343.2157732291425,2379.318873208855,2415.603215412471,2140.702386469566,2323.195471625309,2,20,4 Sverdrup,3 Sverdrup,10 Sverdrup,20 Sverdrup,0.2,0.2,1.8
control,42400.0,280.2906531926446,4667,3467,2929,4907,3750,3439,105.4950368513134,83.28260698446698,74.91952820038338,2208.222291272783,2287.5195495789053,2342.580380800167,2343.215503466532,2379.3186816038155,2415.5997327870523,2140.7015886519284,2323.1944773723726,2,20,4 Sverdrup,3 Sverdrup,10 Sverdrup,20 Sverdrup,0.2,0.2,1.8
control,42500.0,280.29065036424066,4667,3467,2929,4907,3750,3439,105.4950223635617,83.28259789585339,74.91978652178294,2208.222099690951,2287.519372477085,2342.580729298262,2343.2152957683406,2379.318495661569,2415.600595855265,2140.701581302249,2323.1944888147336,2,20,4 Sverdrup,3 Sverdrup,10 Sverdrup,20 Sverdrup,0.2,0.2,1.8
control,42600.0,280.2905940869871,4667,3467,2930,4907,3750,3439,105.49502020617142,83.28259223900082,74.92010129137729,2208.2219681361835,2287.5192149622853,2342.5811810677537,2343.215166523079,2379.3183348829866,2415.60165424394,2140.701664820196,2323.1946404880305,2,20,4 Sverdrup,3 Sverdrup,10 Sverdrup,20 Sverdrup,0.2,0.2,1.8
control,42700.0,280.2904952485757,4667,3467,2930,4907,3750,3439,105.49503021249464,83.28259168776205,74.92037177204344,2208.221879393978,2287.519080013089,2342.5815553736265,2343.215098948868,2379.318205237635,2415.602549193064,2140.7017308713107,2323.194796575262,2,20,4 Sverdrup,3 Sverdrup,10 Sverdrup,20 Sverdrup,0.2,0.2,1.8
control,42800.0,280.2903628739695,4667,3467,2930,4907,3750,3439,105.4950518293329,83.28259729942764,74.92060489179296,2208.221821664035,2287.518967705468,2342.581865056537,2343.2150808200445,2379.3181087777766,2415.603308244602,2140.701787008861,2323.194961059044,2,20,4 Sverdrup,3 Sverdrup,10 Sverdrup,20 Sverdrup,0.2,0.2,1.8
control,42900.0,280.290382135536,4667,3467,2929,4907,3750,3439,105.49504154314285,83.28259530704132,74.91970891778949,2208.221602931046,2287.518807714496,2342.5799842891747,2343.214853994889,2379.31795240352,2415.5997154303104,2140.700989472859,2323.1939830791457,2,20,4 Sverdrup,3 Sverdrup,10 Sverdrup,20 Sverdrup,0.2,0.2,1.8
control,43000.0,280.2903591925364,4667,3467,2930,4907,3750,3439,105.49503743182518,83.28259367212472,74.91994215345805,2208.221431484249,2287.518651516301,2342.580290522663,2343.2146832347207,2379.317800403675,2415.600488316277,2140.70098715348,2323.1940124446564,2,20,4 Sverdrup,3 Sverdrup,10 Sverdrup,20 Sverdrup,0.2,0.2,1.8
control,43100.0,280.2902880869532,4667,3467,2930,4907,3750,3439,105.49504454660116,83.2825953267456,74.92023636153361,2208.221316844262,2287.5185130645737,2342.58070817882,2343.214585963589,2379.317671541194,2415.6014733086304,2140.701077154016,2323.19418052444,2,20,4 Sverdrup,3 Sverdrup,10 Sverdrup,20 Sverdrup,0.2,0.2,1.8
control,43200.0,280.29017865198426,4667,3467,2930,4907,3750,3439,105.4950626394275,83.28260171857087,74.92049003608481,2208.221242433506,2287.518395264316,2342.5810551311934,2343.214545870353,2379.3175712913253,2415.602308766868,2140.7011492456973,2323.1943499268023,2,20,4 Sverdrup,3 Sverdrup,10 Sverdrup,20 Sverdrup,0.2,0.2,1.8
control,43300.0,280.2902164999663,4667,3467,2929,4907,3750,3439,105.4950483697951,83.28259938617134,74.91961121158877,2208.2210119058013,2287.518228930823,2342.5792058375023,2343.2143009692786,2379.3174082152264,2415.598780049385,2140.700356959679,2323.193366855088,2,20,4 Sverdrup,3 Sverdrup,10 Sverdrup,20 Sverdrup,0.2,0.2,1.8
control,43400.0,280.2902082775785,4667,3467,2929,4907,3750,3439,105.4950400420006,83.28259656914348,74.91985867770903,2208.220831095959,2287.518066051284,2342.5795382702345,2343.214114062757,2379.317247611514,2415.599606210107,2140.700353489997,2323.1933859760315,2,20,4 Sverdrup,3 Sverdrup,10 Sverdrup,20 Sverdrup,0.2,0.2,1.8
control,43500.0,280.2901485973256,4667,3467,2930,4907,3750,3439,105.49504293096918,83.28259645049528,74.92016464273296,2208.2207083247204,2287.5179208332515,2342.579977463043,2343.214001809656,2379.317108956572,2415.600635105024,2140.700439267179,2323.1935422292963,2,20,4 Sverdrup,3 Sverdrup,10 Sverdrup,20 Sverdrup,0.2,0.2,1.8
control,43600.0,280.2900478709603,4667,3467,2930,4907,3750,3439,105.49505697310376,83.28260069628624,74.92042798551995,2208.220626527803,2287.5177963407987,2342.580341941252,2343.213947747762,2379.3169982873437,2415.6015064916187,2140.7005061561545,2323.19370031935,2,20,4 Sverdrup,3 Sverdrup,10 Sverdrup,20 Sverdrup,0.2,0.2,1.8
control,43700.0,280.2900922413413,4667,3467,2929,4907,3750,3439,105.49503896027146,83.28259602700894,74.91955708127607,2208.220389231204,2287.5176235168083,2342.578506784764,2343.213689994322,2379.316824628045,2415.5980069946404,2140.6997088635176,2323.192707495661,2,20,4 Sverdrup,3 Sverdrup,10 Sverdrup,20 Sverdrup,0.2,0.2,1.8
control,43800.0,280.2900888104988,4667,3467,2929,4907,3750,3439,105.49502727885358,83.28259082694956,74.91981101634947,2208.2202022935294,2287.5174544626607,2342.578850550706,2343.2134915138217,2379.316653657569,2415.5988568232883,2140.6997011607878,2323.1927188188,2,20,4 Sverdrup,3 Sverdrup,10 Sverdrup,20 Sverdrup,0.2,0.2,1.8
control,43900.0,280.29003256829986,4667,3467,2930,4907,3750,3439,105.49502724322144,83.28258838833554,74.92012225316634,2208.220074097232,2287.5173034856634,2342.579298772685,2343.213369090886,2379.316505152188,2415.5999048051804,2140.699783680937,2323.192869233252,2,20,4 Sverdrup,3 Sverdrup,10 Sverdrup,20 Sverdrup,0.2,0.2,1.8
control,44000.0,280.28993423130254,4667,3467,2930,4907,3750,3439,105.49503879666294,83.28259045471735,74.92038988094481,2208.219987625608,2287.5171737300816,2342.5796704107647,2343.213306320105,2379.3163853705014,2415.600791536224,2140.69984828658,2323.193023254556,2,20,4 Sverdrup,3 Sverdrup,10 Sverdrup,20 Sverdrup,0.2,0.2,1.8
control,44100.0,280.2899801851645,4667,3467,2929,4907,3750,3439,105.49501871494688,83.28258379707678,74.91952245395014,2208.2197464191163,2287.5169961952056,2342.5778409094683,2343.213041304793,2379.3162034850297,2415.597304342318,2140.699049578003,2323.192027860557,2,20,4 Sverdrup,3 Sverdrup,10 Sverdrup,20 Sverdrup,0.2,0.2,1.8
control,44200.0,280.2899777224691,4667,3467,2929,4907,3750,3439,105.4950053537757,83.28257682831119,74.91977921049727,2208.2195563174982,2287.516823014065,2342.578189140785,2343.212836938893,2379.316025258313,2415.598164039437,2140.699041184585,2323.192037830767,2,20,4 Sverdrup,3 Sverdrup,10 Sverdrup,20 Sverdrup,0.2,0.2,1.8
control,44300.0,280.2899219823853,4667,3467,2930,4907,3750,3439,105.49500398855726,83.28257285222263,74.92009273906868,2208.2194256564567,2287.5166685019203,2342.5786408883755,2343.2127098957712,2379.315870495734,2415.599219938236,2140.6991235878163,2323.192187842941,2,20,4 Sverdrup,3 Sverdrup,10 Sverdrup,20 Sverdrup,0.2,0.2,1.8
control,44400.0,280.28982379707764,4667,3467,2930,4907,3750,3439,105.49501452021576,83.28257361132746,74.92036223257152,2208.219337354261,2287.5165357907285,2342.579015323949,2343.2126436355625,2379.315745442046,2415.600113046235,2140.6991885146017,2323.192342184702,2,20,4 Sverdrup,3 Sverdrup,10 Sverdrup,20 Sverdrup,0.2,0.2,1.8
control,44500.0,280.28969215102245,4667,3467,2930,4907,3750,3439,105.49503645167798,83.28258022383218,74.92059455723394,2208.219279721036,2287.516425092671,2342.5793252114845,2343.2126261337444,2379.315652393763,2415.6008707096407,2140.699243555233,2323.1925049067363,2,20,4 Sverdrup,3 Sverdrup,10 Sverdrup,20 Sverdrup,0.2,0.2,1.8
control,44600.0,280.2897121761907,4667,3467,2929,4907,3750,3439,105.4950263180925,83.28257897691526,74.9196979956523,2208.219060843204,2287.516266206193,2342.5774448035595,2343.2123994288545,2379.315498470287,2415.597277078989,2140.6984450261584,2323.191525265903,2,20,4 Sverdrup,3 Sverdrup,10 Sverdrup,20 Sverdrup,0.2,0.2,1.8
control,44700.0,280.2896900352088,4667,3467,2930,4907,3750,3439,105.4950222296134,83.28257787664553,74.91993062278674,2208.2188890569864,2287.516110702079,2342.5777511033407,2343.212228381881,2379.3153481342574,2415.598048793855,2140.6984416719843,2323.191552889632,2,20,4 Sverdrup,3 Sverdrup,10 Sverdrup,20 Sverdrup,0.2,0.2,1.8
control,44800.0,280.28961974165446,4667,3467,2930,4907,3750,3439,105.49502927014468,83.28257989476369,74.92022436849909,2208.218773954886,2287.515972624131,2342.578168946596,2343.2121305414053,2379.315220309057,2415.59903305391,2140.698530761222,2323.1917193684194,2,20,4 Sverdrup,3 Sverdrup,10 Sverdrup,20 Sverdrup,0.2,0.2,1.8
control,44900.0,280.28951111716333,4667,3467,2930,4907,3750,3439,105.4950472161772,83.28258651225038,74.92047765424957,2208.2186990056043,2287.515854951306,2342.578516055971,2343.212089682273,2379.3151206029693,2415.599867888048,2140.6986020224645,2323.1918872641986,2,20,4 Sverdrup,3 Sverdrup,10 Sverdrup,20 Sverdrup,0.2,0.2,1.8
control,45000.0,280.2895497561791,4667,3467,2929,4907,3750,3439,105.49503274888885,83.28258429636568,74.91959854890345,2208.218467907625,2287.515688563777,2342.576666999525,2343.211843898436,2379.314957692882,2415.5963388480222,2140.6978090283656,2323.190902842648,2,20,4 Sverdrup,3 Sverdrup,10 Sverdrup,20 Sverdrup,0.2,0.2,1.8
control,45100.0,280.2895423254156,4667,3467,2929,4907,3750,3439,105.4950241822748,83.28258150832691,74.91984563673937,2208.218286494736,2287.5155254900583,2342.576999334405,2343.2116560076424,2379.3147969573374,2415.59716413959,2140.6978048091487,2323.1909205573784,2,20,4 Sverdrup,3 Sverdrup,10 Sverdrup,20 Sverdrup,0.2,0.2,1.8
control,45200.0,280.2894834212472,4667,3467,2930,4907,3750,3439,105.49502680532083,83.28258135051503,74.92015131172946,2208.218163120001,2287.515379980217,2342.5774385312507,2343.2115427237563,2379.314657949644,2415.598192470737,2140.697889949068,2323.191075548684,2,20,4 Sverdrup,3 Sverdrup,10 Sverdrup,20 Sverdrup,0.2,0.2,1.8
control,45300.0,280.2893834528238,4667,3467,2930,4907,3750,3439,105.49504056375017,83.28258550459016,74.92041439434634,2208.218080733399,2287.5152551305646,2342.57780298069,2343.211487614029,2379.3145467667537,2415.599063312299,2140.6979562636056,2323.191232461155,2,20,4 Sverdrup,3 Sverdrup,10 Sverdrup,20 Sverdrup,0.2,0.2,1.8
control,45400.0,280.2894285515711,4667,3467,2929,4907,3750,3439,105.4950222588048,83.28258070448159,74.91954330526,2208.2178428801044,2287.515081912901,2342.5759678837458,2343.21122883006,2379.314372485692,2415.5955635145697,2140.6971584973185,2323.190238598412,2,20,4 Sverdrup,3 Sverdrup,10 Sverdrup,20 Sverdrup,0.2,0.2,1.8
control,45500.0,280.28942584412295,4667,3467,2929,4907,3750,3439,105.49501027669046,83.28257534310887,74.9197969339536,2208.217655397779,2287.514912439417,2342.5763113893136,2343.2110293158403,2379.314200811799,2415.596412462512,2140.697150256772,2323.19024880369,2,20,4 Sverdrup,3 Sverdrup,10 Sverdrup,20 Sverdrup,0.2,0.2,1.8
control,45600.0,280.2893703073923,4667,3467,2930,4907,3750,3439,105.49500993799192,83.28257272112714,74.92010793508872,2208.2175266858844,2287.5147610344025,2342.576759471786,2343.210905882984,2379.314051553389,2415.5974598521125,2140.697232328933,2323.190398220351,2,20,4 Sverdrup,3 Sverdrup,10 Sverdrup,20 Sverdrup,0.2,0.2,1.8
control,45700.0,280.2892726574922,4667,3467,2930,4907,3750,3439,105.49502118913314,83.28257458855394,74.92037534429575,2208.2174397304343,2287.5146308532926,2342.57713095829,2343.210842133983,2379.313930991838,2415.598346004007,2140.6972965281943,2323.190551304096,2,20,4 Sverdrup,3 Sverdrup,10 Sverdrup,20 Sverdrup,0.2,0.2,1.8
control,45800.0,280.2893192700688,4667,3467,2929,4907,3750,3439,105.49500081042348,83.28256772224763,74.91950776494772,2208.2171980825487,2287.514452907147,2342.575301414631,2343.210576190129,2379.313748321934,2415.5948584769685,2140.696497494563,2323.189555088007,2,20,4 Sverdrup,3 Sverdrup,10 Sverdrup,20 Sverdrup,0.2,0.2,1.8
control,45900.0,280.28931746317966,4667,3467,2929,4907,3750,3439,105.49498715364956,83.2825605375373,74.91976424121935,2208.2170075549234,2287.514279326046,2342.5756493040253,2343.210370912673,2379.313569307913,2415.5957172678054,2140.696488694591,2323.1895641361507,2,20,4 Sverdrup,3 Sverdrup,10 Sverdrup,20 Sverdrup,0.2,0.2,1.8
control,46000.0,280.28926236352845,4667,3467,2930,4907,3750,3439,105.49498549756493,83.28255634160413,74.920077555876,2208.2168764960343,2287.514124431349,2342.5761008494314,2343.2102429930374,2379.313413767345,2415.5967725579685,2140.696570765861,2323.1897133272337,2,20,4 Sverdrup,3 Sverdrup,10 Sverdrup,20 Sverdrup,0.2,0.2,1.8
control,46100.0,280.289164803445,4667,3467,2930,4907,3750,3439,105.49499574395789,83.28255687932214,74.92034684727672,2208.216787823648,2287.5139913575463,2342.576475083033,2343.2101758923,2379.3132879518107,2415.597665071294,2140.6966353871967,2323.1898668886283,2,20,4 Sverdrup,3 Sverdrup,10 Sverdrup,20 Sverdrup,0.2,0.2,1.8
control,46200.0,280.28903376830675,4667,3467,2930,4907,3750,3439,105.49501739611372,83.2825632706366,74.92057897308088,2208.2167298457134,2287.5138803178734,2342.5767847646102,2343.210157584484,2379.3131941620945,2415.598422142046,2140.696690140788,2323.190028861043,2,20,4 Sverdrup,3 Sverdrup,10 Sverdrup,20 Sverdrup,0.2,0.2,1.8
control,46300.0,280.2890543909411,4667,3467,2929,4907,3750,3439,105.49500698930446,83.28256180399919,74.91968221418915,2208.2165106464645,2287.5137211109627,2342.5749041482554,2343.209930106292,2379.3130395201806,2415.5948279209283,2140.695891340847,2323.1890484981923,2,20,4 Sverdrup,3 Sverdrup,10 Sverdrup,20 Sverdrup,0.2,0.2,1.8
control,46400.0,280.2890328339941,4667,3467,2930,4907,3750,3439,105.495002633831,83.28256048643753,74.91991468926761,2208.216338560613,2287.5135653074053,2342.5752102438146,2343.2097583173704,2379.3128884902826,2415.595599058415,2140.6958877329207,2323.189075427934,2,20,4 Sverdrup,3 Sverdrup,10 Sverdrup,20 Sverdrup,0.2,0.2,1.8
control,46500.0,280.28896311230284,4667,3467,2930,4907,3750,3439,105.49500941356692,83.28256229037032,74.92020820825583,2208.21622317878,2287.5134269503096,2342.575627885438,2343.2096597645727,2379.31275999642,2415.596582749133,2140.695976582313,2323.1892412376637,2,20,4 Sverdrup,3 Sverdrup,10 Sverdrup,20 Sverdrup,0.2,0.2,1.8
control,46600.0,280.2888550479867,4667,3467,2930,4907,3750,3439,105.49502710491647,83.2825686972498,74.92046130463964,2208.21614796818,2287.5133090177665,2342.575974798006,2343.209618221144,2379.312659646926,2415.597417024926,2140.6960476175213,2323.1894084881487,2,20,4 Sverdrup,3 Sverdrup,10 Sverdrup,20 Sverdrup,0.2,0.2,1.8
control,46700.0,280.2888942359976,4667,3467,2929,4907,3750,3439,105.49501238887726,83.28256627462649,74.91958197978553,2208.2159166257643,2287.5131423888965,2342.574125548336,2343.209371779248,2379.312496118228,2415.5938874338985,2140.6952544094925,2323.18842344255,2,20,4 Sverdrup,3 Sverdrup,10 Sverdrup,20 Sverdrup,0.2,0.2,1.8
control,46800.0,280.28888734328183,4667,3467,2929,4907,3750,3439,105.49500357929271,83.28256328390678,74.91982896148936,2208.2157349845165,2287.512979091311,2342.5744577006026,2343.209183255654,2379.312334788369,2415.5947121948407,2140.6952499902427,2323.1884405563906,2,20,4 Sverdrup,3 Sverdrup,10 Sverdrup,20 Sverdrup,0.2,0.2,1.8
control,46900.0,280.2888289668893,4667,3467,2930,4907,3750,3439,105.49500596506486,83.28256292759467,74.9201344261931,2208.215611396276,2287.512833374028,2342.5748967218938,2343.2090693628643,2379.31219520988,2415.595740007993,2140.6953349412743,2323.188594967193,2,20,4 Sverdrup,3 Sverdrup,10 Sverdrup,20 Sverdrup,0.2,0.2,1.8
control,47000.0,280.28872951629626,4667,3467,2930,4907,3750,3439,105.49501949172314,83.28256688738875,74.92039733288539,2208.2155288101044,2287.5127083323814,2342.5752610040163,2343.209013666936,2379.3120834788515,2415.5966103459987,2140.695401078236,2323.188751318905,2,20,4 Sverdrup,3 Sverdrup,10 Sverdrup,20 Sverdrup,0.2,0.2,1.8
control,47100.0,280.288775123283,4667,3467,2929,4907,3750,3439,105.495000960284,83.28256189719015,74.91952603775071,2208.215290770163,2287.5125349371715,2342.57342574584,2343.208754318101,2379.3119086713014,2415.593110054491,2140.694603144292,2323.1877569131025,2,20,4 Sverdrup,3 Sverdrup,10 Sverdrup,20 Sverdrup,0.2,0.2,1.8
control,47200.0,280.2887729145598,4667,3467,2929,4907,3750,3439,105.49498875679102,83.28255634987629,74.91977957378776,2208.2151031137937,2287.5123652998523,2342.573769102757,2343.20855425982,2379.311736491799,2415.593958531036,2140.694594748174,2323.187766595465,2,20,4 Sverdrup,3 Sverdrup,10 Sverdrup,20 Sverdrup,0.2,0.2,1.8
control,47300.0,280.2887178675776,4667,3467,2930,4907,3750,3439,105.49498820175272,83.28255354606121,74.92009037813797,2208.214974239667,2287.5122137439,2342.5742170449626,2343.2084303027705,2379.311586747793,2415.595005463105,2140.694676674338,2323.1879155069364,2,20,4 Sverdrup,3 Sverdrup,10 Sverdrup,20 Sverdrup,0.2,0.2,1.8
control,47400.0,280.2886206986615,4667,3467,2930,4907,3750,3439,105.49499924141882,83.2825552356845,74.92035762485214,2208.214887133261,2287.512083424044,2342.5745884002886,2343.208366048648,2379.3114657198416,2415.595891172603,2140.6947407375465,2323.188068102881,2,20,4 Sverdrup,3 Sverdrup,10 Sverdrup,20 Sverdrup,0.2,0.2,1.8
control,47500.0,280.28849030367724,4667,3467,2930,4907,3750,3439,105.49502142315708,83.28256255181816,74.92058805787833,2208.214830179437,2287.5119745880584,2342.574895762902,2343.2083496201835,2379.3113757664337,2415.5966426653,2140.6947946352075,2323.18822861239,2,20,4 Sverdrup,3 Sverdrup,10 Sverdrup,20 Sverdrup,0.2,0.2,1.8
control,47600.0,280.28851174650345,4667,3467,2929,4907,3750,3439,105.49501132386546,83.28256180115892,74.91968984853736,2208.214611541903,2287.5118170793203,2342.573013254507,2343.2081232010214,2379.311224086579,2415.5930438265327,2140.6939947752426,2323.187246439835,2,20,4 Sverdrup,3 Sverdrup,10 Sverdrup,20 Sverdrup,0.2,0.2,1.8
control,47700.0,280.28849113732366,4667,3467,2930,4907,3750,3439,105.49500709177843,83.28256101179186,74.9199211647923,2208.2144396325493,2287.5116625194905,2342.5733177799893,2343.2079517892585,2379.311075232796,2415.593811093679,2140.693989976716,2323.187271330218,2,20,4 Sverdrup,3 Sverdrup,10 Sverdrup,20 Sverdrup,0.2,0.2,1.8
control,47800.0,280.2884224513563,4667,3467,2930,4907,3750,3439,105.495013844591,83.2825631783118,74.92021366881137,2208.2143241134286,2287.5115250055846,2342.5737340912488,2343.207853057661,2379.310948222189,2415.594791491887,2140.6940775598305,2323.1874349600507,2,20,4 Sverdrup,3 Sverdrup,10 Sverdrup,20 Sverdrup,0.2,0.2,1.8
control,47900.0,280.28831548048834,4667,3467,2930,4907,3750,3439,105.49503138804178,83.28256980415506,74.92046588667692,2208.214248515956,2287.511407569797,2342.574079849473,2343.20781089083,2379.310848755995,2415.595622919212,2140.694147294885,2323.1875999563067,2,20,4 Sverdrup,3 Sverdrup,10 Sverdrup,20 Sverdrup,0.2,0.2,1.8
control,48000.0,280.28835579704486,4667,3467,2929,4907,3750,3439,105.49501642819814,83.28256747783293,74.91958579218448,2208.2140165930564,2287.511241143423,2342.572229573099,2343.2075634772127,2379.310685599789,2415.5920908197468,2140.693352782318,2323.186612630423,2,20,4 Sverdrup,3 Sverdrup,10 Sverdrup,20 Sverdrup,0.2,0.2,1.8
control,48100.0,280.2883500507809,4667,3467,2929,4907,3750,3439,105.49500730009892,83.28256448016845,74.91983209268828,2208.213834225401,2287.511077802857,2342.572560788733,2343.207373715088,2379.310524214553,2415.5929133293757,2140.693347074652,2323.1866274715267,2,20,4 Sverdrup,3 Sverdrup,10 Sverdrup,20 Sverdrup,0.2,0.2,1.8
control,48200.0,280.28829282703094,4667,3467,2930,4907,3750,3439,105.49500931022644,83.28256403122181,74.92013694220772,2208.213709804382,2287.510931841489,2342.5729989364286,2343.2072583848703,2379.3103842281266,2415.593939086461,2140.6934307658894,2323.186779640545,2,20,4 Sverdrup,3 Sverdrup,10 Sverdrup,20 Sverdrup,0.2,0.2,1.8
control,48300.0,280.28819452614727,4667,3467,2930,4907,3750,3439,105.4950224185628,83.28256782826156,74.92039928784598,2208.2136263115985,2287.5108063942544,2342.573362388176,2343.2072011083005,2379.3102718035902,2415.594807516186,2140.6934956808104,2323.186933796716,2,20,4 Sverdrup,3 Sverdrup,10 Sverdrup,20 Sverdrup,0.2,0.2,1.8
control,48400.0,280.2882412840604,4667,3467,2929,4907,3750,3439,105.49500343512872,83.28256261785093,74.91952744738705,2208.213387305914,2287.5106324623075,2342.571526194894,2343.2069400649207,2379.310096069664,2415.591305162783,2140.6926965143525,2323.185937178506,2,20,4 Sverdrup,3 Sverdrup,10 Sverdrup,20 Sverdrup,0.2,0.2,1.8
control,48500.0,280.28824019952884,4667,3467,2929,4907,3750,3439,105.49499076089155,83.28255680607565,74.91978049207565,2208.2131986707936,2287.510462194776,2342.571868921166,2343.206738267936,2379.309922791681,2415.592152230529,2140.692687035949,2323.1859448499454,2,20,4 Sverdrup,3 Sverdrup,10 Sverdrup,20 Sverdrup,0.2,0.2,1.8
control,48600.0,280.28818625937515,4667,3467,2930,4907,3750,3439,105.49498972141416,83.28255370308517,74.92009088013323,2208.213068807006,2287.510309937583,2342.572316097369,2343.2066125383853,2379.3097718163467,2415.5931975228755,2140.692767874765,2323.1860917506065,2,20,4 Sverdrup,3 Sverdrup,10 Sverdrup,20 Sverdrup,0.2,0.2,1.8
control,48700.0,280.2880901791445,4667,3467,2930,4907,3750,3439,105.49500026854338,83.2825550670726,74.92035768997984,2208.2129807105075,2287.5101788656457,2342.57268668484,2343.2065464975794,2379.3096494589654,2415.5940816229304,2140.692830886812,2323.1862423899565,2,20,4 Sverdrup,3 Sverdrup,10 Sverdrup,20 Sverdrup,0.2,0.2,1.8
control,48800.0,280.28813834355486,4667,3467,2929,4907,3750,3439,105.49497918435412,83.28254768080522,74.91948946994097,2208.212737930145,2287.5100000021994,2342.5708561276274,2343.206278267536,2379.3094649369987,2415.590591842242,2140.6920306661973,2323.185243737348,2,20,4 Sverdrup,3 Sverdrup,10 Sverdrup,20 Sverdrup,0.2,0.2,1.8
control,48900.0,280.288138046587,4667,3467,2929,4907,3750,3439,105.4949648295022,83.28253996672592,74.91974545583942,2208.2125463108987,2287.509825498664,2342.5712033086343,2343.2060707558303,2379.3092840484637,2415.5914490072714,2140.692020836843,2323.185250568861,2,20,4 Sverdrup,3 Sverdrup,10 Sverdrup,20 Sverdrup,0.2,0.2,1.8
control,49000.0,280.2880844275208,4667,3467,2930,4907,3750,3439,105.49496248293642,83.28253523618875,74.92005823712668,2208.2124141914624,2287.5096696841883,2342.5716540122376,2343.2059406445283,2379.3091266261176,2415.5925024201924,2140.692101875607,2323.18539755421,2,20,4 Sverdrup,3 Sverdrup,10 Sverdrup,20 Sverdrup,0.2,0.2,1.8
control,49100.0,280.2879883200475,4667,3467,2930,4907,3750,3439,105.49497204797856,83.28253523762183,74.9203269980481,2208.212324490658,2287.5095357006794,2342.5720274090454,2343.2058713984097,2379.3089989352943,2415.5933930781057,2140.692165501465,2323.185548971629,2,20,4 Sverdrup,3 Sverdrup,10 Sverdrup,20 Sverdrup,0.2,0.2,1.8
control,49200.0,280.28785870971143,4667,3467,2930,4907,3750,3439,105.49499302927052,83.28254109384088,74.92055860687137,2208.2122655184885,2287.509423767453,2342.572336272782,2343.20585099578,2379.308903287957,2415.594148339686,2140.69221930239,2323.1857088685347,2,20,4 Sverdrup,3 Sverdrup,10 Sverdrup,20 Sverdrup,0.2,0.2,1.8
control,49300.0,280.28788073995565,4667,3467,2929,4907,3750,3439,105.49498196032678,83.28253909463272,74.91966128082048,2208.212045348931,2287.5092636834893,2342.570454724856,2343.205621460422,2379.3087468089,2415.5905520893184,2140.691419537961,2323.184726423587,2,20,4 Sverdrup,3 Sverdrup,10 Sverdrup,20 Sverdrup,0.2,0.2,1.8
control,49400.0,280.28786055035954,4667,3467,2930,4907,3750,3439,105.49497695750654,83.28253725027226,74.91989329245412,2208.211872342758,2287.509107030732,2342.570760196428,2343.2054476875664,2379.308593979338,2415.5913218130117,2140.6914151108435,2323.184751475657,2,20,4 Sverdrup,3 Sverdrup,10 Sverdrup,20 Sverdrup,0.2,0.2,1.8
control,49500.0,280.2877921690941,4667,3467,2930,4907,3750,3439,105.49498310271458,83.28253853414158,74.92018637635613,2208.21175607622,2287.508967851815,2342.5711770854928,2343.2053472066546,2379.308463724576,2415.592303833364,2140.691503126631,2323.184915404225,2,20,4 Sverdrup,3 Sverdrup,10 Sverdrup,20 Sverdrup,0.2,0.2,1.8
control,49600.0,280.2876854200135,4667,3467,2930,4907,3750,3439,105.495000172186,83.28254442858284,74.92043900267188,2208.211680014228,2287.50884912551,2342.5715232548605,2343.2053037885207,2379.308361655275,2415.59313645667,2140.691573354827,2323.185080821343,2,20,4 Sverdrup,3 Sverdrup,10 Sverdrup,20 Sverdrup,0.2,0.2,1.8
control,49700.0,280.287725908934,4667,3467,2929,4907,3750,3439,105.49498484423896,83.28254150091367,74.91955918682928,2208.21144784207,2287.508681727352,2342.569673152527,2343.2050555095693,2379.308196443997,2415.589604993924,2140.6907793207824,2323.1840939259137,2,20,4 Sverdrup,3 Sverdrup,10 Sverdrup,20 Sverdrup,0.2,0.2,1.8
control,49800.0,280.2877202793192,4667,3467,2929,4907,3750,3439,105.49497543818804,83.2825380145435,74.91980571177452,2208.211265417925,2287.508517693266,2342.570004762479,2343.204865220139,2379.3080334805104,2415.5904284977023,2140.6907742146423,2323.1841093852586,2,20,4 Sverdrup,3 Sverdrup,10 Sverdrup,20 Sverdrup,0.2,0.2,1.8
control,49900.0,280.2876631418856,4667,3467,2930,4907,3750,3439,105.4949772403842,83.28253717191437,74.92011077669386,2208.211141078706,2287.508371269465,2342.570443115661,2343.2047496139608,2379.3078923145185,2415.591454797386,2140.6908584586868,2323.1842621298315,2,20,4 Sverdrup,3 Sverdrup,10 Sverdrup,20 Sverdrup,0.2,0.2,1.8
control,50000.0,280.2875649077458,4667,3467,2930,4907,3750,3439,105.49499019584296,83.28254065481714,74.92037325071543,2208.211057770882,2287.508245550209,2342.57080674132,2343.204692253775,2379.3077790412653,2415.5923236400786,2140.6909239101915,2323.1844168555263,2,20,4 Sverdrup,3 Sverdrup,10 Sverdrup,20 Sverdrup,0.2,0.2,1.8
control,50100.0,280.287611719456,4667,3467,2929,4907,3750,3439,105.49497110263624,83.2825351962891,74.91950150114553,2208.210819026818,2287.5080715014174,2342.568970718775,2343.2044312734715,2379.30760273048,2415.5888216336834,2140.690125267135,2323.183420800161,2,20,4 Sverdrup,3 Sverdrup,10 Sverdrup,20 Sverdrup,0.2,0.2,1.8
control,50200.0,280.2876106801305,4667,3467,2929,4907,3750,3439,105.49495835209234,83.28252919071795,74.91975461624155,2208.210630709081,2287.5079012419337,2342.569313623098,2343.2042296498,2379.307429096653,2415.589669010026,2140.6901162969525,2323.1834290219663,2,20,4 Sverdrup,3 Sverdrup,10 Sverdrup,20 Sverdrup,0.2,0.2,1.8
control,50300.0,280.2875567807708,4667,3467,2930,4907,3750,3439,105.49495726204638,83.282525938277,74.92006505607422,2208.2105012015154,2287.5077490917856,2342.56976098768,2343.204104174545,2379.307277943084,2415.5907145850088,2140.690197625225,2323.183576455257,2,20,4 Sverdrup,3 Sverdrup,10 Sverdrup,20 Sverdrup,0.2,0.2,1.8
control,50400.0,280.2874607388648,4667,3467,2930,4907,3750,3439,105.49496777825117,83.28252718874106,74.92033190701454,2208.210413487571,2287.507618204359,2342.570131782123,2343.2040384466577,2379.3071555487427,2415.591598964102,2140.6902611105684,2323.183727610383,2,20,4 Sverdrup,3 Sverdrup,10 Sverdrup,20 Sverdrup,0.2,0.2,1.8
control,50500.0,280.2873314505774,4667,3467,2930,4907,3750,3439,105.49498944780636,83.28253407503392,74.92056194937581,2208.210355951695,2287.5075088265394,2342.570438607712,2343.2040205880244,2379.3070642709918,2415.5923491670924,2140.6903144557327,2323.183886722367,2,20,4 Sverdrup,3 Sverdrup,10 Sverdrup,20 Sverdrup,0.2,0.2,1.8
control,50600.0,280.2873539796561,4667,3467,2929,4907,3750,3439,105.49497884721148,83.28253290363655,74.91966339270954,2208.2101367571145,2287.5073508009154,2342.5685555832374,2343.20379278112,2379.3069113076817,2415.588749073287,2140.6895140678457,2323.182903193124,2,20,4 Sverdrup,3 Sverdrup,10 Sverdrup,20 Sverdrup,0.2,0.2,1.8
control,50700.0,280.28733443777253,4667,3467,2930,4907,3750,3439,105.4949741246225,83.28253170250719,74.9198942602014,2208.209964314892,2287.507195748312,2342.5688596166606,2343.203620023211,2379.3067612103146,2415.589515126307,2140.68950876395,2323.1829267680937,2,20,4 Sverdrup,3 Sverdrup,10 Sverdrup,20 Sverdrup,0.2,0.2,1.8
control,50800.0,280.2872667997264,4667,3467,2930,4907,3750,3439,105.49498039741358,83.28253346604264,74.9201864342427,2208.209848286826,2287.5070577651377,2342.5692754592365,2343.20351998618,2379.306632995025,2415.590494349893,2140.68959586594,2323.1830891225545,2,20,4 Sverdrup,3 Sverdrup,10 Sverdrup,20 Sverdrup,0.2,0.2,1.8
control,50900.0,280.2871608579811,4667,3467,2930,4907,3750,3439,105.4949974711033,83.28253969750237,74.92043829810491,2208.209772203651,2287.506939882916,2342.569620770683,2343.2034765536264,2379.3065323620785,2415.5913246392174,2140.689665141922,2323.183252882042,2,20,4 Sverdrup,3 Sverdrup,10 Sverdrup,20 Sverdrup,0.2,0.2,1.8
control,51000.0,280.2872021847262,4667,3467,2929,4907,3750,3439,105.4949820513931,83.2825369851669,74.91955788845388,2208.209539817678,2287.5067730323053,2342.567770066718,2343.2032279127584,2379.3063680760088,2415.587791432945,2140.688870191888,2323.182264355792,2,20,4 Sverdrup,3 Sverdrup,10 Sverdrup,20 Sverdrup,0.2,0.2,1.8
control,51100.0,280.28719743116926,4667,3467,2929,4907,3750,3439,105.49497247328053,83.28253360972987,74.91980377153077,2208.209357008771,2287.506609289007,2342.5681008772717,2343.203036961115,2379.306205596913,2415.5886128738425,2140.688864066906,2323.182278034029,2,20,4 Sverdrup,3 Sverdrup,10 Sverdrup,20 Sverdrup,0.2,0.2,1.8
control,51200.0,280.28714118219966,4667,3467,2930,4907,3750,3439,105.49497404296928,83.2825327910609,74.92010832174627,2208.2092321681384,2287.5064629459357,2342.56853864156,2343.2029204783616,2379.3060645518,2415.589637598591,2140.688947362943,2323.182429076757,2,20,4 Sverdrup,3 Sverdrup,10 Sverdrup,20 Sverdrup,0.2,0.2,1.8
control,51300.0,280.28704383873713,4667,3467,2930,4907,3750,3439,105.49498672025749,83.28253622626458,74.92037034330659,2208.209148276801,2287.5063371374804,2342.5689017300715,2343.202862085394,2379.305951102923,2415.590505029502,2140.6890119027744,2323.182582142021,2,20,4 Sverdrup,3 Sverdrup,10 Sverdrup,20 Sverdrup,0.2,0.2,1.8
control,51400.0,280.2870915259596,4667,3467,2929,4907,3750,3439,105.49496731753726,83.28253066260518,74.91949824273527,2208.208908904536,2287.5061628685617,2342.567065324866,2343.2025999763346,2379.305774383938,2415.5870019710824,2140.6882124337862,2323.181584538748,2,20,4 Sverdrup,3 Sverdrup,10 Sverdrup,20 Sverdrup,0.2,0.2,1.8
control,51500.0,280.2870913670764,4667,3467,2929,4907,3750,3439,105.49495423033709,83.28252450455143,74.91975090612111,2208.2087199086923,2287.50599227986,2342.5674075750444,2343.20239712985,2379.3056001490177,2415.5878478013683,2140.688202565779,2323.1815911189938,2,20,4 Sverdrup,3 Sverdrup,10 Sverdrup,20 Sverdrup,0.2,0.2,1.8
control,51600.0,280.28703833661933,4667,3467,2930,4907,3750,3439,105.49495278642776,83.28252106249045,74.92006098050447,2208.208589703661,2287.5058397196203,2342.567854443558,2343.202270384064,2379.305448247583,2415.5888921867336,2140.6882830843733,2323.181737025008,2,20,4 Sverdrup,3 Sverdrup,10 Sverdrup,20 Sverdrup,0.2,0.2,1.8
control,51700.0,280.2869431493141,4667,3467,2930,4907,3750,3439,105.49496293781984,83.28252209456883,74.92032749415137,2208.208501286579,2287.505708363106,2342.5682247529194,2343.2022033616126,2379.3053249951718,2415.589775432419,2140.6883458021407,2323.181886711181,2,20,4 Sverdrup,3 Sverdrup,10 Sverdrup,20 Sverdrup,0.2,0.2,1.8
control,51800.0,280.2868147001229,4667,3467,2930,4907,3750,3439,105.49498423631512,83.28252874065659,74.9205572148314,2208.2084430508635,2287.505598474884,2342.568531094766,2343.202184200954,2379.305232779038,2415.5905245336667,2140.6883984144524,2323.182044404697,2,20,4 Sverdrup,3 Sverdrup,10 Sverdrup,20 Sverdrup,0.2,0.2,1.8
control,51900.0,280.2868380520817,4667,3467,2929,4907,3750,3439,105.4949732620074,83.28252731295693,74.91965834813861,2208.208223166257,2287.5054399118308,2342.566647586987,2343.2019550969694,2379.305078821414,2415.5869233632243,2140.6875973265933,2323.181059505809,2,20,4 Sverdrup,3 Sverdrup,10 Sverdrup,20 Sverdrup,0.2,0.2,1.8
control,52000.0,280.2868193160668,4667,3467,2929,4907,3750,3439,105.49496816588776,83.28252584412604,74.91988891817007,2208.2080500486563,2287.505284306252,2342.5669511387555,2343.20178105622,2379.3049276935267,2415.5876883627825,2140.687591354728,2323.1810817587493,2,20,4 Sverdrup,3 Sverdrup,10 Sverdrup,20 Sverdrup,0.2,0.2,1.8
control,52100.0,280.2867524674232,4667,3467,2930,4907,3750,3439,105.4949740674349,83.28252733237038,74.92018080228533,2208.2079333629067,2287.5051457635127,2342.5673665013164,2343.201679757217,2379.3047984272225,2415.5886665523285,2140.6876778176543,2323.181242836388,2,20,4 Sverdrup,3 Sverdrup,10 Sverdrup,20 Sverdrup,0.2,0.2,1.8
control,52200.0,280.2866472986401,4667,3467,2930,4907,3750,3439,105.49499077371962,83.28253328399956,74.92043238440034,2208.207856641812,2287.5050273221027,2342.567711335332,2343.201635088149,2379.3046967351297,2415.58949582556,2140.687746482222,2323.181405361908,2,20,4 Sverdrup,3 Sverdrup,10 Sverdrup,20 Sverdrup,0.2,0.2,1.8
control,52300.0,280.2866893822231,4667,3467,2929,4907,3750,3439,105.49497499152643,83.28253028970288,74.91955169891872,2208.2076236387816,2287.504859917944,2342.565860156996,2343.2013852391656,2379.304531391335,2415.585961619189,2140.686950946179,2323.180415641834,2,20,4 Sverdrup,3 Sverdrup,10 Sverdrup,20 Sverdrup,0.2,0.2,1.8
control,52400.0,280.2866853692764,4667,3467,2929,4907,3750,3439,105.49496505670928,83.28252663209075,74.91979735568131,2208.207440234401,2287.5046956307287,2342.5661904997432,2343.2011931098214,2379.3043678633007,2415.586782080428,2140.6869442600428,2323.1804281652767,2,20,4 Sverdrup,3 Sverdrup,10 Sverdrup,20 Sverdrup,0.2,0.2,1.8
control,52500.0,280.2866298455994,4667,3467,2930,4907,3750,3439,105.49496627600236,83.28252553250826,74.92010160407524,2208.207314819705,2287.5045487561424,2342.566627801458,2343.201075480623,2379.3042257834727,2415.5878058411936,2140.6870270164977,2323.180578089024,2,20,4 Sverdrup,3 Sverdrup,10 Sverdrup,20 Sverdrup,0.2,0.2,1.8
control,52600.0,280.2865332124761,4667,3467,2930,4907,3750,3439,105.49497860954882,83.28252868919542,74.92036336500614,2208.2072303754217,2287.5044224305143,2342.56699043457,2343.2010159727447,2379.3041113180743,2415.5886723258795,2140.68709103761,2323.1807300694486,2,20,4 Sverdrup,3 Sverdrup,10 Sverdrup,20 Sverdrup,0.2,0.2,1.8
control,52700.0,280.2865815954488,4667,3467,2929,4907,3750,3439,105.4949588699212,83.28252285026444,74.91949097473682,2208.2069904706905,2287.504247659979,2342.5651535806583,2343.200752779972,2379.303933603497,2415.585168336521,2140.6862910689297,2323.179731412981,2,20,4 Sverdrup,3 Sverdrup,10 Sverdrup,20 Sverdrup,0.2,0.2,1.8
control,52800.0,280.28658211806123,4667,3467,2929,4907,3750,3439,105.49494545268368,83.28251642079312,74.91974346793862,2208.2068009624986,2287.504076586049,2342.5654953937706,2343.2005488807954,2379.3037583958844,2415.586013259747,2140.686280720849,2323.1797369720557,2,20,4 Sverdrup,3 Sverdrup,10 Sverdrup,20 Sverdrup,0.2,0.2,1.8
control,52900.0,280.2865297554196,4667,3467,2930,4907,3750,3439,105.49494368572256,83.28251271165037,74.92005326468595,2208.206670264339,2287.50392355728,2342.565941834211,2343.2004211125727,2379.3036055458288,2415.587056755625,2140.686360776244,2323.1798818861234,2,20,4 Sverdrup,3 Sverdrup,10 Sverdrup,20 Sverdrup,0.2,0.2,1.8
control,53000.0,280.2864352226177,4667,3467,2930,4907,3750,3439,105.49495352097397,83.28251348129591,74.9203195379678,2208.2065813726017,2287.503791748989,2342.5663117258414,2343.2003530971224,2379.3034813695085,2415.587939131264,2140.6864230474325,2323.180030608515,2,20,4 Sverdrup,3 Sverdrup,10 Sverdrup,20 Sverdrup,0.2,0.2,1.8
control,53100.0,280.28630741499506,4667,3467,2930,4907,3750,3439,105.4949745101476,83.28251986980634,74.92054902670027,2208.206522679959,2287.50368142559,2342.566617660854,2343.20033297204,2379.303388254421,2415.588687382338,2140.6864752290453,2323.180187365376,2,20,4 Sverdrup,3 Sverdrup,10 Sverdrup,20 Sverdrup,0.2,0.2,1.8
control,53200.0,280.2863313959033,4667,3467,2929,4907,3750,3439,105.49496323320912,83.282518189505,74.91964989466459,2208.2063023552946,2287.503522443616,2342.564733755818,2343.200102931128,2379.3032334226787,2415.58508537843,2140.6856737250914,2323.179201555089,2,20,4 Sverdrup,3 Sverdrup,10 Sverdrup,20 Sverdrup,0.2,0.2,1.8
control,53300.0,280.2863132764641,4667,3467,2929,4907,3750,3439,105.4949578409677,83.28251647308717,74.91988031834195,2208.206128814119,2287.5033664350703,2342.565036924515,2343.199927980384,2379.3030814453355,2415.5858495699918,2140.6856673529837,2323.1792229230823,2,20,4 Sverdrup,3 Sverdrup,10 Sverdrup,20 Sverdrup,0.2,0.2,1.8
control,53400.0,280.2862470325018,4667,3467,2930,4907,3750,3439,105.49496345286946,83.28251771880244,74.9201719483083,2208.206011720461,2287.50322750484,2342.565451914862,2343.1998257973746,2379.302951353832,2415.586826970057,2140.685753429223,2323.1793831399773,2,20,4 Sverdrup,3 Sverdrup,10 Sverdrup,20 Sverdrup,0.2,0.2,1.8
control,53500.0,280.28614245678966,4667,3467,2930,4907,3750,3439,105.49497987581336,83.28252343293747,74.92042331314573,2208.2059346065307,2287.503108690936,2342.5657963883577,2343.199780269454,2379.302848860297,2415.58765547377,2140.685821720798,2323.1795448284142,2,20,4 Sverdrup,3 Sverdrup,10 Sverdrup,20 Sverdrup,0.2,0.2,1.8
control,53600.0,280.2861851220943,4667,3467,2929,4907,3750,3439,105.4949638164147,83.2825202061275,74.91954238035206,2208.205701225045,2287.502940928737,2342.563944859532,2343.1995295857864,2379.302682738189,2415.584120514359,2140.685025824405,2323.1785542933926,2,20,4 Sverdrup,3 Sverdrup,10 Sverdrup,20 Sverdrup,0.2,0.2,1.8
control,53700.0,280.2861816796935,4667,3467,2929,4907,3750,3439,105.49495361031758,83.28251632088985,74.91978786732267,2208.2055174563293,2287.5027762975283,2342.5642748654877,2343.1993366454244,2379.302518454444,2415.584940246205,2140.685018791808,2323.1785660251567,2,20,4 Sverdrup,3 Sverdrup,10 Sverdrup,20 Sverdrup,0.2,0.2,1.8
control,53800.0,280.28612671587626,4667,3467,2930,4907,3750,3439,105.49495456423612,83.2825149985313,74.9200919179026,2208.205391690843,2287.5026290925034,2342.564711842225,2343.199218228203,2379.302375640932,2415.58596329744,2140.685101213994,2323.178715179251,2,20,4 Sverdrup,3 Sverdrup,10 Sverdrup,20 Sverdrup,0.2,0.2,1.8
control,53900.0,280.28603063209,4667,3467,2930,4907,3750,3439,105.49496663814116,83.28251793719882,74.92035348228747,2208.2053069089084,2287.502502449553,2342.5650741619315,2343.1991579546398,2379.302260463292,2415.586829091916,2140.685164913228,2323.1788664113924,2,20,4 Sverdrup,3 Sverdrup,10 Sverdrup,20 Sverdrup,0.2,0.2,1.8
control,54000.0,280.286079554205,4667,3467,2929,4907,3750,3439,105.49494664441724,83.28251188489789,74.91948089842275,2208.205066679177,2287.5023273743527,2342.563237004954,2343.198894017776,2379.3020820572933,2415.5833244292207,2140.6843646342336,2323.177867026915,2,20,4 Sverdrup,3 Sverdrup,10 Sverdrup,20 Sverdrup,0.2,0.2,1.8
control,54100.0,280.28608060550795,4667,3467,2929,4907,3750,3439,105.49493297854625,83.28250524661789,74.91973320403541,2208.204876858468,2287.5021560080763,2342.5635785275026,2343.198689395675,2379.301906178559,2415.584168700244,2140.68435398838,2323.177871878913,2,20,4 Sverdrup,3 Sverdrup,10 Sverdrup,20 Sverdrup,0.2,0.2,1.8
control,54200.0,280.28602876188506,4667,3467,2930,4907,3750,3439,105.49493096829862,83.28250133314177,74.92004281604416,2208.2047458598017,2287.5020026988736,2342.5640246885614,2343.19856092516,2379.301752677153,2415.5852115625207,2140.6844337569587,2323.17801610592,2,20,4 Sverdrup,3 Sverdrup,10 Sverdrup,20 Sverdrup,0.2,0.2,1.8
control,54300.0,280.28593473852527,4667,3467,2930,4907,3750,3439,105.49494056548416,83.28250190283454,74.92030890877805,2208.204656679281,2287.5018706217134,2342.5643943117366,2343.1984922275306,2379.30162786874,2415.586093322673,2140.6844957526564,2323.178164160768,2,20,4 Sverdrup,3 Sverdrup,10 Sverdrup,20 Sverdrup,0.2,0.2,1.8
control,54400.0,280.28580743101264,4667,3467,2930,4907,3750,3439,105.49496132168588,83.28250809567673,74.92053822208487,2208.204597709277,2287.501760040678,2342.5646999890614,2343.1984714398964,2379.3015341403257,2415.586840976114,2140.684547669746,2323.178320269201,2,20,4 Sverdrup,3 Sverdrup,10 Sverdrup,20 Sverdrup,0.2,0.2,1.8
control,54500.0,280.28583190229324,4667,3467,2929,4907,3750,3439,105.49494981670225,83.28250622387287,74.91963895816056,2208.204377118539,2287.5016008120438,2342.562815836631,2343.1982407555624,2379.3013787135437,2415.583238391448,2140.683745912634,2323.1773338290086,2,20,4 Sverdrup,3 Sverdrup,10 Sverdrup,20 Sverdrup,0.2,0.2,1.8
control,54600.0,280.2858142649516,4667,3467,2929,4907,3750,3439,105.4949442013477,83.28250432007293,74.91986912654662,2208.204203321872,2287.501444567379,2342.5631187675194,2343.1980651800027,2379.301226158961,2415.5840020179844,2140.683739296081,2323.1773545850333,2,20,4 Sverdrup,3 Sverdrup,10 Sverdrup,20 Sverdrup,0.2,0.2,1.8
control,54700.0,280.2857484939957,4667,3467,2930,4907,3750,3439,105.49494959487107,83.28250538240731,74.92016063121493,2208.204085983465,2287.5013054113983,2342.5635335313377,2343.197962390488,2379.301095507621,2415.5849788720484,2140.683825139714,2323.1775142083425,2,20,4 Sverdrup,3 Sverdrup,10 Sverdrup,20 Sverdrup,0.2,0.2,1.8
control,54800.0,280.28564438263913,4667,3467,2930,4907,3750,3439,105.49496580409752,83.28251091708186,74.9204118377983,2208.204008635214,2287.501186381849,2342.5638777883114,2343.197916273973,2379.3009924712505,2415.5858068463344,2140.6838932085534,2323.177675320801,2,20,4 Sverdrup,3 Sverdrup,10 Sverdrup,20 Sverdrup,0.2,0.2,1.8
control,54900.0,280.2856875033678,4667,3467,2929,4907,3750,3439,105.49494953547632,83.28250751461911,74.91953078723678,2208.203775029705,2287.501018413913,2342.562026052355,2343.197665019178,2379.300825822903,2415.5822713728403,2140.6830970997835,2323.1766842267543,2,20,4 Sverdrup,3 Sverdrup,10 Sverdrup,20 Sverdrup,0.2,0.2,1.8
control,55000.0,280.2856845088754,4667,3467,2929,4907,3750,3439,105.49493912468031,83.28250345750163,74.91977603283749,2208.2035910466057,2287.500853586492,2342.562355860016,2343.1974715247,2379.3006610291,2415.583090605116,2140.683089862689,2323.1766954159752,2,20,4 Sverdrup,3 Sverdrup,10 Sverdrup,20 Sverdrup,0.2,0.2,1.8
control,55100.0,280.28562998460364,4667,3467,2930,4907,3750,3439,105.4949398782384,83.28250196692686,74.92007997179539,2208.203465076572,2287.500706194664,2342.562792648928,2343.197352570129,2379.300517721382,2415.5841131744583,2140.6831720913938,2323.1768440444607,2,20,4 Sverdrup,3 Sverdrup,10 Sverdrup,20 Sverdrup,0.2,0.2,1.8
control,55200.0,280.285534332421,4667,3467,2930,4907,3750,3439,105.4949517560586,83.28250474097021,74.9203413913079,2208.203380099641,2287.500579374098,2342.563154790003,2343.1972917756334,2379.300402065045,2415.5849785022774,2140.683235606207,2323.1769947671837,2,20,4 Sverdrup,3 Sverdrup,10 Sverdrup,20 Sverdrup,0.2,0.2,1.8
control,55300.0,280.28558367790527,4667,3467,2929,4907,3750,3439,105.49493157036802,83.28249852753298,74.91946870276082,2208.2031396843586,2287.500404130309,2342.5613174629243,2343.197027333846,2379.300223195507,2415.581473386821,2140.682435152329,2323.175994888819,2,20,4 Sverdrup,3 Sverdrup,10 Sverdrup,20 Sverdrup,0.2,0.2,1.8
control,55400.0,280.285585145739,4667,3467,2929,4907,3750,3439,105.49491771668696,83.28249173157779,74.91972077981018,2208.202949686914,2287.500232604128,2342.56165882349,2343.1968222224205,2379.300046868026,2415.582317218438,2140.6824243387155,2323.175999262085,2,20,4 Sverdrup,3 Sverdrup,10 Sverdrup,20 Sverdrup,0.2,0.2,1.8
control,55500.0,280.285533710942,4667,3467,2930,4907,3750,3439,105.49491552261112,83.28248766378674,74.92003029277497,2208.202818520551,2287.500079143617,2342.5621048322696,2343.196693277976,2379.29989293238,2415.583359657725,2140.682503949796,2323.176143025971,2,20,4 Sverdrup,3 Sverdrup,10 Sverdrup,20 Sverdrup,0.2,0.2,1.8
control,55600.0,280.2854400891105,4667,3467,2930,4907,3750,3439,105.4949249398949,83.28248808245998,74.92029625294039,2208.202729181106,2287.4999469235554,2342.562474311605,2343.1966241214936,2379.2997677039334,2415.584241008877,2140.682565796308,2323.176290632586,2,20,4 Sverdrup,3 Sverdrup,10 Sverdrup,20 Sverdrup,0.2,0.2,1.8
control,55700.0,280.2853131759569,4667,3467,2930,4907,3750,3439,105.49494552004931,83.28249412751289,74.92052543115194,2208.202670060753,2287.499836207845,2342.5627798532432,2343.1966028897546,2379.2996735693937,2415.584988266797,2140.6826175725355,2323.176446307282,2,20,4 Sverdrup,3 Sverdrup,10 Sverdrup,20 Sverdrup,0.2,0.2,1.8
control,55800.0,280.2853380347986,4667,3467,2929,4907,3750,3439,105.49493384272074,83.28249211106197,74.91962603511855,2208.202449327918,2287.4996768525352,2342.560895571728,2343.196371775581,2379.2995177500343,2415.5813852970814,2140.6818156821155,2323.175459446792,2,20,4 Sverdrup,3 Sverdrup,10 Sverdrup,20 Sverdrup,0.2,0.2,1.8
control,55900.0,280.2853207778282,4667,3467,2929,4907,3750,3439,105.49492805870416,83.28249006569871,74.91985607625993,2208.202275397459,2287.499520489092,2342.561198382912,2343.1961957843278,2379.2993648161823,2415.5821485545825,2140.6818089411872,2323.1754797971034,2,20,4 Sverdrup,3 Sverdrup,10 Sverdrup,20 Sverdrup,0.2,0.2,1.8
control,56000.0,280.285255380723,4667,3467,2930,4907,3750,3439,105.49493328718503,83.28249098949918,74.92014745548346,2208.202157933268,2287.499381222033,2342.561613034796,2343.196092592974,2379.2992337986107,2415.583125052529,2140.681894667816,2323.1756390284027,2,20,4 Sverdrup,3 Sverdrup,10 Sverdrup,20 Sverdrup,0.2,0.2,1.8
control,56100.0,280.2851516367154,4667,3467,2930,4907,3750,3439,105.49494933490664,83.28249638860572,74.92039853954815,2208.202080467095,2287.4992620889498,2342.56195718734,2343.196046088175,2379.299130408775,2415.5839526831287,2140.6819626274355,2323.1757997621826,2,20,4 Sverdrup,3 Sverdrup,10 Sverdrup,20 Sverdrup,0.2,0.2,1.8
control,56200.0,280.28519511852954,4667,3467,2929,4907,3750,3439,105.49493290818783,83.28249285346278,74.91951736784425,2208.201846751239,2287.499094024816,2342.56010535284,2343.195794458188,2379.2989634193973,2415.580416875216,2140.6811664163897,2323.1748083017164,2,20,4 Sverdrup,3 Sverdrup,10 Sverdrup,20 Sverdrup,0.2,0.2,1.8
control,56300.0,280.2851924784768,4667,3467,2929,4907,3750,3439,105.494922342677,83.28248866649764,74.91976249679999,2208.2016626654363,2287.49892910845,2342.560435070744,2343.19560060152,2379.2987982967857,2415.581235788125,2140.681159085321,2323.174819137997,2,20,4 Sverdrup,3 Sverdrup,10 Sverdrup,20 Sverdrup,0.2,0.2,1.8
control,56400.0,280.28513830269685,4667,3467,2930,4907,3750,3439,105.49492294484229,83.28248704885702,74.92006632038036,2208.2015366000533,2287.498781634746,2342.5608717770265,2343.1954812974927,2379.298654672234,2415.582258049956,2140.6812412267705,2323.174967426136,2,20,4 Sverdrup,3 Sverdrup,10 Sverdrup,20 Sverdrup,0.2,0.2,1.8
control,56500.0,280.2850429930072,4667,3467,2930,4907,3750,3439,105.49493467452572,83.2824896985605,74.9203276275744,2208.201451535005,2287.4986547392336,2342.56123384236,2343.195420166,2379.2985387107915,2415.583123081671,2140.6813046615043,2323.1751178207624,2,20,4 Sverdrup,3 Sverdrup,10 Sverdrup,20 Sverdrup,0.2,0.2,1.8
control,56600.0,280.2849151963586,4667,3467,2930,4907,3750,3439,105.49495711136969,83.28249771985774,74.92055299710086,2208.2013958728776,2287.498548664622,2342.5615334786767,2343.1954054020225,2379.298452712268,2415.583857136561,2140.6813571921093,2323.175274824961,2,20,4 Sverdrup,3 Sverdrup,10 Sverdrup,20 Sverdrup,0.2,0.2,1.8
control,56700.0,280.2849397803671,4667,3467,2929,4907,3750,3439,105.49494687547688,83.28249740893219,74.919650469779,2208.2011778212886,2287.498393265521,2342.5596444881185,2343.195179305029,2379.2983038668917,2415.5802434689635,2140.6805553695594,2323.174288125706,2,20,4 Sverdrup,3 Sverdrup,10 Sverdrup,20 Sverdrup,0.2,0.2,1.8
control,56800.0,280.2849227053748,4667,3467,2929,4907,3750,3439,105.4949421643098,83.28249679747198,74.91987795901836,2208.201005856736,2287.4982401905445,2342.559943523771,2343.195007018957,2379.298156759852,2415.5809980169142,2140.6805481577467,2323.174307733376,2,20,4 Sverdrup,3 Sverdrup,10 Sverdrup,20 Sverdrup,0.2,0.2,1.8
control,56900.0,280.28485782917346,4667,3467,2930,4907,3750,3439,105.49494814554794,83.28249889353272,74.9201672054823,2208.2008897198416,2287.498103577392,2342.560355126116,2343.194906376893,2379.2980304724506,2415.581967382665,2140.6806330115423,2323.1744655488906,2,20,4 Sverdrup,3 Sverdrup,10 Sverdrup,20 Sverdrup,0.2,0.2,1.8
control,57000.0,280.28475485409894,4667,3467,2930,4907,3750,3439,105.494964673227,83.2825052205642,74.92041652129416,2208.2008130263484,2287.4979865091923,2342.560696787194,2343.1948614264315,2379.29793079219,2415.582789122711,2140.6806998120724,2323.1746243834145,2,20,4 Sverdrup,3 Sverdrup,10 Sverdrup,20 Sverdrup,0.2,0.2,1.8
control,57100.0,280.2847992828728,4667,3467,2929,4907,3750,3439,105.4949484978386,83.2825023907875,74.91953385900636,2208.200579613588,2287.4978199749244,2342.558842886876,2343.1946105124416,2379.297766584272,2415.5792483979817,2140.6799022498167,2323.173630691996,2,20,4 Sverdrup,3 Sverdrup,10 Sverdrup,20 Sverdrup,0.2,0.2,1.8
control,57200.0,280.2847977149697,4667,3467,2929,4907,3750,3439,105.49493799500576,83.2824987106369,74.91977774945614,2208.2003954423026,2287.497656112,2342.559170855846,2343.19441667897,2379.297603416021,2415.580063144941,2140.679893446747,2323.1736390810597,2,20,4 Sverdrup,3 Sverdrup,10 Sverdrup,20 Sverdrup,0.2,0.2,1.8
control,57300.0,280.28474469624007,4667,3467,2930,4907,3750,3439,105.4949385064802,83.2824974258464,74.9200804884266,2208.200268977337,2287.497509275407,2342.559606048724,2343.1942968366707,2379.2974610222373,2415.5810818219047,2140.679974050797,2323.173784794644,2,20,4 Sverdrup,3 Sverdrup,10 Sverdrup,20 Sverdrup,0.2,0.2,1.8
control,57400.0,280.28465059821025,4667,3467,2930,4907,3750,3439,105.49495002263907,83.28250025841163,74.92034085998077,2208.2001832648743,2287.497382659708,2342.559966772896,2343.194234720828,2379.297345669313,2415.581943715053,2140.680035923197,2323.173932552941,2,20,4 Sverdrup,3 Sverdrup,10 Sverdrup,20 Sverdrup,0.2,0.2,1.8
control,57500.0,280.28470152372154,4667,3467,2929,4907,3750,3439,105.49492938158652,83.28249397874275,74.91946722923177,2208.1999419306885,2287.497207326337,2342.558128159154,2343.193968622918,2379.297166588282,2415.5784355160145,2140.679233837548,2323.17292970737,2,20,4 Sverdrup,3 Sverdrup,10 Sverdrup,20 Sverdrup,0.2,0.2,1.8
control,57600.0,280.28470458052584,4667,3467,2929,4907,3750,3439,105.49491500066672,83.28248701246218,74.91971848209432,2208.1997508794925,2287.497035467813,2342.5584683277866,2343.193761604012,2379.296989622465,2415.5792765349747,2140.6792214226607,2323.1729311439226,2,20,4 Sverdrup,3 Sverdrup,10 Sverdrup,20 Sverdrup,0.2,0.2,1.8
control,57700.0,280.2846547319941,4667,3467,2930,4907,3750,3439,105.49491222550452,83.28248268879832,74.92002721608333,2208.199618564476,2287.4968814787467,2342.5589132116206,2343.1936305697427,2379.296834700864,2415.5803163680325,2140.6792994744137,2323.1730720233786,2,20,4 Sverdrup,3 Sverdrup,10 Sverdrup,20 Sverdrup,0.2,0.2,1.8
control,57800.0,280.28456268480977,4667,3467,2930,4907,3750,3439,105.49492102260048,83.28248278238704,74.92029246202614,2208.1995280141414,2287.496748575112,2342.559281613762,2343.1935591974047,2379.2967082087903,2415.5811952720496,2140.6793598118115,2323.1732168121025,2,20,4 Sverdrup,3 Sverdrup,10 Sverdrup,20 Sverdrup,0.2,0.2,1.8
control,57900.0,280.28443732843726,4667,3467,2930,4907,3750,3439,105.4949409554056,83.28248844732384,74.92052097253635,2208.199467646719,2287.4966370565703,2342.559586112317,2343.193535669017,2379.2966125936687,2415.5819402062107,2140.679410132949,2323.173369743849,2,20,4 Sverdrup,3 Sverdrup,10 Sverdrup,20 Sverdrup,0.2,0.2,1.8
control,58000.0,280.28446372177234,4667,3467,2929,4907,3750,3439,105.49492861306526,83.28248600784858,74.91962093609509,2208.1992456510206,2287.496476809692,2342.5577008118426,2343.193302213116,2379.296455128646,2415.5783350082106,2140.678606842659,2323.1723802192123,2,20,4 Sverdrup,3 Sverdrup,10 Sverdrup,20 Sverdrup,0.2,0.2,1.8
control,58100.0,280.28444797388715,4667,3467,2929,4907,3750,3439,105.49492215401897,83.28248350683137,74.91985039426982,2208.199070457736,2287.49631949165,2342.558002623953,2343.193123863073,2379.296300427832,2415.579096117069,2140.6785987574463,2323.172397986376,2,20,4 Sverdrup,3 Sverdrup,10 Sverdrup,20 Sverdrup,0.2,0.2,1.8
control,58200.0,280.2843840591996,4667,3467,2930,4907,3750,3439,105.49492670339966,83.2824839509557,74.92014118892627,2208.198951742373,2287.496179228156,2342.5584162918817,2343.193018317214,2379.2961675583724,2415.5800705298698,2140.678683192662,2323.1725547144256,2,20,4 Sverdrup,3 Sverdrup,10 Sverdrup,20 Sverdrup,0.2,0.2,1.8
control,58300.0,280.2842817698103,4667,3467,2930,4907,3750,3439,105.49494207253969,83.28248885347709,74.92039171678051,2208.19887304534,2287.496059074112,2342.5587594739204,2343.1929694782525,2379.2960622615765,2415.5808961294574,2140.678749912285,2323.1727130230424,2,20,4 Sverdrup,3 Sverdrup,10 Sverdrup,20 Sverdrup,0.2,0.2,1.8
control,58400.0,280.284326688587,4667,3467,2929,4907,3750,3439,105.49492496850242,83.28248480973454,74.9195099401631,2208.1986381134748,2287.495889974052,2342.5569065463333,2343.192715530411,2379.2958933284463,2415.5773580693385,2140.677952456685,2323.171719139524,2,20,4 Sverdrup,3 Sverdrup,10 Sverdrup,20 Sverdrup,0.2,0.2,1.8
control,58500.0,280.2843254441381,4667,3467,2929,4907,3750,3439,105.49491373503956,83.2824801083846,74.91975462073626,2208.1984528565,2287.4957240257727,2342.5572354719875,2343.192519414928,2379.2957262551417,2415.5781753463293,2140.677944034563,2323.1717277674347,2,20,4 Sverdrup,3 Sverdrup,10 Sverdrup,20 Sverdrup,0.2,0.2,1.8
control,58600.0,280.2842726354238,4667,3467,2930,4907,3750,3439,105.49491367817116,83.28247797398213,74.92005794047849,2208.1983256533285,2287.4955755298965,2342.557671250403,2343.1923978991217,2379.295580684749,2415.579195713874,2140.6780250783704,2323.171873853263,2,20,4 Sverdrup,3 Sverdrup,10 Sverdrup,20 Sverdrup,0.2,0.2,1.8
control,58700.0,280.28417866591275,4667,3467,2930,4907,3750,3439,105.49492475878472,83.2824801074552,74.9203187474807,2208.1982394837,2287.495447627609,2342.5580323913923,2343.192334604593,2379.295462793181,2415.580058867968,2140.678087449236,2323.1720221028754,2,20,4 Sverdrup,3 Sverdrup,10 Sverdrup,20 Sverdrup,0.2,0.2,1.8
control,58800.0,280.28405218285843,4667,3467,2930,4907,3750,3439,105.4949465575067,83.28248761538295,74.92054362909754,2208.198182751342,2287.495340566221,2342.5583311212126,2343.1923177290914,2379.295374889004,2415.580791087381,2140.678138955739,2323.1721770261584,2,20,4 Sverdrup,3 Sverdrup,10 Sverdrup,20 Sverdrup,0.2,0.2,1.8
control,58900.0,280.2840780647556,4667,3467,2929,4907,3750,3439,105.4949356924158,83.28248679484749,74.91964056761509,2208.1979636529986,2287.495184199488,2342.556441110821,2343.192089558175,2379.295224163303,2415.577175363453,2140.677336094629,2323.1711882358,2,20,4 Sverdrup,3 Sverdrup,10 Sverdrup,20 Sverdrup,0.2,0.2,1.8
control,59000.0,280.2840622485003,4667,3467,2929,4907,3750,3439,105.49493036681908,83.28248568042078,74.91986765052523,2208.1977906908032,2287.4950301864096,2342.5567394328605,2343.1919152704504,2379.295075216626,2415.5779284664272,2140.677327987124,2323.171205952673,2,20,4 Sverdrup,3 Sverdrup,10 Sverdrup,20 Sverdrup,0.2,0.2,1.8
control,59100.0,280.2839986055872,4667,3467,2930,4907,3750,3439,105.49493574620251,83.28248728080608,74.9201564548941,2208.197673590525,2287.494892663376,2342.55715019146,2343.191812680872,2379.2949471302068,2415.578896126455,2140.677411927725,2323.171361869444,2,20,4 Sverdrup,3 Sverdrup,10 Sverdrup,20 Sverdrup,0.2,0.2,1.8
control,59200.0,280.28389684005583,4667,3467,2930,4907,3750,3439,105.4949516843132,83.28249312010395,74.92040532274004,2208.197595965394,2287.4947747135598,2342.55749101746,2343.1917658341868,2379.294845692808,2415.5797161764326,2140.677477839271,2323.171518849288,2,20,4 Sverdrup,3 Sverdrup,10 Sverdrup,20 Sverdrup,0.2,0.2,1.8
control,59300.0,280.2839424655043,4667,3467,2929,4907,3750,3439,105.49493492891573,83.2824898101213,74.91952216379367,2208.1973616409523,2287.49460732187,2342.555636172507,2343.1915130592847,2379.2946797649606,2415.576173541586,2140.6766793668503,2323.1705232834547,2,20,4 Sverdrup,3 Sverdrup,10 Sverdrup,20 Sverdrup,0.2,0.2,1.8
control,59400.0,280.28394205789937,4667,3467,2929,4907,3750,3439,105.49492386096829,83.28248565912968,74.91976568435787,2208.1971766031515,2287.4944426336942,2342.555963506629,2343.191317433613,2379.294514925089,2415.576986991332,2140.67666979102,2323.170529990329,2,20,4 Sverdrup,3 Sverdrup,10 Sverdrup,20 Sverdrup,0.2,0.2,1.8
control,59500.0,280.2838901767028,4667,3467,2930,4907,3750,3439,105.49492381965491,83.28248391268251,74.92006801694963,2208.197049301764,2287.494295000911,2342.556397937285,2343.191195848844,2379.294370904649,2415.578004111305,2140.67674959982,2323.170674006259,2,20,4 Sverdrup,3 Sverdrup,10 Sverdrup,20 Sverdrup,0.2,0.2,1.8
control,59600.0,280.2837971950454,4667,3467,2930,4907,3750,3439,105.49493479479588,83.28248629277277,74.92032797550898,2208.196962780389,2287.494167616808,2342.5567579100366,2343.191132036889,2379.294253968816,2415.5788644637223,2140.676810696635,2323.170820104024,2,20,4 Sverdrup,3 Sverdrup,10 Sverdrup,20 Sverdrup,0.2,0.2,1.8
control,59700.0,280.28384922654845,4667,3467,2929,4907,3750,3439,105.4949136215761,83.28247956888889,74.91945388238791,2208.1967206530417,2287.493991537801,2342.5549184366946,2343.190864272948,2379.294073342094,2415.575354503765,2140.676007810032,2323.169815571709,2,20,4 Sverdrup,3 Sverdrup,10 Sverdrup,20 Sverdrup,0.2,0.2,1.8
control,59800.0,280.2838533553301,4667,3467,2929,4907,3750,3439,105.4948987225491,83.28247216809962,74.91970479905285,2208.1965288497854,2287.49381896374,2342.55525805673,2343.190655651417,2379.2938948775545,2415.5761943749044,2140.675994727937,2323.169815507977,2,20,4 Sverdrup,3 Sverdrup,10 Sverdrup,20 Sverdrup,0.2,0.2,1.8
control,59900.0,280.2838045582511,4667,3467,2930,4907,3750,3439,105.49489544069527,83.28246741915429,74.9200131598971,2208.196395808918,2287.4936642857056,2342.5557022651674,2343.190523058983,2379.2937384998977,2415.5772327998066,2140.6760720866464,2323.1699548663164,2,20,4 Sverdrup,3 Sverdrup,10 Sverdrup,20 Sverdrup,0.2,0.2,1.8
control,60000.0,280.2837135434974,4667,3467,2930,4907,3750,3439,105.49490374191087,83.28246709646405,74.92027802550406,2208.196304556561,2287.4935307181463,2342.5560700028573,2343.1904501696868,2379.29361059256,2415.578110310976,2140.676131747603,2323.170098166086,2,20,4 Sverdrup,3 Sverdrup,10 Sverdrup,20 Sverdrup,0.2,0.2,1.8
control,60100.0,280.28358920073043,4667,3467,2930,4907,3750,3439,105.49492318939583,83.28247235394699,74.92050616374814,2208.19624351073,2287.493418559819,2342.5563738608507,2343.190425164917,2379.2935136017704,2415.578853893296,2140.676181416404,2323.1702496497546,2,20,4 Sverdrup,3 Sverdrup,10 Sverdrup,20 Sverdrup,0.2,0.2,1.8
control,60200.0,280.28361659958875,4667,3467,2929,4907,3750,3439,105.49491036936794,83.28246951475317,74.9196057057217,2208.1960208485984,2287.4932576922906,2342.5544878105206,2343.190190257028,2379.2933547938446,2415.5752471200567,2140.675377444932,2323.169258645182,2,20,4 Sverdrup,3 Sverdrup,10 Sverdrup,20 Sverdrup,0.2,0.2,1.8
control,60300.0,280.28360182542974,4667,3467,2929,4907,3750,3439,105.4949034454776,83.2824666230789,74.91983486756935,2208.1958450263105,2287.4930997801066,2342.554789182838,2343.190010512823,2379.2931987924608,2415.576007264284,2140.675368808829,2323.1692751133705,2,20,4 Sverdrup,3 Sverdrup,10 Sverdrup,20 Sverdrup,0.2,0.2,1.8
control,60400.0,280.2835388656386,4667,3467,2930,4907,3750,3439,105.49490754034034,83.28246668508292,74.92012533075587,2208.195725705112,2287.4929589457083,2342.5552022884517,2343.1899036125046,2379.2930646606237,2415.576980460288,2140.675452666414,2323.169430519552,2,20,4 Sverdrup,3 Sverdrup,10 Sverdrup,20 Sverdrup,0.2,0.2,1.8
control,60500.0,280.2834375138813,4667,3467,2930,4907,3750,3439,105.49492246470162,83.28247121375286,74.92037551866484,2208.1956464230334,2287.492838242584,2342.555544916116,2343.189853455549,2379.292958137792,2415.577804852251,2140.67551882184,2323.169587533518,2,20,4 Sverdrup,3 Sverdrup,10 Sverdrup,20 Sverdrup,0.2,0.2,1.8
control,60600.0,280.28348334210386,4667,3467,2929,4907,3750,3439,105.49490492800092,83.28246680510215,74.91949346721036,2208.195410938245,2287.492668618781,2342.5536915878265,2343.1895982411247,2379.2927880196003,2415.574265883001,2140.6747208762754,2323.16859246334,2,20,4 Sverdrup,3 Sverdrup,10 Sverdrup,20 Sverdrup,0.2,0.2,1.8
control,60700.0,280.283483003666,4667,3467,2929,4907,3750,3439,105.49489326843828,83.28246174611394,74.91973776168281,2208.195225134441,2287.492502163436,2342.5540198484355,2343.18940087597,2379.292619790775,2415.575081718056,2140.674711877716,2323.1685997992377,2,20,4 Sverdrup,3 Sverdrup,10 Sverdrup,20 Sverdrup,0.2,0.2,1.8
control,60800.0,280.28343108484233,4667,3467,2930,4907,3750,3439,105.49489279424016,83.2824592615514,74.92004075225393,2208.1950974043643,2287.492353179399,2342.554455131198,2343.18927814455,2379.292473096948,2415.576100975966,2140.6747924156707,2323.168744690814,2,20,4 Sverdrup,3 Sverdrup,10 Sverdrup,20 Sverdrup,0.2,0.2,1.8
control,60900.0,280.2833379883069,4667,3467,2930,4907,3750,3439,105.49490346642858,83.28246105226494,74.92030125124299,2208.195010728965,2287.492224808119,2342.5548158071865,2343.1892136698016,2379.2923541141254,2415.5769630750187,2140.6748543072395,2323.1688917885,2,20,4 Sverdrup,3 Sverdrup,10 Sverdrup,20 Sverdrup,0.2,0.2,1.8
control,61000.0,280.2832123617972,4667,3467,2930,4907,3750,3439,105.49492486542589,83.2824682246925,74.92052583145562,2208.19495351102,2287.492117296586,2342.5551140890007,2343.189195648211,2379.2922651503054,2415.577694266874,2140.6749053522663,2323.169045591548,2,20,4 Sverdrup,3 Sverdrup,10 Sverdrup,20 Sverdrup,0.2,0.2,1.8
control,61100.0,280.2832390733922,4667,3467,2929,4907,3750,3439,105.49491361164404,83.28246707662517,74.91962253124065,2208.1947339576154,2287.491960502326,2342.55322377651,2343.1889663792767,2379.292113401521,2415.57407779879,2140.674102098647,2323.168055781737,2,20,4 Sverdrup,3 Sverdrup,10 Sverdrup,20 Sverdrup,0.2,0.2,1.8
control,61200.0,280.2832240846448,4667,3467,2929,4907,3750,3439,105.4949079029133,83.28246564101553,74.91984926258769,2208.19456054454,2287.491806075885,2342.5535215294967,2343.188791006873,2379.29196345717,2415.574829620123,2140.6740935089824,2323.168072369167,2,20,4 Sverdrup,3 Sverdrup,10 Sverdrup,20 Sverdrup,0.2,0.2,1.8
control,61300.0,280.28316125439017,4667,3467,2930,4907,3750,3439,105.49491290696996,83.2824669268208,74.920137771454,2208.194443011298,2287.491668156044,2342.5539318861,2343.188687363111,2379.2918344012724,2415.575796326736,2140.674177035538,2323.1682272504736,2,20,4 Sverdrup,3 Sverdrup,10 Sverdrup,20 Sverdrup,0.2,0.2,1.8
control,61400.0,280.2830602859062,4667,3467,2930,4907,3750,3439,105.49492847774808,83.28247245810829,74.92038636403954,2208.194364972327,2287.491549826369,2342.5542723384656,2343.1886394941625,2379.2917320229035,2415.5766154739363,2140.674242557473,2323.1683832338126,2,20,4 Sverdrup,3 Sverdrup,10 Sverdrup,20 Sverdrup,0.2,0.2,1.8
control,61500.0,280.283106682465,4667,3467,2929,4907,3750,3439,105.4949113653853,83.28246884744169,74.91950299249243,2208.19413026344,2287.4913820757542,2342.552417263485,2343.188385742848,2379.291565187831,2415.573072215548,2140.6734437629266,2323.1673867698346,2,20,4 Sverdrup,3 Sverdrup,10 Sverdrup,20 Sverdrup,0.2,0.2,1.8
control,61600.0,280.28310704472955,4667,3467,2929,4907,3750,3439,105.49489994538752,83.28246440150983,74.91974618678489,2208.19394484413,2287.4912170412604,2342.5527440987203,2343.188189151821,2379.2913994635223,2415.573884500924,2140.673433773596,2323.167392465913,2,20,4 Sverdrup,3 Sverdrup,10 Sverdrup,20 Sverdrup,0.2,0.2,1.8
control,61700.0,280.2830559195253,4667,3467,2930,4907,3750,3439,105.4948995592132,83.28246236615252,74.92004824846508,2208.193817177846,2287.491069077245,2342.553178195643,2343.188066629891,2379.2912545843674,2415.5749007814143,2140.6735132354315,2323.167535562512,2,20,4 Sverdrup,3 Sverdrup,10 Sverdrup,20 Sverdrup,0.2,0.2,1.8
control,61800.0,280.28296367924867,4667,3467,2930,4907,3750,3439,105.49491019688642,83.282464463357,74.9203079556225,2208.1937303093828,2287.4909413774585,2342.553537861213,2343.188001910413,2379.2911368159653,2415.5757603418488,2140.673574008267,2323.1676807775384,2,20,4 Sverdrup,3 Sverdrup,10 Sverdrup,20 Sverdrup,0.2,0.2,1.8
control,61900.0,280.2828389489607,4667,3467,2930,4907,3750,3439,105.49493146368584,83.28247181986816,74.92053185154289,2208.193672697373,2287.490834239744,2342.5538352587614,2343.187983285612,2379.29104855295,2415.576489329077,2140.673623922149,2323.1678326593183,2,20,4 Sverdrup,3 Sverdrup,10 Sverdrup,20 Sverdrup,0.2,0.2,1.8
control,62000.0,280.28286657980465,4667,3467,2929,4907,3750,3439,105.4949200009916,83.28247075237203,74.91962795098905,2208.193452596668,2287.4906775694867,2342.551944151455,2343.18775313641,2379.2908970725,2415.5728709100536,2140.6728195462324,2323.1668409247723,2,20,4 Sverdrup,3 Sverdrup,10 Sverdrup,20 Sverdrup,0.2,0.2,1.8
control,62100.0,280.2828525206159,4667,3467,2929,4907,3750,3439,105.49491402414606,83.2824693109893,74.91985414961117,2208.1932785229774,2287.4905230610607,2342.552241170188,2343.1875766745434,2379.290747038004,2415.573620969139,2140.6728098570256,2323.166855607416,2,20,4 Sverdrup,3 Sverdrup,10 Sverdrup,20 Sverdrup,0.2,0.2,1.8
control,62200.0,280.28279062158595,4667,3467,2930,4907,3750,3439,105.49491871527133,83.28247051995604,74.9201421761067,2208.193160248441,2287.490384892439,2342.5526508333423,2343.1874717879355,2379.290617599569,2415.574586055498,2140.672892315023,2323.167008619965,2,20,4 Sverdrup,3 Sverdrup,10 Sverdrup,20 Sverdrup,0.2,0.2,1.8
control,62300.0,280.28269057934733,4667,3467,2930,4907,3750,3439,105.49493394002164,83.2824759167156,74.92039032744808,2208.193081413925,2287.490266181625,2342.552990618712,2343.1874225679567,2379.290514604213,2415.575403688644,2140.672956804968,2323.167162780519,2,20,4 Sverdrup,3 Sverdrup,10 Sverdrup,20 Sverdrup,0.2,0.2,1.8
control,62400.0,280.28273790322703,4667,3467,2929,4907,3750,3439,105.49491645527252,83.28247212445298,74.91950648747127,2208.1928458646607,2287.49009794291,2342.5511347591464,2343.1871673778137,2379.2903469618445,2415.5718587296437,2140.67215696422,2323.16616447272,2,20,4 Sverdrup,3 Sverdrup,10 Sverdrup,20 Sverdrup,0.2,0.2,1.8
control,62500.0,280.2827391670474,4667,3467,2929,4907,3750,3439,105.49490464946663,83.28246746118973,74.9197493570516,2208.192659602128,2287.489932346539,2342.5514611059584,2343.186969322608,2379.2901802928977,2415.572669944346,2140.672146074808,2323.166168520437,2,20,4 Sverdrup,3 Sverdrup,10 Sverdrup,20 Sverdrup,0.2,0.2,1.8
control,62600.0,280.2826889280991,4667,3467,2930,4907,3750,3439,105.49490386761258,83.2824651806505,74.92005106639718,2208.19253108813,2287.489783765165,2342.551894571045,2343.1868453153324,2379.2900343639576,2415.573684901459,2140.672224625016,2323.166309960131,2,20,4 Sverdrup,3 Sverdrup,10 Sverdrup,20 Sverdrup,0.2,0.2,1.8
control,62700.0,280.2825975586354,4667,3467,2930,4907,3750,3439,105.49491410403458,83.28246701162135,74.92031042294515,2208.1924433750783,2287.4896554090947,2342.552253597284,2343.18677910402,2379.289915469177,2415.574543152578,2140.6722845159843,2323.166453563077,2,20,4 Sverdrup,3 Sverdrup,10 Sverdrup,20 Sverdrup,0.2,0.2,1.8
control,62800.0,280.2824736827574,4667,3467,2930,4907,3750,3439,105.49493496760368,83.28247408650667,74.92053398186313,2208.192384928851,2287.4895475900757,2342.552550360288,2343.186758993952,2379.28982602707,2415.5752708641594,2140.672333584128,2323.166603885704,2,20,4 Sverdrup,3 Sverdrup,10 Sverdrup,20 Sverdrup,0.2,0.2,1.8
control,62900.0,280.28250216144926,4667,3467,2929,4907,3750,3439,105.49492309982288,83.28247272573158,74.91962969871533,2208.1921639982497,2287.4893902205085,2342.550658492137,2343.1865273603617,2379.2896733284906,2415.571650938611,2140.67152834488,2323.165610572016,2,20,4 Sverdrup,3 Sverdrup,10 Sverdrup,20 Sverdrup,0.2,0.2,1.8
control,63000.0,280.2824889198778,4667,3467,2929,4907,3750,3439,105.49491672346754,83.28247098466095,74.91985564327537,2208.1919891280268,2287.489235011601,2342.550955040228,2343.1863494557488,2379.2895220627997,2415.572400084799,2140.671517930535,2323.165623864764,2,20,4 Sverdrup,3 Sverdrup,10 Sverdrup,20 Sverdrup,0.2,0.2,1.8
control,63100.0,280.28242782089563,4667,3467,2930,4907,3750,3439,105.49492101978662,83.28247189014552,74.92014337639225,2208.191870078286,2287.4890961453884,2342.5513640877366,2343.186243154723,2379.2893913888206,2415.5733639805226,2140.671599642147,2323.165775469125,2,20,4 Sverdrup,3 Sverdrup,10 Sverdrup,20 Sverdrup,0.2,0.2,1.8
control,63200.0,280.2823285625671,4667,3467,2930,4907,3750,3439,105.49493585517811,83.28247698190907,74.92039122719834,2208.1917904893494,2287.488976744245,2342.551703251647,2343.1861925494777,2379.289287162028,2415.57418042108,2140.671663405192,2323.1659282549085,2,20,4 Sverdrup,3 Sverdrup,10 Sverdrup,20 Sverdrup,0.2,0.2,1.8
control,63300.0,280.28237665399115,4667,3467,2929,4907,3750,3439,105.49491798734849,83.28247288499428,74.91950709471935,2208.1915542077354,2287.488807826225,2342.5498467828334,2343.185936005891,2379.2891182994067,2415.570634300933,2140.6708628649835,2323.1649286152624,2,20,4 Sverdrup,3 Sverdrup,10 Sverdrup,20 Sverdrup,0.2,0.2,1.8
control,63400.0,280.2823786691201,4667,3467,2929,4907,3750,3439,105.4949058052639,83.28246791885243,74.91974968038605,2208.191367235261,2287.488641564285,2342.550172528801,2343.1857366302197,2379.288950426647,2415.5714443760908,2140.6708513005537,2323.164931369888,2,20,4 Sverdrup,3 Sverdrup,10 Sverdrup,20 Sverdrup,0.2,0.2,1.8
control,63500.0,280.28232916601263,4667,3467,2930,4907,3750,3439,105.494904654261,83.28246533830756,74.92005111088118,2208.1912380334065,2287.488492332898,2342.550605402032,2343.1856113357803,2379.288803314143,2415.572458214657,2140.670929197528,2323.165071552694,2,20,4 Sverdrup,3 Sverdrup,10 Sverdrup,20 Sverdrup,0.2,0.2,1.8
control,63600.0,280.28223851719787,4667,3467,2930,4907,3750,3439,105.49491452883952,83.28246687296618,74.92031019486505,2208.191149654111,2287.488363343561,2342.550963846305,2343.1855438704297,2379.2886832587187,2415.573315368493,2140.670988456073,2323.1652139330013,2,20,4 Sverdrup,3 Sverdrup,10 Sverdrup,20 Sverdrup,0.2,0.2,1.8
control,63700.0,280.2822928357588,4667,3467,2929,4907,3750,3439,105.49489226758824,83.28245929845939,74.91943525014203,2208.19090571706,2287.4881856671186,2342.549122871028,2343.185272520584,2379.2884995101704,2415.569802281917,2140.6701838012877,2323.1642057940144,2,20,4 Sverdrup,3 Sverdrup,10 Sverdrup,20 Sverdrup,0.2,0.2,1.8
control,63800.0,280.2822992066149,4667,3467,2929,4907,3750,3439,105.49487629576574,83.2824510468559,74.91968533819642,2208.1907121559925,2287.488011514662,2342.5494610200903,2343.185060388782,2379.288317941667,2415.570639101988,2140.670169017913,2323.164202232066,2,20,4 Sverdrup,3 Sverdrup,10 Sverdrup,20 Sverdrup,0.2,0.2,1.8
control,63900.0,280.2822526072193,4667,3467,2930,4907,3750,3439,105.49487195824707,83.28244545086581,74.9199928915486,2208.1905774112984,2287.487855285836,2342.549903787321,2343.1849243668994,2379.288158493498,2415.571674544439,2140.6702447389216,2323.1643381958365,2,20,4 Sverdrup,3 Sverdrup,10 Sverdrup,20 Sverdrup,0.2,0.2,1.8
control,64000.0,280.2821637465676,4667,3467,2930,4907,3750,3439,105.49487922221262,83.28244428800221,74.92025696806031,2208.190484509987,2287.4877202014345,2342.5502701144137,2343.184848132018,2379.28802756097,2415.5725491395224,2140.6703028224506,2323.1644782002454,2,20,4 Sverdrup,3 Sverdrup,10 Sverdrup,20 Sverdrup,0.2,0.2,1.8
control,64100.0,280.28204151520544,4667,3467,2930,4907,3750,3439,105.49489765170394,83.28244871458011,74.92048433474326,2208.19042187011,2287.4876065647686,2342.550572593523,2343.1848198669973,2379.287927599148,2415.5732898709944,2140.6703509711965,2323.164626483812,2,20,4 Sverdrup,3 Sverdrup,10 Sverdrup,20 Sverdrup,0.2,0.2,1.8
control,64200.0,280.2820709832781,4667,3467,2929,4907,3750,3439,105.49488383331747,83.28244505552365,74.919583120285,2208.1901976682143,2287.4874442605,2342.5486851947057,2343.1845817842272,2379.287765880632,2415.569680306657,2140.6695455340714,2323.1636323694106,2,20,4 Sverdrup,3 Sverdrup,10 Sverdrup,20 Sverdrup,0.2,0.2,1.8
control,64300.0,280.282058237568,4667,3467,2929,4907,3750,3439,105.4948759310571,83.28244135640935,74.91981154271147,2208.190020359533,2287.4872849551725,2342.548985254871,2343.184398950284,2379.287607033596,2415.5704377290804,2140.6695354848243,2323.1636458168514,2,20,4 Sverdrup,3 Sverdrup,10 Sverdrup,20 Sverdrup,0.2,0.2,1.8
control,64400.0,280.28199726640946,4667,3467,2930,4907,3750,3439,105.4948790676286,83.28244062438463,74.92010128322868,2208.1898996040904,2287.4871427723447,2342.5493970830985,2343.184289044297,2379.287470123954,2415.5714082675217,2140.669617979476,2323.1637982874327,2,20,4 Sverdrup,3 Sverdrup,10 Sverdrup,20 Sverdrup,0.2,0.2,1.8
control,64500.0,280.2818978644928,4667,3467,2930,4907,3750,3439,105.49489305367014,83.28244437311801,74.92035076319713,2208.189818938491,2287.4870207659314,2342.549738468584,2343.184235964221,2379.2873608928494,2415.572230065466,2140.6696828199847,2323.1639524476936,2,20,4 Sverdrup,3 Sverdrup,10 Sverdrup,20 Sverdrup,0.2,0.2,1.8
control,64600.0,280.28194560434474,4667,3467,2929,4907,3750,3439,105.49487459828482,83.28243919901718,74.91946801653975,2208.1895821193166,2287.48684988387,2342.5478839310963,2343.183977907144,2379.287188136558,2415.568688559991,2140.6688836053054,2323.16295460155,2,20,4 Sverdrup,3 Sverdrup,10 Sverdrup,20 Sverdrup,0.2,0.2,1.8
control,64700.0,280.28194714057446,4667,3467,2929,4907,3750,3439,105.49486203954568,83.2824333893549,74.91971163177165,2208.189395028877,2287.486682214889,2342.548211021489,2343.18377777824,2379.287017339955,2415.569501927637,2140.668873382777,2323.1629592395025,2,20,4 Sverdrup,3 Sverdrup,10 Sverdrup,20 Sverdrup,0.2,0.2,1.8
control,64800.0,280.2818970604077,4667,3467,2930,4907,3750,3439,105.49486068536964,83.28243016901804,74.9200139579175,2208.189266058438,2287.48653206115,2342.5486451704296,2343.183652360044,2379.286868148239,2415.5705187810177,2140.6689527400536,2323.163101507811,2,20,4 Sverdrup,3 Sverdrup,10 Sverdrup,20 Sverdrup,0.2,0.2,1.8
control,64900.0,280.2818057674018,4667,3467,2930,4907,3750,3439,105.4948704964231,83.28243123886372,74.92027380604523,2208.18917818749,2287.486402563226,2342.549004748789,2343.18358527349,2379.286746736597,2415.571378537443,2140.669013492806,2323.16324605457,2,20,4 Sverdrup,3 Sverdrup,10 Sverdrup,20 Sverdrup,0.2,0.2,1.8
control,65000.0,280.28168191012514,4667,3467,2930,4907,3750,3439,105.49489105275175,83.28243770525188,74.92049774886964,2208.1891198174226,2287.4862939671216,2342.5493019690834,2343.183564713095,2379.2866554119346,2415.572107447986,2140.6690634396946,2323.1633973770936,2,20,4 Sverdrup,3 Sverdrup,10 Sverdrup,20 Sverdrup,0.2,0.2,1.8
control,65100.0,280.2817103571092,4667,3467,2929,4907,3750,3439,105.49487897423846,83.28243586578185,74.9195938225247,2208.18889915388,2287.486136129268,2342.5474106279053,2343.1833329760866,2379.2865013688925,2415.5684887530333,2140.6682591269077,2323.16240515367,2,20,4 Sverdrup,3 Sverdrup,10 Sverdrup,20 Sverdrup,0.2,0.2,1.8
control,65200.0,280.2816970709833,4667,3467,2929,4907,3750,3439,105.49487245847006,83.2824337532519,74.91981994233551,2208.188724671564,2287.4859806991785,2342.547707391134,2343.183155204877,2379.2863491955877,2415.569238413976,2140.668249517218,2323.1624193957887,2,20,4 Sverdrup,3 Sverdrup,10 Sverdrup,20 Sverdrup,0.2,0.2,1.8
control,65300.0,280.2816359113635,4667,3467,2930,4907,3750,3439,105.49487667281232,83.28243437640947,74.92010785339956,2208.188606108825,2287.4858418145745,2342.548116793435,2343.1830492298386,2379.2862179746303,2415.570203019643,2140.668332061445,2323.162571997264,2,20,4 Sverdrup,3 Sverdrup,10 Sverdrup,20 Sverdrup,0.2,0.2,1.8
control,65400.0,280.2815365822725,4667,3467,2930,4907,3750,3439,105.4948914708142,83.2824392590849,74.92035586043879,2208.188527078979,2287.4857225579644,2342.548456326251,2343.182999095415,2379.286113493642,2415.5710201239253,2140.6683966376986,2323.1627257644686,2,20,4 Sverdrup,3 Sverdrup,10 Sverdrup,20 Sverdrup,0.2,0.2,1.8
control,65500.0,280.28158458736027,4667,3467,2929,4907,3750,3439,105.4948736020892,83.2824350135353,74.91947191352014,2208.1882914166395,2287.4855539171576,2342.546600362656,2343.182743142395,2379.285944616788,2415.567474873026,2140.667596932572,2323.161727144795,2,20,4 Sverdrup,3 Sverdrup,10 Sverdrup,20 Sverdrup,0.2,0.2,1.8
control,65600.0,280.2815865282536,4667,3467,2929,4907,3750,3439,105.49486144191906,83.2824299462183,74.91971454603933,2208.1881050804973,2287.485388028268,2342.5469263466102,2343.1825444122846,2379.285776910196,2415.568285229192,2140.6675860683554,2323.161730747592,2,20,4 Sverdrup,3 Sverdrup,10 Sverdrup,20 Sverdrup,0.2,0.2,1.8
control,65700.0,280.28153695245163,4667,3467,2930,4907,3750,3439,105.49486033142335,83.2824273027153,74.92001605886526,2208.1879765330937,2287.485239244716,2342.547359625681,2343.182419812432,2379.2856301068705,2415.569299636089,2140.667664689678,2323.1618718106733,2,20,4 Sverdrup,3 Sverdrup,10 Sverdrup,20 Sverdrup,0.2,0.2,1.8
control,65800.0,280.281446233013,4667,3467,2930,4907,3750,3439,105.49487026027208,83.28242880474798,74.92027522842784,2208.1878888183214,2287.4851107593386,2342.547718505964,2343.1823530747333,2379.2855104710416,2415.570157376968,2140.667724655452,2323.162015050388,2,20,4 Sverdrup,3 Sverdrup,10 Sverdrup,20 Sverdrup,0.2,0.2,1.8
control,65900.0,280.2813229956148,4667,3467,2930,4907,3750,3439,105.49489083340056,83.28243557879414,74.92049859804004,2208.187830393968,2287.485002869108,2342.5480151502097,2343.1823324900192,2379.2854203960087,2415.5708845976906,2140.6677737950326,2323.162165013824,2,20,4 Sverdrup,3 Sverdrup,10 Sverdrup,20 Sverdrup,0.2,0.2,1.8
control,66000.0,280.28135209169733,4667,3467,2929,4907,3750,3439,105.494878691705,83.28243394122002,74.91959418014085,2208.187609513905,2287.484845478511,2342.546123317358,2343.182100437456,2379.2852671574988,2415.567264456918,2140.666968676063,2323.161171414725,2,20,4 Sverdrup,3 Sverdrup,10 Sverdrup,20 Sverdrup,0.2,0.2,1.8
control,66100.0,280.2813394709506,4667,3467,2929,4907,3750,3439,105.4948720503498,83.28243194191501,74.91981987384098,2208.1874346932877,2287.48469028118,2342.5464196452194,2343.181922127954,2379.285115417763,2415.5680128530425,2140.666958275983,2323.16118428908,2,20,4 Sverdrup,3 Sverdrup,10 Sverdrup,20 Sverdrup,0.2,0.2,1.8
control,66200.0,280.28127898413726,4667,3467,2930,4907,3750,3439,105.4948760911664,83.28243260486973,74.92010740736352,2208.187315703544,2287.4845514543445,2342.546828647941,2343.1818154482417,2379.284984325729,2415.56897632696,2140.6670400540065,2323.161335547027,2,20,4 Sverdrup,3 Sverdrup,10 Sverdrup,20 Sverdrup,0.2,0.2,1.8
control,66300.0,280.28118032847726,4667,3467,2930,4907,3750,3439,105.49489067949824,83.2824374672773,74.92035507581818,2208.187236184812,2287.484432115283,2342.5471678023946,2343.1817644884677,2379.2848797272536,2415.569792396548,2140.6671038940217,2323.1614880052525,2,20,4 Sverdrup,3 Sverdrup,10 Sverdrup,20 Sverdrup,0.2,0.2,1.8
control,66400.0,280.2812290136008,4667,3467,2929,4907,3750,3439,105.49487257176264,83.28243315202354,74.91947076046401,2208.1869999814235,2287.484263277512,2342.545311337001,2343.1815076102084,2379.28471053095,2415.566245914205,2140.666303431828,2323.1604880442046,2,20,4 Sverdrup,3 Sverdrup,10 Sverdrup,20 Sverdrup,0.2,0.2,1.8
control,66500.0,280.2812316140055,4667,3467,2929,4907,3750,3439,105.4948601562692,83.28242797691863,74.91971316757603,2208.1868130944454,2287.484097110673,2342.545637110424,2343.1813079179324,2379.284542356282,2415.567055660694,2140.6662919507967,2323.1604904906594,2,20,4 Sverdrup,3 Sverdrup,10 Sverdrup,20 Sverdrup,0.2,0.2,1.8
control,66600.0,280.28118268760323,4667,3467,2930,4907,3750,3439,105.49485877775506,83.28242519546498,74.92001442429958,2208.1866839850413,2287.483947986784,2342.5460700301605,2343.1811823235603,2379.284394968802,2415.5680691961256,2140.6663699376813,2323.1606303783733,2,20,4 Sverdrup,3 Sverdrup,10 Sverdrup,20 Sverdrup,0.2,0.2,1.8
control,66700.0,280.2810926071586,4667,3467,2930,4907,3750,3439,105.49486843026595,83.28242653622121,74.92027333781857,2208.1865957049777,2287.4838191155286,2342.5464285381754,2343.1811145740367,2379.284274661646,2415.568926070473,2140.666429292958,2323.160772477388,2,20,4 Sverdrup,3 Sverdrup,10 Sverdrup,20 Sverdrup,0.2,0.2,1.8
control,66800.0,280.2809699972635,4667,3467,2930,4907,3750,3439,105.49488872239915,83.28243313136795,74.9204964630832,2208.186536719515,2287.48371080805,2342.546724809531,2343.181092973583,2379.2841838523277,2415.569652449297,2140.666477852479,2323.1609213431307,2,20,4 Sverdrup,3 Sverdrup,10 Sverdrup,20 Sverdrup,0.2,0.2,1.8
control,66900.0,280.2809997191631,4667,3467,2929,4907,3750,3439,105.49487629523158,83.28243130105541,74.91959175276041,2208.186315276636,2287.483552976082,2342.5448324716785,2343.180859895929,2379.2840298305514,2415.566031225931,2140.665672130065,2323.159926616389,2,20,4 Sverdrup,3 Sverdrup,10 Sverdrup,20 Sverdrup,0.2,0.2,1.8
control,67000.0,280.2809876986169,4667,3467,2929,4907,3750,3439,105.4948693714396,83.28242910046208,74.9198172820198,2208.186139920788,2287.483397330337,2342.545128579905,2343.180680593108,2379.2838772848627,2415.566779125222,2140.665661259587,2323.1599385431623,2,20,4 Sverdrup,3 Sverdrup,10 Sverdrup,20 Sverdrup,0.2,0.2,1.8
control,67100.0,280.2809277990323,4667,3467,2930,4907,3750,3439,105.49487313203348,83.28242955624276,74.92010460883994,2208.1860204115164,2287.48325805231,2342.54553721281,2343.18057293879,2379.2837453731936,2415.567741815991,2140.665742540561,2323.160088825927,2,20,4 Sverdrup,3 Sverdrup,10 Sverdrup,20 Sverdrup,0.2,0.2,1.8
control,67200.0,280.2808297189364,4667,3467,2930,4907,3750,3439,105.4948874431629,83.28243420791844,74.92035206193954,2208.185940388574,2287.483138263845,2342.545875986489,2343.1805210242,2379.2836399501293,2415.568557091957,2140.665805897823,2323.1602403333413,2,20,4 Sverdrup,3 Sverdrup,10 Sverdrup,20 Sverdrup,0.2,0.2,1.8
control,67300.0,280.2808789676708,4667,3467,2929,4907,3750,3439,105.49486906212786,83.28242968027705,74.91946753742262,2208.185703697686,2287.482968982381,2342.544019147057,2343.1802632137674,2379.283469931596,2415.5650098382366,2140.6650049750515,2323.15923945531,2,20,4 Sverdrup,3 Sverdrup,10 Sverdrup,20 Sverdrup,0.2,0.2,1.8
control,67400.0,280.28088211973505,4667,3467,2929,4907,3750,3439,105.49485637781736,83.28242429260268,74.91970974216403,2208.185516340427,2287.482802380444,2342.5443445503165,2343.180062613387,2379.283300942563,2415.565818827613,2140.6649930530302,2323.159241015044,2,20,4 Sverdrup,3 Sverdrup,10 Sverdrup,20 Sverdrup,0.2,0.2,1.8
control,67500.0,280.28083373369475,4667,3467,2930,4907,3750,3439,105.49485473535428,83.28242129954342,74.92001080010952,2208.185386777769,2287.4826528320223,2342.544777104047,2343.1799361355197,2379.283152752624,2415.566831618948,2140.665070615854,2323.1593800437627,2,20,4 Sverdrup,3 Sverdrup,10 Sverdrup,20 Sverdrup,0.2,0.2,1.8
control,67600.0,280.2807441825076,4667,3467,2930,4907,3750,3439,105.4948641290091,83.28242243052144,74.92026951939235,2208.1852980611234,2287.482523548132,2342.54513525117,2343.179867527125,2379.283031657796,2415.5676877625683,2140.6651295630795,2323.1595213097035,2,20,4 Sverdrup,3 Sverdrup,10 Sverdrup,20 Sverdrup,0.2,0.2,1.8
control,67700.0,280.2806220910415,4667,3467,2930,4907,3750,3439,105.49488416749892,83.28242881836232,74.92049245451665,2208.185238655207,2287.482414840724,2342.545431167603,2343.1798450921087,2379.2829400775754,2415.568413424454,2140.6651777293573,2323.1596693667934,2,20,4 Sverdrup,3 Sverdrup,10 Sverdrup,20 Sverdrup,0.2,0.2,1.8
control,67800.0,280.28065232086647,4667,3467,2929,4907,3750,3439,105.49487149191472,83.28242678367855,74.91958755726051,2208.1850168073265,2287.4822566219364,2342.543538481064,2343.179611203613,2379.282785302932,2415.5647914974206,2140.66437162737,2323.158673854294,2,20,4 Sverdrup,3 Sverdrup,10 Sverdrup,20 Sverdrup,0.2,0.2,1.8
control,67900.0,280.280640797712,4667,3467,2929,4907,3750,3439,105.49486432495752,83.28242438198997,74.91981290475398,2208.184841061373,2287.482100602646,2342.5438342484263,2343.1794311130825,2379.282632023179,2415.565538708579,2140.664360390845,2323.158685017579,2,20,4 Sverdrup,3 Sverdrup,10 Sverdrup,20 Sverdrup,0.2,0.2,1.8
control,68000.0,280.2805813856585,4667,3467,2930,4907,3750,3439,105.4948678475948,83.28242464018865,74.92010005260715,2208.184721176132,2287.4819609642477,2342.544242548276,2343.1793226934733,2379.282499396614,2415.566500726073,2140.664441317804,2323.158834557972,2,20,4 Sverdrup,3 Sverdrup,10 Sverdrup,20 Sverdrup,0.2,0.2,1.8
control,68100.0,280.2804837834161,4667,3467,2930,4907,3750,3439,105.49488192590069,83.2824290979463,74.9203473306306,2208.184640790734,2287.481840828366,2342.5445809970697,2343.1792700352667,2379.282393277896,2415.5673153437774,2140.664504332967,2323.158985343276,2,20,4 Sverdrup,3 Sverdrup,10 Sverdrup,20 Sverdrup,0.2,0.2,1.8
control,68200.0,280.2805335006154,4667,3467,2929,4907,3750,3439,105.49486331705276,83.28242438013038,74.9194626339002,2208.184403750259,2287.4816712121083,2342.5427238406783,2343.179011502098,2379.2822225827927,2415.563767445888,2140.6637030792485,2323.157983762374,2,20,4 Sverdrup,3 Sverdrup,10 Sverdrup,20 Sverdrup,0.2,0.2,1.8
control,68300.0,280.2805371116808,4667,3467,2929,4907,3750,3439,105.49485040987253,83.2824188060723,74.9197046712885,2208.184216055836,2287.481504287666,2342.543048936252,2343.178810199225,2379.2820529360174,2415.5645758074943,2140.6636908377013,2323.1579846383806,2,20,4 Sverdrup,3 Sverdrup,10 Sverdrup,20 Sverdrup,0.2,0.2,1.8
control,68400.0,280.28048917533255,4667,3467,2930,4907,3750,3439,105.49484854949635,83.28241563047064,74.92000556707936,2208.1840861683345,2287.481354428793,2342.5434811970244,2343.178683039125,2379.2819041070543,2415.565587998064,2140.663768093552,2323.1581230048955,2,20,4 Sverdrup,3 Sverdrup,10 Sverdrup,20 Sverdrup,0.2,0.2,1.8
control,68500.0,280.28040006479665,4667,3467,2930,4907,3750,3439,105.49485773007368,83.28241658274142,74.92026412747578,2208.1839971385302,2287.481224846101,2342.5438390585477,2343.1786137679123,2379.281782391517,2415.5664435530107,2140.663826743801,2323.15826362618,2,20,4 Sverdrup,3 Sverdrup,10 Sverdrup,20 Sverdrup,0.2,0.2,1.8
control,68600.0,280.2802784052993,4667,3467,2930,4907,3750,3439,105.49487756018316,83.28242279567358,74.92048690634573,2208.1839374305505,2287.481115851099,2342.544134696888,2343.178590688693,2379.2816902084105,2415.567168638503,2140.6638746226413,2323.158411055497,2,20,4 Sverdrup,3 Sverdrup,10 Sverdrup,20 Sverdrup,0.2,0.2,1.8
control,68700.0,280.2803090477954,4667,3467,2929,4907,3750,3439,105.4948646833719,83.28242059069551,74.91958191246007,2208.183715302501,2287.480957359719,2342.5422418703674,2343.178356189156,2379.2815348538666,2415.5635464063585,2140.6630682947152,2323.15741500232,2,20,4 Sverdrup,3 Sverdrup,10 Sverdrup,20 Sverdrup,0.2,0.2,1.8
control,68800.0,280.2802979429451,4667,3467,2929,4907,3750,3439,105.49485731686966,83.28241802178415,74.91980704930533,2208.183539271972,2287.480801074351,2342.5425372206487,2343.1781754861763,2379.2813810061825,2415.5642927579647,2140.663056733701,2323.157425499864,2,20,4 Sverdrup,3 Sverdrup,10 Sverdrup,20 Sverdrup,0.2,0.2,1.8
control,68900.0,280.280238941563,4667,3467,2930,4907,3750,3439,105.49486064394402,83.28241811614394,74.92009403692002,2208.183419111745,2287.480661178846,2342.5429452618378,2343.1780664701014,2379.281247826603,2415.5652542299536,2140.6631373964483,2323.157574453888,2,20,4 Sverdrup,3 Sverdrup,10 Sverdrup,20 Sverdrup,0.2,0.2,1.8
control,69000.0,280.28014174153657,4667,3467,2930,4907,3750,3439,105.49487453091352,83.28242241347566,74.92034117288621,2208.183338462264,2287.4805407952726,2342.5432834720896,2343.178013233061,2379.28114117026,2415.5660683392725,2140.6632001635226,2323.1577246773813,2,20,4 Sverdrup,3 Sverdrup,10 Sverdrup,20 Sverdrup,0.2,0.2,1.8
control,69100.0,280.28019184194454,4667,3467,2929,4907,3750,3439,105.494855737444,83.28241753947657,74.91945639406137,2208.1831011790946,2287.480370944824,2342.541426214101,2343.1777541529923,2379.2809699583863,2415.562520201744,2140.662398721542,2323.156722619543,2,20,4 Sverdrup,3 Sverdrup,10 Sverdrup,20 Sverdrup,0.2,0.2,1.8
control,69200.0,280.2801958421673,4667,3467,2929,4907,3750,3439,105.49484264691168,83.28241181194856,74.91969823473694,2208.182913236825,2287.480203791373,2342.5417509299623,2343.177552300395,2379.280799804868,2415.563327767174,2140.662386191516,2323.156722891367,2,20,4 Sverdrup,3 Sverdrup,10 Sverdrup,20 Sverdrup,0.2,0.2,1.8
control,69300.0,280.28014828815856,4667,3467,2930,4907,3750,3439,105.49484060666724,83.28240848588189,74.91999898109556,2208.182783109706,2287.480053711065,2342.5421829624925,2343.177424604397,2379.2806504820287,2415.564339461836,2140.6624632155363,2323.156860728132,2,20,4 Sverdrup,3 Sverdrup,10 Sverdrup,20 Sverdrup,0.2,0.2,1.8
control,69400.0,280.28005955222875,4667,3467,2930,4907,3750,3439,105.49484961114209,83.28240929072857,74.92025741010346,2208.182693849991,2287.479923915045,2342.542540616381,2343.177354812996,2379.2805282860622,2415.5651945591403,2140.6625216494185,2323.157000843033,2,20,4 Sverdrup,3 Sverdrup,10 Sverdrup,20 Sverdrup,0.2,0.2,1.8
control,69500.0,280.2799382598504,4667,3467,2930,4907,3750,3439,105.49486926886756,83.28241535925478,74.9204800609178,2208.182633921205,2287.479814714804,2342.5428360542555,2343.177331228631,2379.2804356359093,2415.565919198484,2140.662569319284,2323.1571477795246,2,20,4 Sverdrup,3 Sverdrup,10 Sverdrup,20 Sverdrup,0.2,0.2,1.8
control,69600.0,280.27996926226086,4667,3467,2929,4907,3750,3439,105.49485622329776,83.28241301284794,74.9195749405486,2208.1824115808663,2287.479656026117,2342.540943033596,2343.177096238307,2379.280279827486,2415.5622965301222,2140.661762789239,2323.15615124629,2,20,4 Sverdrup,3 Sverdrup,10 Sverdrup,20 Sverdrup,0.2,0.2,1.8
control,69700.0,280.27995851000435,4667,3467,2929,4907,3750,3439,105.49484869163771,83.28241030545338,74.91979995461288,2208.182235346342,2287.479499551254,2342.541238197593,2343.176915058552,2379.2801255388963,2415.5630424585347,2140.6617510340297,2323.156161277421,2,20,4 Sverdrup,3 Sverdrup,10 Sverdrup,20 Sverdrup,0.2,0.2,1.8
control,69800.0,280.2798998544848,4667,3467,2930,4907,3750,3439,105.49485185710436,83.2824102642434,74.92008682107007,2208.1821149900634,2287.479359473878,2342.541646059495,2343.1768055793723,2379.279991931157,2415.564003518749,2140.6618315096966,2323.15630977833,2,20,4 Sverdrup,3 Sverdrup,10 Sverdrup,20 Sverdrup,0.2,0.2,1.8
control,69900.0,280.2798029937127,4667,3467,2930,4907,3750,3439,105.4948655859506,83.28241442887828,74.92033383844145,2208.182034152291,2287.4792389158924,2342.5419840973354,2343.176751892591,2379.2798848591638,2415.564817227518,2140.661894097217,2323.15645956182,2,20,4 Sverdrup,3 Sverdrup,10 Sverdrup,20 Sverdrup,0.2,0.2,1.8
control,70000.0,280.279853427014,4667,3467,2929,4907,3750,3439,105.4948466377407,83.28240942499878,74.91944894257831,2208.181796688349,2287.4790688983026,2342.540126672924,2343.176492375768,2379.279713243876,2415.561268698952,2140.661092482741,2323.155457076432,2,20,4 Sverdrup,3 Sverdrup,10 Sverdrup,20 Sverdrup,0.2,0.2,1.8
control,70100.0,280.2798577536101,4667,3467,2929,4907,3750,3439,105.49483339581548,83.28240357036283,74.9196906698708,2208.181608572805,2287.4789015848696,2342.5404512299733,2343.1762900992376,2379.279542698967,2415.562075886108,2140.66107978805,2323.155456933735,2,20,4 Sverdrup,3 Sverdrup,10 Sverdrup,20 Sverdrup,0.2,0.2,1.8
control,70200.0,280.27981051999325,4667,3467,2930,4907,3750,3439,105.4948312074629,83.28240011991721,74.91999130443614,2208.181478279665,2287.4787513515626,2342.5408831103687,2343.176161991863,2379.2793929965264,2415.5630872134875,2140.661156654174,2323.155594368381,2,20,4 Sverdrup,3 Sverdrup,10 Sverdrup,20 Sverdrup,0.2,0.2,1.8
control,70300.0,280.2797220985485,4667,3467,2930,4907,3750,3439,105.49484006703892,83.282400803062,74.92024962412192,2208.181388861047,2287.4786214093824,2342.54124061865,2343.176091801366,2379.279270432509,2415.5639419542363,2140.661214937183,2323.1557340932336,2,20,4 Sverdrup,3 Sverdrup,10 Sverdrup,20 Sverdrup,0.2,0.2,1.8
control,70400.0,280.27960111493064,4667,3467,2930,4907,3750,3439,105.49485958299344,83.28240675250788,74.92047216815587,2208.1813287803184,2287.4785120696693,2342.5415359173508,2343.1760678299147,2379.2791774256143,2415.564666247617,2140.661262462954,2323.155880651466,2,20,4 Sverdrup,3 Sverdrup,10 Sverdrup,20 Sverdrup,0.2,0.2,1.8
control,70500.0,280.2796324200497,4667,3467,2929,4907,3750,3439,105.49484639869348,83.28240428957342,74.91956695162858,2208.181106294897,2287.478353248073,2342.539642763205,2343.175832464168,2379.2790212714917,2415.5610432423928,2140.660455795661,2323.1548837510923,2,20,4 Sverdrup,3 Sverdrup,10 Sverdrup,20 Sverdrup,0.2,0.2,1.8
control,70600.0,280.2796219655693,4667,3467,2929,4907,3750,3439,105.49483873130865,83.2824014681753,74.91979184399807,2208.180929921793,2287.478196646651,2342.539937800375,2343.175650920445,2379.2788666480133,2415.56178884514,2140.660443908824,2323.154893426619,2,20,4 Sverdrup,3 Sverdrup,10 Sverdrup,20 Sverdrup,0.2,0.2,1.8
control,70700.0,280.2795636022016,4667,3467,2930,4907,3750,3439,105.49484176396956,83.2824013154157,74.92007861891668,2208.180809433526,2287.4780564489874,2342.540345541866,2343.1755410885285,2379.278732715973,2415.562749590358,2140.660524260095,2323.155041582972,2,20,4 Sverdrup,3 Sverdrup,10 Sverdrup,20 Sverdrup,0.2,0.2,1.8
control,70800.0,280.27946702828086,4667,3467,2930,4907,3750,3439,105.494855362872,83.28240537090541,74.92032553877202,2208.1807284701504,2287.4779357768416,2342.5406834652968,2343.1754870599866,2379.2786253300374,2415.563562994038,2140.6605867292187,2323.155191032676,2,20,4 Sverdrup,3 Sverdrup,10 Sverdrup,20 Sverdrup,0.2,0.2,1.8
control,70900.0,280.2795177429142,4667,3467,2929,4907,3750,3439,105.49483628748168,83.28240026021453,74.9194405552469,2208.180490886873,2287.477765651098,2342.538825931661,2343.1752272120466,2379.2784534109096,2415.560014168669,2140.659785002517,2323.154188223588,2,20,4 Sverdrup,3 Sverdrup,10 Sverdrup,20 Sverdrup,0.2,0.2,1.8
control,71000.0,280.2795223464,4667,3467,2929,4907,3750,3439,105.4948229211204,83.28239430107732,74.91968216920777,2208.1803026579214,2287.477598235312,2342.53915038573,2343.175024614862,2379.27828257205,2415.560821069569,2140.659772200668,2323.1541877677664,2,20,4 Sverdrup,3 Sverdrup,10 Sverdrup,20 Sverdrup,0.2,0.2,1.8
control,71100.0,280.2794753845118,4667,3467,2930,4907,3750,3439,105.49482061099862,83.28239074837468,74.9199827204709,2208.180172257403,2287.477447905388,2342.5395821691022,2343.174896197097,2379.278132585341,2415.561832120625,2140.6598489663265,2323.1543248994003,2,20,4 Sverdrup,3 Sverdrup,10 Sverdrup,20 Sverdrup,0.2,0.2,1.8
control,71200.0,280.27938722994213,4667,3467,2930,4907,3750,3439,105.49482935142132,83.28239133146123,74.9202409507163,2208.180082737244,2287.4773178721944,2342.539939585899,2343.1748257062445,2379.2780097465265,2415.562686594207,2140.659907154341,2323.154464331101,2,20,4 Sverdrup,3 Sverdrup,10 Sverdrup,20 Sverdrup,0.2,0.2,1.8
control,71300.0,280.27926650843,4667,3467,2930,4907,3750,3439,105.49484875079158,83.28239718300352,74.92046340601446,2208.1800225606758,2287.477208446945,2342.5402347985205,2343.174801444245,2379.2779164741,2415.563410629356,2140.659954590636,2323.1546106058017,2,20,4 Sverdrup,3 Sverdrup,10 Sverdrup,20 Sverdrup,0.2,0.2,1.8
control,71400.0,280.27929807116254,4667,3467,2929,4907,3750,3439,105.49483545236428,83.28239462425756,74.91955810208226,2208.1797999848964,2287.4770495451376,2342.5383415626284,2343.1745657974298,2379.2777600634654,2415.5597873727543,2140.659147838866,2323.153613430789,2,20,4 Sverdrup,3 Sverdrup,10 Sverdrup,20 Sverdrup,0.2,0.2,1.8
control,71500.0,280.2792878695289,4667,3467,2929,4907,3750,3439,105.49482767329764,83.2823917090998,74.91978291023374,2208.179623526952,2287.476892868757,2342.538636524294,2343.174383982032,2379.277605192329,2415.560532734781,2140.659135873487,2323.153622841353,2,20,4 Sverdrup,3 Sverdrup,10 Sverdrup,20 Sverdrup,0.2,0.2,1.8
control,71600.0,280.27922975469187,4667,3467,2930,4907,3750,3439,105.49483059667904,83.28239146459502,74.92006960211414,2208.179502959158,2287.4767526012542,2342.539044195427,2343.174273887638,2379.2774710213,2415.5614932478293,2140.659216151092,2323.153770741821,2,20,4 Sverdrup,3 Sverdrup,10 Sverdrup,20 Sverdrup,0.2,0.2,1.8
control,71700.0,280.2791334249952,4667,3467,2930,4907,3750,3439,105.4948440886495,83.28239543031071,74.92031644086822,2208.179421921473,2287.476631864281,2342.539382053468,2343.174219605612,2379.277363404857,2415.562306427563,2140.659278551704,2323.153919944468,2,20,4 Sverdrup,3 Sverdrup,10 Sverdrup,20 Sverdrup,0.2,0.2,1.8
control,71800.0,280.27918437970686,4667,3467,2929,4907,3750,3439,105.49482490858642,83.28239023176384,74.9194313771298,2208.1791842689063,2287.47646167858,2342.537524458309,2343.173959512868,2379.2771912634803,2415.558757384319,2140.658476761077,2323.152916896422,2,20,4 Sverdrup,3 Sverdrup,10 Sverdrup,20 Sverdrup,0.2,0.2,1.8
control,71900.0,280.2791892188635,4667,3467,2929,4907,3750,3439,105.49481143979531,83.28238418665069,74.91967291388399,2208.178995975734,2287.4762942076504,2342.537848856706,2343.173756679498,2379.2770202104825,2415.559564077375,2140.6584639008133,2323.1529162105844,2,20,4 Sverdrup,3 Sverdrup,10 Sverdrup,20 Sverdrup,0.2,0.2,1.8
control,72000.0,280.2791424886864,4667,3467,2930,4907,3750,3439,105.49480902944904,83.28238054981914,74.91997338899405,2208.1788655158707,2287.476143827275,2342.538280589137,2343.1736280339906,2379.2768700175816,2415.5605749284528,2140.658540612511,2323.1530531205462,2,20,4 Sverdrup,3 Sverdrup,10 Sverdrup,20 Sverdrup,0.2,0.2,1.8
control,72100.0,280.2790545618735,4667,3467,2930,4907,3750,3439,105.4948176718032,83.28238105058529,74.92023154487435,2208.178775941156,2287.4760137482235,2342.538637959552,2343.173557323652,2379.276746980353,2415.561429209606,2140.658598751302,2323.1531923386838,2,20,4 Sverdrup,3 Sverdrup,10 Sverdrup,20 Sverdrup,0.2,0.2,1.8
control,72200.0,280.27893406423374,4667,3467,2930,4907,3750,3439,105.49483697521306,83.282386821577,74.9204539274053,2208.17871571472,2287.4759042816145,2342.5389331302595,2343.173532850244,2379.276653517129,2415.562153059728,2140.658646142956,2323.1533384077643,2,20,4 Sverdrup,3 Sverdrup,10 Sverdrup,20 Sverdrup,0.2,0.2,1.8
control,72300.0,280.2789658471186,4667,3467,2929,4907,3750,3439,105.49482358285049,83.2823841840019,74.91954855138997,2208.1784930935705,2287.475745342816,2342.5370398557866,2343.1732969997997,2379.276496923103,2415.558529623278,2140.657839350601,2323.1523410343425,2,20,4 Sverdrup,3 Sverdrup,10 Sverdrup,20 Sverdrup,0.2,0.2,1.8
control,72400.0,280.2789558615831,4667,3467,2929,4907,3750,3439,105.49481571187172,83.28238119170729,74.91977333507408,2208.1783165949078,2287.4755886338,2342.537334785224,2343.173114988629,2379.276341875899,2415.5592748166428,2140.657827350069,2323.1523502551127,2,20,4 Sverdrup,3 Sverdrup,10 Sverdrup,20 Sverdrup,0.2,0.2,1.8
control,72500.0,280.27889795929383,4667,3467,2930,4907,3750,3439,105.4948185453344,83.28238087172677,74.92005991656697,2208.1781959907557,2287.47544833788,2342.537742427373,2343.173004706043,2379.2762075359506,2415.560235166089,2140.657907596109,2323.15249797285,2,20,4 Sverdrup,3 Sverdrup,10 Sverdrup,20 Sverdrup,0.2,0.2,1.8
control,72600.0,280.27880183859656,4667,3467,2930,4907,3750,3439,105.49483194932522,83.28238476359401,74.92030668479897,2208.1781149209964,2287.4753275766147,2342.5380802604705,2343.172950243228,2379.2760997575806,2415.561048188899,2140.657969969393,2323.152647000005,2,20,4 Sverdrup,3 Sverdrup,10 Sverdrup,20 Sverdrup,0.2,0.2,1.8
control,72700.0,280.2788529989093,4667,3467,2929,4907,3750,3439,105.49481268316076,83.28237949278812,74.91942151502037,2208.177877240378,2287.475157370593,2342.5362226424963,2343.172689976718,2379.2759274610344,2415.557498991649,2140.657168154752,2323.1516437825862,2,20,4 Sverdrup,3 Sverdrup,10 Sverdrup,20 Sverdrup,0.2,0.2,1.8
control,72800.0,280.2788580400427,4667,3467,2929,4907,3750,3439,105.4947991300654,83.28237337694881,74.9196630702673,2208.17768892346,2287.4749898833406,2342.5365470250103,2343.172486976811,2379.27575625958,2415.558305543163,2140.6571552759788,2323.1516429357766,2,20,4 Sverdrup,3 Sverdrup,10 Sverdrup,20 Sverdrup,0.2,0.2,1.8
control,72900.0,280.2788115085516,4667,3467,2930,4907,3750,3439,105.49479663726484,83.28236967091985,74.9199634442514,2208.1775584438683,2287.4748394905127,2342.5369787445325,2343.172358171741,2379.2756059247813,2415.559316257336,2140.657231972408,2323.151779691272,2,20,4 Sverdrup,3 Sverdrup,10 Sverdrup,20 Sverdrup,0.2,0.2,1.8
control,73000.0,280.2787237771517,4667,3467,2930,4907,3750,3439,105.49480519894898,83.28237010398237,74.9202215352484,2208.1774688533665,2287.4747094028,2342.537336105731,2343.1722873086464,2379.2754827520757,2415.560170407683,2140.657290099808,2323.151918761582,2,20,4 Sverdrup,3 Sverdrup,10 Sverdrup,20 Sverdrup,0.2,0.2,1.8
control,73100.0,280.2786034717186,4667,3467,2930,4907,3750,3439,105.49482442343006,83.28237580873277,74.92044385814587,2208.177408615006,2287.474599931236,2342.537631270924,2343.172262689145,2379.275389159654,2415.56089413314,2140.6573374838576,2323.152064689396,2,20,4 Sverdrup,3 Sverdrup,10 Sverdrup,20 Sverdrup,0.2,0.2,1.8
control,73200.0,280.278635443759,4667,3467,2929,4907,3750,3439,105.4948109538264,83.282373106345,74.91953838284407,2208.1771859855303,2287.474440991042,2342.5357379926163,2343.1720266989014,2379.2752324424955,2415.557270574188,2140.656530686769,2323.151067180088,2,20,4 Sverdrup,3 Sverdrup,10 Sverdrup,20 Sverdrup,0.2,0.2,1.8
control,73300.0,280.2786256441561,4667,3467,2929,4907,3750,3439,105.4948030072092,83.2823700506085,74.91976314681608,2208.1770094823464,2287.474284284196,2342.536032923839,2343.1718445543383,2379.2750772781555,2415.5580156550413,2140.6565186862126,2323.151076272176,2,20,4 Sverdrup,3 Sverdrup,10 Sverdrup,20 Sverdrup,0.2,0.2,1.8
control,73400.0,280.2785679248341,4667,3467,2930,4907,3750,3439,105.49480576669212,83.28236966855964,74.92004967569213,2208.1768888773054,2287.474143993922,2342.536440571367,2343.1717341446497,2379.2749428269576,2415.5589758979927,2140.6565989354626,2323.1512238675023,2,20,4 Sverdrup,3 Sverdrup,10 Sverdrup,20 Sverdrup,0.2,0.2,1.8
control,73500.0,280.2784719841473,4667,3467,2930,4907,3750,3439,105.4948190983084,83.28237349970006,74.92029638916387,2208.176807810226,2287.4740232417125,2342.536778413203,2343.171679560878,2379.274834943109,2415.5597888198645,2140.656661315473,2323.1513727782626,2,20,4 Sverdrup,3 Sverdrup,10 Sverdrup,20 Sverdrup,0.2,0.2,1.8
control,73600.0,280.2783458447845,4667,3467,2930,4907,3750,3439,105.49484252927478,83.28238252604645,74.92050938083491,2208.176754969964,2287.4739222854114,2342.537057845684,2343.1716691827423,2379.274755711622,2415.5604789946738,2140.656712568609,2323.151526652357,2,20,4 Sverdrup,3 Sverdrup,10 Sverdrup,20 Sverdrup,0.2,0.2,1.8
control,73700.0,280.27837384624894,4667,3467,2929,4907,3750,3439,105.49483266655842,83.28238295624213,74.91959626393573,2208.176538682244,2287.4737710022778,2342.5351519465103,2343.1714454008043,2379.2746121803416,2415.5568282145564,2140.655908759215,2323.150534928853,2,20,4 Sverdrup,3 Sverdrup,10 Sverdrup,20 Sverdrup,0.2,0.2,1.8
control,73800.0,280.2783615204587,4667,3467,2929,4907,3750,3439,105.49482772757408,83.28238276618488,74.91981477357261,2208.176367484711,2287.4736210688025,2342.53543676772,2343.1712734517664,2379.2744688565854,2415.5575512166965,2140.6558987104413,2323.150547721895,2,20,4 Sverdrup,3 Sverdrup,10 Sverdrup,20 Sverdrup,0.2,0.2,1.8
control,73900.0,280.2783023834785,4667,3467,2930,4907,3750,3439,105.49483292264289,83.28238493498775,74.9200961764039,2208.1762511736283,2287.4734866585945,2342.535836323305,2343.1711712950214,2379.27434480188,2415.558493555193,2140.6559799182505,2323.150697189237,2,20,4 Sverdrup,3 Sverdrup,10 Sverdrup,20 Sverdrup,0.2,0.2,1.8
control,74000.0,280.2782058676564,4667,3467,2930,4907,3750,3439,105.49484816261362,83.28239097881452,74.92033868548582,2208.1761734357037,2287.4733709019865,2342.5361676760363,2343.171123143085,2379.2742458353355,2415.5592919308474,2140.656042396579,2323.150846459346,2,20,4 Sverdrup,3 Sverdrup,10 Sverdrup,20 Sverdrup,0.2,0.2,1.8
control,74100.0,280.2782572639893,4667,3467,2929,4907,3750,3439,105.49483026148884,83.28238751897703,74.91945000287562,2208.175938196669,2287.473204847199,2342.5343048444565,2343.170867533842,2379.274080896001,2415.5557307808845,2140.655239994541,2323.1498422963755,2,20,4 Sverdrup,3 Sverdrup,10 Sverdrup,20 Sverdrup,0.2,0.2,1.8
control,74200.0,280.2782630102704,4667,3467,2929,4907,3750,3439,105.49481766119328,83.28238288313983,74.91968864935582,2208.17575151988,2287.473040702222,2342.5346249951454,2343.170667722422,2379.273915658516,2415.556527508511,2140.655225995671,2323.14983959875,2,20,4 Sverdrup,3 Sverdrup,10 Sverdrup,20 Sverdrup,0.2,0.2,1.8
control,74300.0,280.2782175288356,4667,3467,2930,4907,3750,3439,105.4948157674218,83.28238034601978,74.91998659419248,2208.175621978164,2287.472892900794,2342.535053242511,2343.170540831825,2379.273769987344,2415.557530083141,2140.6553011829287,2323.149973842698,2,20,4 Sverdrup,3 Sverdrup,10 Sverdrup,20 Sverdrup,0.2,0.2,1.8
control,74400.0,280.27813109625976,4667,3467,2930,4907,3750,3439,105.49482462986587,83.28238166299604,74.92024264469133,2208.1755327258484,2287.4727647214413,2342.5354077119346,2343.170470801841,2379.273650291733,2415.558377415458,2140.6553575333937,2323.1501099392103,2,20,4 Sverdrup,3 Sverdrup,10 Sverdrup,20 Sverdrup,0.2,0.2,1.8
control,74500.0,280.278012264903,4667,3467,2930,4907,3750,3439,105.49484390770785,83.28238799612483,74.9204632337201,2208.1754723257804,2287.472656548693,2342.535700423656,2343.170446116149,2379.273559115348,2415.5590953529845,2140.655402968754,2323.150252587327,2,20,4 Sverdrup,3 Sverdrup,10 Sverdrup,20 Sverdrup,0.2,0.2,1.8
control,74600.0,280.27804582986147,4667,3467,2929,4907,3750,3439,105.49483028938744,83.28238569719848,74.91955630622931,2208.1752491280326,2287.472498373375,2342.5338050217256,2343.17020932688,2379.273403882826,2415.555466809769,2140.654594126812,2323.1492516138846,2,20,4 Sverdrup,3 Sverdrup,10 Sverdrup,20 Sverdrup,0.2,0.2,1.8
control,74700.0,280.27803770113263,4667,3467,2929,4907,3750,3439,105.49482203162628,83.28238285025608,74.91977970013293,2208.1750717330474,2287.4723419716656,2342.534098066642,2343.1700257974408,2379.2732493993085,2415.556207514341,2140.6545800361782,2323.1492571440417,2,20,4 Sverdrup,3 Sverdrup,10 Sverdrup,20 Sverdrup,0.2,0.2,1.8
control,74800.0,280.2779816984724,4667,3467,2930,4907,3750,3439,105.4948243513849,83.28238251102604,74.9200651222361,2208.1749499861867,2287.472201597792,2342.534504003845,2343.169913544911,2379.273114946724,2415.55716385452,2140.6546581934917,2323.149401147241,2,20,4 Sverdrup,3 Sverdrup,10 Sverdrup,20 Sverdrup,0.2,0.2,1.8
control,74900.0,280.27788749696714,4667,3467,2930,4907,3750,3439,105.49483714336807,83.28238624554469,74.92031081841257,2208.1748675897857,2287.4720804390968,2342.5348402610825,2343.169856768954,2379.2730064919037,2415.5579732346205,2140.654718506292,2323.1495464820764,2,20,4 Sverdrup,3 Sverdrup,10 Sverdrup,20 Sverdrup,0.2,0.2,1.8
control,75000.0,280.2779405783212,4667,3467,2929,4907,3750,3439,105.49481719066368,83.28238070320107,74.91942470607692,2208.1746284510486,2287.471909575904,2342.5329811605657,2343.169593936761,2379.272833056969,2415.5544206776285,2140.65391467888,2323.14853962703,2,20,4 Sverdrup,3 Sverdrup,10 Sverdrup,20 Sverdrup,0.2,0.2,1.8
control,75100.0,280.27794753069264,4667,3467,2929,4907,3750,3439,105.49480289621847,83.28237422288893,74.91966528526521,2208.1744385869297,2287.471741224615,2342.5333041238896,2343.169388192716,2379.272660345487,2415.5552240809634,2140.653899843743,2323.148535216671,2,20,4 Sverdrup,3 Sverdrup,10 Sverdrup,20 Sverdrup,0.2,0.2,1.8
control,75200.0,280.2779028914506,4667,3467,2930,4907,3750,3439,105.49479962314054,83.28237007794353,74.91996485429307,2208.174306505716,2287.471589807157,2342.5337344714576,2343.169256525251,2379.2725082078714,2415.5562318151096,2140.6539746490107,2323.148668496952,2,20,4 Sverdrup,3 Sverdrup,10 Sverdrup,20 Sverdrup,0.2,0.2,1.8
control,75300.0,280.2778170272012,4667,3467,2930,4907,3750,3439,105.49480737847634,83.28237001357628,74.92022215803526,2208.174215286356,2287.471458573876,2342.534090494109,2343.1691827293857,2379.2723830072737,2415.5570831155355,2140.654030952407,2323.14880418714,2,20,4 Sverdrup,3 Sverdrup,10 Sverdrup,20 Sverdrup,0.2,0.2,1.8
control,75400.0,280.27769855962475,4667,3467,2930,4907,3750,3439,105.49482578075788,83.28237517591627,74.9204437300942,2208.1741534129683,2287.471347869297,2342.534384345526,2343.169155144276,2379.272287219216,2415.557804094284,2140.6540765799405,2323.148946832838,2,20,4 Sverdrup,3 Sverdrup,10 Sverdrup,20 Sverdrup,0.2,0.2,1.8
control,75500.0,280.2777323369941,4667,3467,2929,4907,3750,3439,105.49481148107864,83.28237189747635,74.9195375727833,2208.173929158464,2287.471187636565,2342.5324897736905,2343.1689161846334,2379.272128186602,2415.554177873926,2140.65326809338,2323.147946139945,2,20,4 Sverdrup,3 Sverdrup,10 Sverdrup,20 Sverdrup,0.2,0.2,1.8
control,75600.0,280.2777243093457,4667,3467,2929,4907,3750,3439,105.49480270288686,83.28236824153096,74.91976157155274,2208.173751051677,2287.4710296003595,2342.5327834264835,2343.168731088647,2379.271970626411,2415.55492036061,2140.653254465616,2323.147952144117,2,20,4 Sverdrup,3 Sverdrup,10 Sverdrup,20 Sverdrup,0.2,0.2,1.8
control,75700.0,280.2776683274485,4667,3467,2930,4907,3750,3439,105.49480463404169,83.28236724286894,74.92004746830261,2208.173628873151,2287.4708879623586,2342.5331898119957,2343.168617761902,2379.2718337311203,2415.5558780720944,2140.6533331493306,2323.148096745522,2,20,4 Sverdrup,3 Sverdrup,10 Sverdrup,20 Sverdrup,0.2,0.2,1.8
control,75800.0,280.27757408948594,4667,3467,2930,4907,3750,3439,105.49481714423976,83.28237044732367,74.92029353796444,2208.173546268521,2287.4707658586635,2342.5335264073924,2343.16856030724,2379.2717233807457,2415.5566885172943,2140.6533940214563,2323.1482427525184,2,20,4 Sverdrup,3 Sverdrup,10 Sverdrup,20 Sverdrup,0.2,0.2,1.8
control,75900.0,280.277627094667,4667,3467,2929,4907,3750,3439,105.49479699536572,83.28236448540726,74.91940771987441,2208.173307096317,2287.470594321217,2342.531667570536,2343.16829710922,2379.271548515823,2415.5531367970407,2140.652590763857,2323.1472366067487,2,20,4 Sverdrup,3 Sverdrup,10 Sverdrup,20 Sverdrup,0.2,0.2,1.8
control,76000.0,280.2776339436666,4667,3467,2929,4907,3750,3439,105.4947825727375,83.28235767884037,74.91964853453915,2208.173117333072,2287.470425522132,2342.531990754699,2343.1680912435027,2379.2713747654266,2415.553940878949,2140.652576496072,2323.147232919699,2,20,4 Sverdrup,3 Sverdrup,10 Sverdrup,20 Sverdrup,0.2,0.2,1.8
control,76100.0,280.2775891836907,4667,3467,2930,4907,3750,3439,105.49477922489868,83.28235328563837,74.91994829312851,2208.172985453553,2287.4702738435303,2342.5324212987416,2343.167959641724,2379.2712219132586,2415.5549491774937,2140.652651855713,2323.1473669197817,2,20,4 Sverdrup,3 Sverdrup,10 Sverdrup,20 Sverdrup,0.2,0.2,1.8
control,76200.0,280.2775031882263,4667,3467,2930,4907,3750,3439,105.4947869469757,83.28235303755955,74.92020575174317,2208.1728945096693,2287.4701425007484,2342.532777507746,2343.16788605274,2379.2710962638266,2415.555800963564,2140.6527086952715,2323.1475033153874,2,20,4 Sverdrup,3 Sverdrup,10 Sverdrup,20 Sverdrup,0.2,0.2,1.8
control,76300.0,280.2773845839513,4667,3467,2930,4907,3750,3439,105.4948053478596,83.28235806909278,74.92042745250387,2208.172832964024,2287.4700318080368,2342.5330715452587,2343.16785877872,2379.271000241935,2415.5565223756366,2140.652754837896,2323.147646645713,2,20,4 Sverdrup,3 Sverdrup,10 Sverdrup,20 Sverdrup,0.2,0.2,1.8
control,76400.0,280.277418233581,4667,3467,2929,4907,3750,3439,105.49479106817384,83.2823547018772,74.91952134248437,2208.172609061051,2287.4698716784105,2342.531177029868,2343.167620189243,2379.2708411413278,2415.552896285973,2140.651946790632,2323.146646539776,2,20,4 Sverdrup,3 Sverdrup,10 Sverdrup,20 Sverdrup,0.2,0.2,1.8
control,76500.0,280.277410065682,4667,3467,2929,4907,3750,3439,105.49478233068773,83.28235099228935,74.91974549852503,2208.172431342616,2287.4697138229794,2342.531471037579,2343.167435534048,2379.2706836531515,2415.553639458232,2140.651933688256,2323.146653247954,2,20,4 Sverdrup,3 Sverdrup,10 Sverdrup,20 Sverdrup,0.2,0.2,1.8
control,76600.0,280.27735394535165,4667,3467,2930,4907,3750,3439,105.49478431600164,83.28234996769375,74.9200314886972,2208.172309565471,2287.4695724227927,2342.531877640773,2343.167322683375,2379.270546936237,2415.554597546571,2140.65201282664,2323.1467984651104,2,20,4 Sverdrup,3 Sverdrup,10 Sverdrup,20 Sverdrup,0.2,0.2,1.8
control,76700.0,280.277259573049,4667,3467,2930,4907,3750,3439,105.4947968897021,83.28235316799734,74.92027763054566,2208.17222736642,2287.469450598592,2342.532214455287,2343.167265724688,2379.270436844839,2415.555408342515,2140.6520741270874,2323.146945054845,2,20,4 Sverdrup,3 Sverdrup,10 Sverdrup,20 Sverdrup,0.2,0.2,1.8
control,76800.0,280.2771349720766,4667,3467,2930,4907,3750,3439,105.4948195788068,83.28236157550073,74.92049005902817,2208.172173433473,2287.469348607725,2342.532492891103,2343.1672530365686,2379.2703554640298,2415.556096446231,2140.652124338847,2323.147096672636,2,20,4 Sverdrup,3 Sverdrup,10 Sverdrup,20 Sverdrup,0.2,0.2,1.8
control,76900.0,280.2771644926508,4667,3467,2929,4907,3750,3439,105.49480898729506,83.28236139806432,74.9195763668774,2208.1719560802244,2287.4691963226355,2342.530585893633,2343.167026992798,2379.270209835575,2415.552443386377,2140.6513194732765,2323.1461026839606,2,20,4 Sverdrup,3 Sverdrup,10 Sverdrup,20 Sverdrup,0.2,0.2,1.8
control,77000.0,280.2771536442756,4667,3467,2929,4907,3750,3439,105.49480333784992,83.28236061317257,74.91979432709903,2208.1717838687623,2287.4690454269976,2342.53086993349,2343.166852862702,2379.2700644766715,2415.553164732138,2140.6513085098763,2323.146113414012,2,20,4 Sverdrup,3 Sverdrup,10 Sverdrup,20 Sverdrup,0.2,0.2,1.8
control,77100.0,280.2770959559962,4667,3467,2930,4907,3750,3439,105.49480783799572,83.28236219949483,74.920075248758,2208.171666580316,2287.4689100908445,2342.531268588808,2343.166748586271,2379.26993844456,2415.55410516772,2140.651388787533,2323.146260813951,2,20,4 Sverdrup,3 Sverdrup,10 Sverdrup,20 Sverdrup,0.2,0.2,1.8
control,77200.0,280.2770008620985,4667,3467,2930,4907,3750,3439,105.49482239793262,83.28236767300045,74.92031724261685,2208.1715878987548,2287.468793442794,2342.5315990594145,2343.1666983722685,2379.269837556353,2415.554901668061,2140.6514503610606,2323.1464080643864,2,20,4 Sverdrup,3 Sverdrup,10 Sverdrup,20 Sverdrup,0.2,0.2,1.8
control,77300.0,280.27705366414745,4667,3467,2929,4907,3750,3439,105.4948038285915,83.28236365389562,74.91942802768787,2208.171351737996,2287.4686265257365,2342.5297352443617,2343.166440741965,2379.2696707439286,2415.551338433105,2140.650647035158,2323.145401866013,2,20,4 Sverdrup,3 Sverdrup,10 Sverdrup,20 Sverdrup,0.2,0.2,1.8
control,77400.0,280.2770607773553,4667,3467,2929,4907,3750,3439,105.4947905771282,83.28235847119271,74.9196661670606,2208.1711641862958,2287.4684615546007,2342.5300547287497,2343.1662389834923,2379.269503691124,2415.5521336984184,2140.6506322506684,2323.145397329465,2,20,4 Sverdrup,3 Sverdrup,10 Sverdrup,20 Sverdrup,0.2,0.2,1.8
control,77500.0,280.27701663688623,4667,3467,2930,4907,3750,3439,105.49478804642972,83.28235539899094,74.91996367256755,2208.1710338018297,2287.468312959461,2342.5304821904865,2343.166110200793,2379.269356257704,2415.5531345626305,2140.650706633596,2323.145529724562,2,20,4 Sverdrup,3 Sverdrup,10 Sverdrup,20 Sverdrup,0.2,0.2,1.8
control,77600.0,280.2769315210666,4667,3467,2930,4907,3750,3439,105.49479628554784,83.28235619235113,74.92021924770157,2208.170943736419,2287.4681840171384,2342.530835891611,2343.1660383302124,2379.269234850692,2415.553980210076,2140.6507622020385,2323.1456640146434,2,20,4 Sverdrup,3 Sverdrup,10 Sverdrup,20 Sverdrup,0.2,0.2,1.8
control,77700.0,280.27681398268953,4667,3467,2930,4907,3750,3439,105.4948149533348,83.28236201306572,74.920439369549,2208.1708825525875,2287.468075111106,2342.5311278650665,2343.1660118546124,2379.26914201226,2415.554696513656,2140.6508068851604,2323.1458049072858,2,20,4 Sverdrup,3 Sverdrup,10 Sverdrup,20 Sverdrup,0.2,0.2,1.8
control,77800.0,280.2768488278289,4667,3467,2929,4907,3750,3439,105.49480073519771,83.28235921174924,74.91953192363269,2208.170658588587,2287.467916227019,2342.529231620473,2343.165773309635,2379.268985159908,2415.551066120665,2140.6499972673128,2323.144802155908,2,20,4 Sverdrup,3 Sverdrup,10 Sverdrup,20 Sverdrup,0.2,0.2,1.8
control,77900.0,280.2768419422672,4667,3467,2929,4907,3750,3439,105.49479189308502,83.28235587371115,74.91975493733726,2208.170480470465,2287.4677591483905,2342.52952413981,2343.1655880920907,2379.268829108152,2415.5518055979246,2140.6499825376272,2323.1448060992666,2,20,4 Sverdrup,3 Sverdrup,10 Sverdrup,20 Sverdrup,0.2,0.2,1.8
control,78000.0,280.27678715985724,4667,3467,2930,4907,3750,3439,105.49479364125052,83.28235505406072,74.9200399333194,2208.170358028608,2287.467618125862,2342.529929428896,2343.165474200104,2379.2686931343374,2415.552760456644,2140.6500600318363,2323.1449484994296,2,20,4 Sverdrup,3 Sverdrup,10 Sverdrup,20 Sverdrup,0.2,0.2,1.8
control,78100.0,280.2766941570906,4667,3467,2930,4907,3750,3439,105.49480587377128,83.28235831849923,74.920285200134,2208.170274963098,2287.467496345272,2342.530265052877,2343.16541583012,2379.268583203229,2415.5535683764037,2140.650119700806,2323.145092268036,2,20,4 Sverdrup,3 Sverdrup,10 Sverdrup,20 Sverdrup,0.2,0.2,1.8
control,78200.0,280.27674842656984,4667,3467,2929,4907,3750,3439,105.49478537071582,83.28235231522889,74.91939860573756,2208.1700351695604,2287.467324881795,2342.528405212921,2343.165151433112,2379.2684083298154,2415.5500141402617,2140.64931520343,2323.144083820006,2,20,4 Sverdrup,3 Sverdrup,10 Sverdrup,20 Sverdrup,0.2,0.2,1.8
control,78300.0,280.27675653215584,4667,3467,2929,4907,3750,3439,105.49477054029288,83.28234538441721,74.91963884048529,2208.1698446908817,2287.4671559592666,2342.5287277523794,2343.1649441872487,2379.2682342271464,2415.5508164845155,2140.6492998333483,2323.144078004303,2,20,4 Sverdrup,3 Sverdrup,10 Sverdrup,20 Sverdrup,0.2,0.2,1.8
control,78400.0,280.27671302476267,4667,3467,2930,4907,3750,3439,105.49476674305426,83.28234079882812,74.91993802117256,2208.169712021117,2287.4670039963453,2342.52915755768,2343.164811062976,2379.2680807414404,2415.551822914255,2140.649374080041,2323.1442098625994,2,20,4 Sverdrup,3 Sverdrup,10 Sverdrup,20 Sverdrup,0.2,0.2,1.8
control,78500.0,280.2766282724761,4667,3467,2930,4907,3750,3439,105.49477398543516,83.28234030336198,74.92019493242354,2208.169620236946,2287.466872242,2342.5295130496047,2343.164735852097,2379.267954233948,2415.552672925337,2140.6494298418147,2323.14434416377,2,20,4 Sverdrup,3 Sverdrup,10 Sverdrup,20 Sverdrup,0.2,0.2,1.8
control,78600.0,280.27651089728283,4667,3467,2930,4907,3750,3439,105.49479188569336,83.2823450439025,74.92041612008299,2208.169557822335,2287.4667610399806,2342.5298063946148,2343.164706893162,2379.267857178993,2415.5533926554717,2140.649474952094,2323.144485462105,2,20,4 Sverdrup,3 Sverdrup,10 Sverdrup,20 Sverdrup,0.2,0.2,1.8
control,78700.0,280.27654574754087,4667,3467,2929,4907,3750,3439,105.4947770945454,83.28234135268893,74.91950958001368,2208.16933304984,2287.466600332749,2342.527911337001,2343.164466599901,2379.267696918311,2415.549765219941,2140.648665971509,2323.143483461083,2,20,4 Sverdrup,3 Sverdrup,10 Sverdrup,20 Sverdrup,0.2,0.2,1.8
control,78800.0,280.27653877387974,4667,3467,2929,4907,3750,3439,105.4947678353232,83.28233729279803,74.91973322129077,2208.1691544481478,2287.466441844469,2342.528204530576,2343.164280210177,2379.2675381680333,2415.550506536905,2140.6486518735537,2323.1434881983546,2,20,4 Sverdrup,3 Sverdrup,10 Sverdrup,20 Sverdrup,0.2,0.2,1.8
control,78900.0,280.2764838273176,4667,3467,2930,4907,3750,3439,105.49476929565714,83.28233589881853,74.92001875414834,2208.1690317974244,2287.4662997763185,2342.528610479547,2343.1641656288057,2379.2674001197697,2415.5514631164933,2140.648730109645,2323.143631571679,2,20,4 Sverdrup,3 Sverdrup,10 Sverdrup,20 Sverdrup,0.2,0.2,1.8
control,79000.0,280.27639060640143,4667,3467,2930,4907,3750,3439,105.49478134501828,83.28233871638629,74.9202644719736,2208.1689487428343,2287.4661772639047,2342.528946660349,2343.164106957797,2379.2672886526943,2415.5522724663288,2140.6487905559084,2323.143776388308,2,20,4 Sverdrup,3 Sverdrup,10 Sverdrup,20 Sverdrup,0.2,0.2,1.8
control,79100.0,280.2762671342789,4667,3467,2930,4907,3750,3439,105.49480351311972,83.2823467324284,74.92047649017344,2208.168893976558,2287.4660745759948,2342.529224469444,2343.1640925842985,2379.2672058714465,2415.552959155362,2140.648839951063,2323.143926291478,2,20,4 Sverdrup,3 Sverdrup,10 Sverdrup,20 Sverdrup,0.2,0.2,1.8
control,79200.0,280.276297750458,4667,3467,2929,4907,3750,3439,105.49479240849642,83.2823461594005,74.91956245207939,2208.1686758260958,2287.4659215981023,2342.527316982248,2343.163864903238,2379.267058838905,2415.549304966465,2140.6480343558437,2323.142930714036,2,20,4 Sverdrup,3 Sverdrup,10 Sverdrup,20 Sverdrup,0.2,0.2,1.8
control,79300.0,280.27628798877583,4667,3467,2929,4907,3750,3439,105.49478625001048,83.28234497629288,74.9197799686903,2208.1685028295647,2287.4657700127227,2342.52760025698,2343.163689154253,2379.266912073912,2415.5500246454226,2140.648022589439,2323.142939768214,2,20,4 Sverdrup,3 Sverdrup,10 Sverdrup,20 Sverdrup,0.2,0.2,1.8
control,79400.0,280.27623136589176,4667,3467,2930,4907,3750,3439,105.49479024869164,83.28234616454219,74.92006049483653,2208.168384783279,2287.4656339978187,2342.5279983072114,2343.1635832979564,2379.2667846464965,2415.5509637420537,2140.6481021463483,2323.143085607104,2,20,4 Sverdrup,3 Sverdrup,10 Sverdrup,20 Sverdrup,0.2,0.2,1.8
control,79500.0,280.2761373153881,4667,3467,2930,4907,3750,3439,105.49480431583088,83.28235124207355,74.92030211930727,2208.1683053730967,2287.465516686588,2342.5283281955744,2343.163531546813,2379.2666823818004,2415.5517589541155,2140.648163036534,2323.143231354591,2,20,4 Sverdrup,3 Sverdrup,10 Sverdrup,20 Sverdrup,0.2,0.2,1.8
control,79600.0,280.2761911287105,4667,3467,2929,4907,3750,3439,105.49478526539164,83.28234683141807,74.91941259672677,2208.1680685234974,2287.465349128983,2342.526463938037,2343.1632724374404,2379.266514222819,2415.54819471128,2140.647359106374,2323.1422237692263,2,20,4 Sverdrup,3 Sverdrup,10 Sverdrup,20 Sverdrup,0.2,0.2,1.8
control,79700.0,280.2761992457636,4667,3467,2929,4907,3750,3439,105.49477153951965,83.28234126121639,74.91965032785942,2208.167880296261,2287.4651835338204,2342.526782707967,2343.1630692238687,2379.2663458468137,2415.548988428588,2140.6473436367637,2323.1422177489435,2,20,4 Sverdrup,3 Sverdrup,10 Sverdrup,20 Sverdrup,0.2,0.2,1.8
control,79800.0,280.2761560895437,4667,3467,2930,4907,3750,3439,105.4947685436959,83.28233780679955,74.91994747110078,2208.167749262884,2287.465034335134,2342.527209618541,2343.162939027416,2379.2661971196667,2415.5499880713537,2140.64741741009,2323.142348766221,2,20,4 Sverdrup,3 Sverdrup,10 Sverdrup,20 Sverdrup,0.2,0.2,1.8
control,79900.0,280.27607193780784,4667,3467,2930,4907,3750,3439,105.49477632736772,83.28233822393777,74.92020270836912,2208.167658575977,2287.464904811184,2342.5275627943734,2343.162865785805,2379.266074451099,2415.550832547526,2140.647472400363,2323.14248172849,2,20,4 Sverdrup,3 Sverdrup,10 Sverdrup,20 Sverdrup,0.2,0.2,1.8
control,80000.0,280.2759553440903,4667,3467,2930,4907,3750,3439,105.49479454935872,83.28234367488623,74.92042249940275,2208.1675967966794,2287.464795345869,2342.5278542558503,2343.162837980516,2379.2659803845536,2415.5515477039853,2140.6475165275374,2323.1426213320296,2,20,4 Sverdrup,3 Sverdrup,10 Sverdrup,20 Sverdrup,0.2,0.2,1.8
control,80100.0,280.2759911043572,4667,3467,2929,4907,3750,3439,105.49477989752,83.28234051142707,74.9195147818446,2208.167372273125,2287.4646359290323,2342.525957642463,2343.162598160887,2379.265822343739,2415.547916444945,2140.646706426577,2323.1416173986563,2,20,4 Sverdrup,3 Sverdrup,10 Sverdrup,20 Sverdrup,0.2,0.2,1.8
control,80200.0,280.2759851290382,4667,3467,2929,4907,3750,3439,105.49477062836316,83.28233681758081,74.91973742232557,2208.167193604644,2287.4644783359563,2342.5262495242346,2343.16241168868,2379.265665132853,2415.5486545173526,2140.6466911279244,2323.1416200558774,2,20,4 Sverdrup,3 Sverdrup,10 Sverdrup,20 Sverdrup,0.2,0.2,1.8
control,80300.0,280.2759312397461,4667,3467,2930,4907,3750,3439,105.49477195842668,83.28233564896499,74.92002209036787,2208.1670706348564,2287.4643368196844,2342.5266543414828,2343.162296578781,2379.2655280325166,2415.549608298514,2140.646768124145,2323.1417612689384,2,20,4 Sverdrup,3 Sverdrup,10 Sverdrup,20 Sverdrup,0.2,0.2,1.8
control,80400.0,280.2758391123764,4667,3467,2930,4907,3750,3439,105.49478378194786,83.2823385714208,74.92026705316589,2208.166987064659,2287.4642145663665,2342.526989521345,2343.1622370286573,2379.265417008053,2415.5504151912764,2140.646827322399,2323.141903894091,2,20,4 Sverdrup,3 Sverdrup,10 Sverdrup,20 Sverdrup,0.2,0.2,1.8
control,80500.0,280.2757167531617,4667,3467,2930,4907,3750,3439,105.49480564957804,83.28234659069378,74.92047840199957,2208.1669316338307,2287.464111892348,2342.5272664228914,2343.1622215065718,2379.265334244808,2415.5510996830003,2140.646875482336,2323.142051609282,2,20,4 Sverdrup,3 Sverdrup,10 Sverdrup,20 Sverdrup,0.2,0.2,1.8
control,80600.0,280.275748488834,4667,3467,2929,4907,3750,3439,105.494794187238,83.28234593631134,74.91956376843056,2208.1667127097826,2287.463958726785,2342.5253580939766,2343.161992475202,2379.265186879332,2415.547443494269,2140.646068679151,2323.141053871372,2,20,4 Sverdrup,3 Sverdrup,10 Sverdrup,20 Sverdrup,0.2,0.2,1.8
control,80700.0,280.2757398450076,4667,3467,2929,4907,3750,3439,105.494787628151,83.2823446024925,74.91978072320943,2208.166538863063,2287.4638067911465,2342.5256405717128,2343.1618152297665,2379.26503949624,2415.548161321597,2140.646055739301,2323.141060807986,2,20,4 Sverdrup,3 Sverdrup,10 Sverdrup,20 Sverdrup,0.2,0.2,1.8
control,80800.0,280.2756843313943,4667,3467,2930,4907,3750,3439,105.4947911950203,83.28234558398333,74.92006074932151,2208.1664199164256,2287.463670297708,2342.526037855719,2343.1617077759183,2379.2649112232502,2415.5490986798263,2140.646134163725,2323.1412045822512,2,20,4 Sverdrup,3 Sverdrup,10 Sverdrup,20 Sverdrup,0.2,0.2,1.8
control,80900.0,280.2755913771534,4667,3467,2930,4907,3750,3439,105.4948048085368,83.28235041020034,74.92030190150241,2208.1663395765167,2287.4635524092264,2342.5263669984392,2343.1616543620307,2379.2648079352666,2415.5498922396364,2140.646193963985,2323.1413483234805,2,20,4 Sverdrup,3 Sverdrup,10 Sverdrup,20 Sverdrup,0.2,0.2,1.8
control,81000.0,280.27564627022537,4667,3467,2929,4907,3750,3439,105.49478529012832,83.2823457134443,74.91941193897448,2208.166101784085,2287.4633842007806,2342.5245020092525,2343.1613935529485,2379.264638617577,2415.546326411147,2140.6453889874333,2323.140338792691,2,20,4 Sverdrup,3 Sverdrup,10 Sverdrup,20 Sverdrup,0.2,0.2,1.8
control,81100.0,280.2756554492344,4667,3467,2929,4907,3750,3439,105.49477108787453,83.28233983061311,74.9196492321096,2208.1659126130244,2287.463217902085,2342.5248200570654,2343.1611886245105,2379.2644689828817,2415.5471185947267,2140.645372512853,2323.140330888046,2,20,4 Sverdrup,3 Sverdrup,10 Sverdrup,20 Sverdrup,0.2,0.2,1.8
control,81200.0,280.27561333541166,4667,3467,2930,4907,3750,3439,105.49476761186952,83.28233604389227,74.91994597487394,2208.165780644142,2287.4630679644624,2342.525246253127,2343.16105671467,2379.2643189263986,2415.5481167464177,2140.6454453225047,2323.140460081197,2,20,4 Sverdrup,3 Sverdrup,10 Sverdrup,20 Sverdrup,0.2,0.2,1.8
control,81300.0,280.27553020593945,4667,3467,2930,4907,3750,3439,105.4947749151166,83.2823361147119,74.92020082069614,2208.1656890366608,2287.462937680159,2342.525598720896,2343.160981773554,2379.264194881805,2415.5489597670394,2140.645499387718,2323.140591277661,2,20,4 Sverdrup,3 Sverdrup,10 Sverdrup,20 Sverdrup,0.2,0.2,1.8
control,81400.0,280.2754146140716,4667,3467,2930,4907,3750,3439,105.49479265914182,83.28234120994384,74.92042023215247,2208.1656263563627,2287.462827444239,2342.525889480631,2343.160952291684,2379.264099411856,2415.5496734989106,2140.645542626358,2323.1407291713654,2,20,4 Sverdrup,3 Sverdrup,10 Sverdrup,20 Sverdrup,0.2,0.2,1.8
control,81500.0,280.27545135537565,4667,3467,2929,4907,3750,3439,105.49477753379104,83.2823376850857,74.91951215206373,2208.16540095456,2287.462667255352,2342.5239921721736,2343.1607108247954,2379.263939955621,2415.546040843083,2140.6447316715644,2323.1397235814875,2,20,4 Sverdrup,3 Sverdrup,10 Sverdrup,20 Sverdrup,0.2,0.2,1.8
control,81600.0,280.2754463412263,4667,3467,2929,4907,3750,3439,105.49476779709272,83.28233362716148,74.91973441994864,2208.16522143231,2287.46250889548,2342.5242833664865,2343.16052273901,2379.263781329344,2415.546777545152,2140.644715550447,2323.13972463299,2,20,4 Sverdrup,3 Sverdrup,10 Sverdrup,20 Sverdrup,0.2,0.2,1.8
control,81700.0,280.27539339304855,4667,3467,2930,4907,3750,3439,105.49476866666105,83.28233209414661,74.92001874401731,2208.1650976343994,2287.4623666228117,2342.524687505068,2343.1604060520367,2379.263642822951,2415.547729981828,2140.6447917549226,2323.1398642886584,2,20,4 Sverdrup,3 Sverdrup,10 Sverdrup,20 Sverdrup,0.2,0.2,1.8
control,81800.0,280.2753021872192,4667,3467,2930,4907,3750,3439,105.4947800374885,83.28233465373586,74.92026336484957,2208.16501326207,2287.4622436272443,2342.525022015948,2343.160344962964,2379.2635304088208,2415.5485355552746,2140.644850189585,2323.140005402242,2,20,4 Sverdrup,3 Sverdrup,10 Sverdrup,20 Sverdrup,0.2,0.2,1.8
control,81900.0,280.27518073053875,4667,3467,2930,4907,3750,3439,105.49480146069598,83.28234231310044,74.92047437881011,2208.164957054995,2287.462140227793,2342.525298259233,2343.160327940803,2379.263446277522,2415.5492187528234,2140.6448976124466,2323.140151649433,2,20,4 Sverdrup,3 Sverdrup,10 Sverdrup,20 Sverdrup,0.2,0.2,1.8
control,82000.0,280.2752133502256,4667,3467,2929,4907,3750,3439,105.49478956247216,83.28234130284217,74.91955941647564,2208.164737380139,2287.461986355411,2342.523389283271,2343.160097448301,2379.2632975693514,2415.5455612942765,2140.64409009705,2323.1391524847704,2,20,4 Sverdrup,3 Sverdrup,10 Sverdrup,20 Sverdrup,0.2,0.2,1.8
control,82100.0,280.27520557189945,4667,3467,2929,4907,3750,3439,105.49478257624938,83.2823396179997,74.9197760514113,2208.1645628075803,2287.4618337327606,2342.523671127081,2343.159918780417,2379.263148871558,2415.5462778784126,2140.644076469326,2323.1391580345075,2,20,4 Sverdrup,3 Sverdrup,10 Sverdrup,20 Sverdrup,0.2,0.2,1.8
control,82200.0,280.2751509063626,4667,3467,2930,4907,3750,3439,105.494785724785,83.28234025391836,74.920055762764,2208.1644431591785,2287.461696572711,2342.524067790474,2343.159809942188,2379.2630193135774,2415.547214019307,2140.6441542278103,2323.139300459862,2,20,4 Sverdrup,3 Sverdrup,10 Sverdrup,20 Sverdrup,0.2,0.2,1.8
control,82300.0,280.2750587831093,4667,3467,2930,4907,3750,3439,105.49479892874156,83.28234474043292,74.9202966070357,2208.1643621408084,2287.4615780382724,2342.524396326495,2343.15975518116,2379.262914771331,2415.548006387821,2140.6442133837245,2323.139442888599,2,20,4 Sverdrup,3 Sverdrup,10 Sverdrup,20 Sverdrup,0.2,0.2,1.8
control,82400.0,280.27511450134745,4667,3467,2929,4907,3750,3439,105.49477900672866,83.28233970920238,74.91940627790464,2208.1641236808064,2287.4614092001475,2342.52253060994,2343.159493045445,2379.2627442247185,2415.544439126229,2140.643407729889,2323.13843200722,2,20,4 Sverdrup,3 Sverdrup,10 Sverdrup,20 Sverdrup,0.2,0.2,1.8
control,82500.0,280.2751244760905,4667,3467,2929,4907,3750,3439,105.49476441213857,83.28233349879751,74.91964334508489,2208.163933878149,2287.461242295848,2342.522848232584,2343.1592868441253,2379.262573397058,2415.545230475327,2140.643390705399,2323.1384229277155,2,20,4 Sverdrup,3 Sverdrup,10 Sverdrup,20 Sverdrup,0.2,0.2,1.8
control,82600.0,280.2750831419229,4667,3467,2930,4907,3750,3439,105.4947605525209,83.28232939111193,74.9199398047532,2208.16380129872,2287.461091773529,2342.5232738691766,2343.1591536963274,2379.2624221799574,2415.546227520097,2140.6434629336645,2323.138550915516,2,20,4 Sverdrup,3 Sverdrup,10 Sverdrup,20 Sverdrup,0.2,0.2,1.8
control,82700.0,280.2750007775482,4667,3467,2930,4907,3750,3439,105.49476748036632,83.2823291475047,74.92019436310919,2208.163709099367,2287.4609609241825,2342.5236257814768,2343.1590775490963,2379.262297005769,2415.5470694379,2140.643516428645,2323.138680929394,2,20,4 Sverdrup,3 Sverdrup,10 Sverdrup,20 Sverdrup,0.2,0.2,1.8
control,82800.0,280.2748859364023,4667,3467,2930,4907,3750,3439,105.49478485702926,83.28233393480016,74.92041349354047,2208.163645845689,2287.4608501421794,2342.523916003041,2343.1590468924965,2379.262200436498,2415.5477820972737,2140.643559115858,2323.1388176721925,2,20,4 Sverdrup,3 Sverdrup,10 Sverdrup,20 Sverdrup,0.2,0.2,1.8
control,82900.0,280.274923424771,4667,3467,2929,4907,3750,3439,105.49476936953252,83.28233010752746,74.91950507565532,2208.163419877458,2287.46068942135,2342.5220180416254,2343.158804266329,2379.262039904778,2415.544148136895,2140.642747575804,2323.137810890965,2,20,4 Sverdrup,3 Sverdrup,10 Sverdrup,20 Sverdrup,0.2,0.2,1.8
control,83000.0,280.27491913036954,4667,3467,2929,4907,3750,3439,105.49475928113056,83.28232575411575,74.91972714629377,2208.163239821166,2287.460530551163,2342.5223088863154,2343.158615070208,2379.261880236694,2415.544884133767,2140.6427309943674,2323.137810922716,2,20,4 Sverdrup,3 Sverdrup,10 Sverdrup,20 Sverdrup,0.2,0.2,1.8
control,83100.0,280.2748668878456,4667,3467,2930,4907,3750,3439,105.4947598068642,83.28232393205414,74.92001121562686,2208.1631155069217,2287.4603877864656,2342.5227125412025,2343.158497303169,2379.261740718024,2415.5458355921355,2140.642806704484,2323.13794952385,2,20,4 Sverdrup,3 Sverdrup,10 Sverdrup,20 Sverdrup,0.2,0.2,1.8
control,83200.0,280.2747763749928,4667,3467,2930,4907,3750,3439,105.49477084119272,83.28232620882181,74.92025557688069,2208.163030633812,2287.460264315827,2342.52304657228,2343.1584351613983,2379.261627319478,2415.546640190376,2140.64286465351,2323.138089601604,2,20,4 Sverdrup,3 Sverdrup,10 Sverdrup,20 Sverdrup,0.2,0.2,1.8
control,83300.0,280.2746555987014,4667,3467,2930,4907,3750,3439,105.49479193505842,83.28233359143542,74.92046633724839,2208.162973941537,2287.460160457568,2342.5233223526825,2343.1584171136374,2379.2615422306767,2415.5473224417765,2140.6429116072763,2323.138234840829,2,20,4 Sverdrup,3 Sverdrup,10 Sverdrup,20 Sverdrup,0.2,0.2,1.8
control,83400.0,280.2746888968351,4667,3467,2929,4907,3750,3439,105.4947797118312,83.28233230945311,74.91955106405767,2208.1627537857084,2287.4600061378696,2342.521412798309,2343.158185606881,2379.2613925853816,2415.5436638032675,2140.6421035867825,2323.1372346240955,2,20,4 Sverdrup,3 Sverdrup,10 Sverdrup,20 Sverdrup,0.2,0.2,1.8
control,83500.0,280.2746817712711,4667,3467,2929,4907,3750,3439,105.49477241018492,83.28233035926755,74.91976752821465,2208.162578762032,2287.459853086969,2342.5216943663995,2343.158005969801,2379.261242980673,2415.544379805417,2140.6420895769684,2323.13723929004,2,20,4 Sverdrup,3 Sverdrup,10 Sverdrup,20 Sverdrup,0.2,0.2,1.8
control,83600.0,280.2746277459579,4667,3467,2930,4907,3750,3439,105.49477525032408,83.28233073570587,74.92004701091338,2208.1624586778603,2287.4597155145,2342.522090619082,2343.1578961889527,2379.2611125418784,2415.54531508942,2140.6421669174742,2323.1373807936234,2,20,4 Sverdrup,3 Sverdrup,10 Sverdrup,20 Sverdrup,0.2,0.2,1.8
control,83700.0,280.27453625174815,4667,3467,2930,4907,3750,3439,105.49478815240002,83.28233496836867,74.92028762119651,2208.1623772370654,2287.459596582257,2342.522418747237,2343.157840509164,2379.261007143328,2415.5461066022053,2140.6422256623664,2323.137522316245,2,20,4 Sverdrup,3 Sverdrup,10 Sverdrup,20 Sverdrup,0.2,0.2,1.8
control,83800.0,280.27459258762855,4667,3467,2929,4907,3750,3439,105.49476793490162,83.28232968876523,74.91939706411027,2208.162138368369,2287.4594273604566,2342.5205526411314,2343.157577478744,2379.2608357641816,2415.542538516941,2140.641419613401,2323.1365105550685,2,20,4 Sverdrup,3 Sverdrup,10 Sverdrup,20 Sverdrup,0.2,0.2,1.8
control,83900.0,280.27460316836306,4667,3467,2929,4907,3750,3439,105.494753051102,83.28232323532423,74.9196339108054,2208.161948170909,2287.459260086252,2342.520869889666,2343.1573704066354,2379.260664127133,2415.543329068633,2140.6414022089957,2323.136500620682,2,20,4 Sverdrup,3 Sverdrup,10 Sverdrup,20 Sverdrup,0.2,0.2,1.8
control,84000.0,280.2745624292873,4667,3467,2930,4907,3750,3439,105.49474890842048,83.28231888981583,74.91993015369032,2208.161815210232,2287.4591092073897,2342.52129516581,2343.1572364115227,2379.2605121231845,2415.544325338833,2140.641474070439,2323.136627776987,2,20,4 Sverdrup,3 Sverdrup,10 Sverdrup,20 Sverdrup,0.2,0.2,1.8
control,84100.0,280.27448064915376,4667,3467,2930,4907,3750,3439,105.49475555920036,83.2823184134707,74.92018450036925,2208.1617226429657,2287.458978014518,2342.521646730922,2343.157159439957,2379.2603861841167,2415.5451665041664,2140.641527211868,2323.136756982022,2,20,4 Sverdrup,3 Sverdrup,10 Sverdrup,20 Sverdrup,0.2,0.2,1.8
control,84200.0,280.2743663815589,4667,3467,2930,4907,3750,3439,105.49477266465529,83.28232297299029,74.92040342378822,2208.161659034437,2287.4588669016853,2342.521936618239,2343.1571279814984,2379.2602888713946,2415.545878432616,2140.6415695583314,2323.136892938068,2,20,4 Sverdrup,3 Sverdrup,10 Sverdrup,20 Sverdrup,0.2,0.2,1.8
control,84300.0,280.27440443306006,4667,3467,2929,4907,3750,3439,105.49475691162472,83.28231892276997,74.91949480220335,2208.161432724043,2287.4587058623783,2342.5200383340766,2343.156884575326,2379.260127617088,2415.5422437600832,2140.640757689548,2323.135885391079,2,20,4 Sverdrup,3 Sverdrup,10 Sverdrup,20 Sverdrup,0.2,0.2,1.8
control,84400.0,280.27440070313315,4667,3467,2929,4907,3750,3439,105.494746560358,83.28231435014995,74.91971664651204,2208.1612523256126,2287.458546681122,2342.520328723692,2343.156694603664,2379.259967240476,2415.5429787782823,2140.640740734295,2323.135884599795,2,20,4 Sverdrup,3 Sverdrup,10 Sverdrup,20 Sverdrup,0.2,0.2,1.8
control,84500.0,280.27434901313694,4667,3467,2930,4907,3750,3439,105.4947468285873,83.2823123130932,74.92000048488865,2208.1611276838007,2287.458403616233,2342.52073209336,2343.156576084212,2379.25982703158,2415.543929593338,2140.6408161380145,2323.1360224692494,2,20,4 Sverdrup,3 Sverdrup,10 Sverdrup,20 Sverdrup,0.2,0.2,1.8
control,84600.0,280.2742590402707,4667,3467,2930,4907,3750,3439,105.49475761104608,83.28231437919375,74.92024466417489,2208.161042498186,2287.458279857105,2342.5210658595283,2343.156513214041,2379.259712962099,2415.5447335844256,2140.640873798141,2323.136161843895,2,20,4 Sverdrup,3 Sverdrup,10 Sverdrup,20 Sverdrup,0.2,0.2,1.8
control,84700.0,280.2741387921157,4667,3467,2930,4907,3750,3439,105.4947784586026,83.28232155549188,74.92045524846867,2208.160985507117,2287.458175722099,2342.5213413822894,2343.156494460469,2379.259627221736,2415.545415239016,2140.64092047254,2323.13630639883,2,20,4 Sverdrup,3 Sverdrup,10 Sverdrup,20 Sverdrup,0.2,0.2,1.8
control,84800.0,280.2741725964541,4667,3467,2929,4907,3750,3439,105.49476599711704,83.28232007241458,74.9195398259141,2208.160765076356,2287.4580211414104,2342.5194317069827,2343.156262284504,2379.259476949727,2415.5417562710586,2140.6401122339494,2323.135305586616,2,20,4 Sverdrup,3 Sverdrup,10 Sverdrup,20 Sverdrup,0.2,0.2,1.8
control,84900.0,280.27416597968863,4667,3467,2929,4907,3750,3439,105.49475845980297,83.28231792483679,74.9197561236441,2208.1605897755057,2287.457867837122,2342.5197128792925,2343.1560819803776,2379.259326732497,2415.5424713927346,2140.640097910426,2323.135309536354,2,20,4 Sverdrup,3 Sverdrup,10 Sverdrup,20 Sverdrup,0.2,0.2,1.8
control,85000.0,280.27411245339,4667,3467,2930,4907,3750,3439,105.4947610692394,83.28231810795384,74.92003539412374,2208.1604694255616,2287.4577300214105,2342.520108894114,2343.155971551896,2379.259195698506,2415.5434061084866,2140.640174998196,2323.13545040619,2,20,4 Sverdrup,3 Sverdrup,10 Sverdrup,20 Sverdrup,0.2,0.2,1.8
control,85100.0,280.2740214476677,4667,3467,2930,4907,3750,3439,105.49477374580395,83.28232215141567,74.92027583787775,2208.1603877317407,2287.45761085664,2342.5204368048803,2343.155915245517,2379.259089722718,2415.5441970900924,2140.64023350854,2323.13559132322,2,20,4 Sverdrup,3 Sverdrup,10 Sverdrup,20 Sverdrup,0.2,0.2,1.8
control,85200.0,280.2740782513668,4667,3467,2929,4907,3750,3439,105.49475331044783,83.28231668757252,74.91938514502678,2208.1601486330915,2287.4574414171343,2342.518570617594,2343.1556516236733,2379.258917789805,2415.5406287402816,2140.639427286091,2323.134579044135,2,20,4 Sverdrup,3 Sverdrup,10 Sverdrup,20 Sverdrup,0.2,0.2,1.8
control,85300.0,280.2740893036786,4667,3467,2929,4907,3750,3439,105.49473821095154,83.28231005330977,74.91962183881677,2208.159958202613,2287.457273931934,2342.518887509728,2343.155443960787,2379.2587456117926,2415.5414184759265,2140.639409611586,2323.134568469188,2,20,4 Sverdrup,3 Sverdrup,10 Sverdrup,20 Sverdrup,0.2,0.2,1.8
control,85400.0,280.2740490274612,4667,3467,2930,4907,3750,3439,105.49473385709156,83.28230553074343,74.919917882917,2208.159825019437,2287.457122851341,2342.5193125869,2343.155309392703,2379.258593082791,2415.5424142415904,2140.639481262768,2323.1346950653665,2,20,4 Sverdrup,3 Sverdrup,10 Sverdrup,20 Sverdrup,0.2,0.2,1.8
control,85500.0,280.27396770064354,4667,3467,2930,4907,3750,3439,105.4947403014296,83.28230488113816,74.92017207633992,2208.1597322414914,2287.456991466571,2342.5196639729675,2343.155231867548,2379.258466635182,2415.543254938649,2140.639534210978,2323.134823736457,2,20,4 Sverdrup,3 Sverdrup,10 Sverdrup,20 Sverdrup,0.2,0.2,1.8
control,85600.0,280.2738538773013,4667,3467,2930,4907,3750,3439,105.4947572050646,83.28230927115504,74.92039085247161,2208.1596684332976,2287.456880171625,2342.519953687993,2343.1551998739087,2379.258368830307,2415.5439664088904,2140.639576372902,2323.134959174602,2,20,4 Sverdrup,3 Sverdrup,10 Sverdrup,20 Sverdrup,0.2,0.2,1.8
control,85700.0,280.27389235371345,4667,3467,2929,4907,3750,3439,105.49474125729294,83.28230505600403,74.91948211026488,2208.159441944679,2287.456718963967,2342.5180553674204,2343.154955965182,2379.2582071055745,2415.5403315445574,2140.638764379304,2323.13395119504,2,20,4 Sverdrup,3 Sverdrup,10 Sverdrup,20 Sverdrup,0.2,0.2,1.8
control,85800.0,280.27388904159045,4667,3467,2929,4907,3750,3439,105.49473071581492,83.28230032245018,74.91970384584772,2208.159261376112,2287.456559624682,2342.518345591001,2343.154765506337,2379.258046275884,2415.541066108697,2140.638747259929,2323.133949925767,2,20,4 Sverdrup,3 Sverdrup,10 Sverdrup,20 Sverdrup,0.2,0.2,1.8
control,85900.0,280.2738377637761,4667,3467,2930,4907,3750,3439,105.4947307979334,83.2822981282232,74.91998753738245,2208.1591365710133,2287.4564164108515,2342.51874879384,2343.1546465132665,2379.2579056296418,2415.5420164654324,2140.638822502452,2323.134087325296,2,20,4 Sverdrup,3 Sverdrup,10 Sverdrup,20 Sverdrup,0.2,0.2,1.8
control,86000.0,280.2737481972305,4667,3467,2930,4907,3750,3439,105.49474139822232,83.28230004073176,74.92023157075816,2208.159051229626,2287.4562925113623,2342.519082403984,2343.154583183384,2379.257791137719,2415.542820017057,2140.63888001176,2323.1342262461017,2,20,4 Sverdrup,3 Sverdrup,10 Sverdrup,20 Sverdrup,0.2,0.2,1.8
control,86100.0,280.2736283494257,4667,3467,2930,4907,3750,3439,105.49476206741154,83.28230706685692,74.92044201318491,2208.158994090661,2287.45618824425,2342.519357781063,2343.154563984113,2379.2577049892066,2415.543501250082,2140.6389265449643,2323.1343703625103,2,20,4 Sverdrup,3 Sverdrup,10 Sverdrup,20 Sverdrup,0.2,0.2,1.8
control,86200.0,280.27366254818344,4667,3467,2929,4907,3750,3439,105.4947494311822,83.28230543686523,74.91952645128507,2208.158773519847,2287.45603353941,2342.517447968485,2343.154331376168,2379.257554322768,2415.539841874638,2140.638118173352,2323.1333691253185,2,20,4 Sverdrup,3 Sverdrup,10 Sverdrup,20 Sverdrup,0.2,0.2,1.8
control,86300.0,280.27365631931895,4667,3467,2929,4907,3750,3439,105.49474172269038,83.2823031455125,74.91974261528372,2208.158598086972,2287.455880118779,2342.5177290145384,2343.154150653739,2379.257403724436,2415.5405566080804,2140.638103725922,2323.1333726644502,2,20,4 Sverdrup,3 Sverdrup,10 Sverdrup,20 Sverdrup,0.2,0.2,1.8
control,86400.0,280.2736031749845,4667,3467,2930,4907,3750,3439,105.49474416443564,83.28230318789564,74.92002175581341,2208.158477612771,2287.4557421943045,2342.5181249122406,2343.154039820373,2379.257272322291,2415.5414909512265,2140.6381806970408,2323.133513137024,2,20,4 Sverdrup,3 Sverdrup,10 Sverdrup,20 Sverdrup,0.2,0.2,1.8
control,86500.0,280.273512545044,4667,3467,2930,4907,3750,3439,105.49475667672144,83.28230709357038,74.92026207172752,2208.1583958023566,2287.4556229281798,2342.518452714494,2343.153983122243,2379.257165990949,2415.5422815748298,2140.6382390984377,2323.133653669726,2,20,4 Sverdrup,3 Sverdrup,10 Sverdrup,20 Sverdrup,0.2,0.2,1.8
control,86600.0,280.2735697180175,4667,3467,2929,4907,3750,3439,105.4947360803563,83.28230149477693,74.91937128682854,2208.1581565946854,2287.4554533945875,2342.5165864262262,2343.153719121431,2379.2569937147387,2415.5387128794773,2140.6374327746707,2323.1326410186152,2,20,4 Sverdrup,3 Sverdrup,10 Sverdrup,20 Sverdrup,0.2,0.2,1.8
control,86700.0,280.27358113401584,4667,3467,2929,4907,3750,3439,105.49472082316734,83.28229472836698,74.91960778983538,2208.157966062317,2287.455285822304,2342.516903225297,2343.153511092111,2379.2568212053807,2415.5395022830303,2140.6374150048227,2323.132630084117,2,20,4 Sverdrup,3 Sverdrup,10 Sverdrup,20 Sverdrup,0.2,0.2,1.8
control,86800.0,280.2735412152395,4667,3467,2930,4907,3750,3439,105.4947163148204,83.28229007637394,74.91990374759864,2208.157832784569,2287.4551346615704,2342.517328218062,2343.1533761700293,2379.2566683567625,2415.540497731459,2140.637486569013,2323.132756333574,2,20,4 Sverdrup,3 Sverdrup,10 Sverdrup,20 Sverdrup,0.2,0.2,1.8
control,86900.0,280.2734602398719,4667,3467,2930,4907,3750,3439,105.49472260784636,83.28228930001104,74.92015782809973,2208.157739919184,2287.455003203465,2342.517679527208,2343.1532983031043,2379.2565416010398,2415.5413381238736,2140.6375394370907,2323.132884670203,2,20,4 Sverdrup,3 Sverdrup,10 Sverdrup,20 Sverdrup,0.2,0.2,1.8
control,87000.0,280.2733467620907,4667,3467,2930,4907,3750,3439,105.49473936329773,83.28229356589041,74.92037649061312,2208.1576760305456,2287.4548918418564,2342.5179691724925,2343.153265979717,2379.256443499336,2415.542049301521,2140.6375815257597,2323.1330197859206,2,20,4 Sverdrup,3 Sverdrup,10 Sverdrup,20 Sverdrup,0.2,0.2,1.8
control,87100.0,280.2733855779122,4667,3467,2929,4907,3750,3439,105.49472327035303,83.28228922914647,74.9194676701126,2208.1574494684114,2287.454730574111,2342.5160707883515,2343.1530217529707,2379.256281488824,2415.5384141546147,2140.6367694659616,2323.1320114953223,2,20,4 Sverdrup,3 Sverdrup,10 Sverdrup,20 Sverdrup,0.2,0.2,1.8
control,87200.0,280.2733826000117,4667,3467,2929,4907,3750,3439,105.4947125867698,83.28228437653688,74.91968922817452,2208.1572688328574,2287.4545711810943,2342.516360955168,2343.15283098764,2379.2561203841865,2415.539148447666,2140.6367522858613,2323.132009926625,2,20,4 Sverdrup,3 Sverdrup,10 Sverdrup,20 Sverdrup,0.2,0.2,1.8
control,87300.0,280.27333165061265,4667,3467,2930,4907,3750,3439,105.49471252974512,83.2822820657279,74.91997284622758,2208.157143967508,2287.45442791986,2342.516764108823,2343.1527116995467,2379.2559794736776,2415.5400985462697,2140.636827475483,2323.1321470386297,2,20,4 Sverdrup,3 Sverdrup,10 Sverdrup,20 Sverdrup,0.2,0.2,1.8
control,87400.0,280.2732424069603,4667,3467,2930,4907,3750,3439,105.49472299382256,83.2822838640912,74.92021677912214,2208.157058572434,2287.4543039791843,2342.5170976762715,2343.152648085912,2379.2558647279943,2415.5409018506034,2140.636884938192,2323.1322856832016,2,20,4 Sverdrup,3 Sverdrup,10 Sverdrup,20 Sverdrup,0.2,0.2,1.8
control,87500.0,280.2731228766514,4667,3467,2930,4907,3750,3439,105.49474352968424,83.2822907784686,74.92042711999969,2208.157001386212,2287.4541996769917,2342.517373016916,2343.152628613953,2379.255778336047,2415.541582846773,2140.636931431103,2323.1324295344025,2,20,4 Sverdrup,3 Sverdrup,10 Sverdrup,20 Sverdrup,0.2,0.2,1.8
control,87600.0,280.27315738726384,4667,3467,2929,4907,3750,3439,105.49473076288942,83.28228903905679,74.91951149151889,2208.1567807745027,2287.454044943089,2342.5154631731616,2343.152395744082,2379.255627436285,2415.5379232428886,2140.636123025636,2323.1314280423285,2,20,4 Sverdrup,3 Sverdrup,10 Sverdrup,20 Sverdrup,0.2,0.2,1.8
control,87700.0,280.2731514655829,4667,3467,2929,4907,3750,3439,105.49472292664922,83.28228664060848,74.91972748938666,2208.156605306696,2287.453891499208,2342.5157441940955,2343.152214770293,2379.2554766145445,2415.538637758096,2140.636108549243,2323.1314313371618,2,20,4 Sverdrup,3 Sverdrup,10 Sverdrup,20 Sverdrup,0.2,0.2,1.8
control,87800.0,280.27309862307965,4667,3467,2930,4907,3750,3439,105.4947252433581,83.28228657815889,74.9200065662362,2208.1564848037383,2287.4537535572767,2342.516140073472,2343.152103696053,2379.255344998762,2415.5395718945883,2140.636185498648,2323.131571576255,2,20,4 Sverdrup,3 Sverdrup,10 Sverdrup,20 Sverdrup,0.2,0.2,1.8
control,87900.0,280.27300829002075,4667,3467,2930,4907,3750,3439,105.49473763327956,83.28229038122873,74.92024679258147,2208.1564029705496,2287.453634279374,2342.5164678631777,2343.152046767335,2379.255238463384,2415.540362321168,2140.636243883949,2323.1317118857014,2,20,4 Sverdrup,3 Sverdrup,10 Sverdrup,20 Sverdrup,0.2,0.2,1.8
control,88000.0,280.2728882800249,4667,3467,2930,4907,3750,3439,105.49475968552709,83.28229903873753,74.92045410403357,2208.156348580023,2287.453533976849,2342.516738611001,2343.152032549878,2379.255159157642,2415.5410329151077,2140.6362906069303,2323.1318562259107,2,20,4 Sverdrup,3 Sverdrup,10 Sverdrup,20 Sverdrup,0.2,0.2,1.8
control,88100.0,280.2729227691976,4667,3467,2929,4907,3750,3439,105.49474807072671,83.2822987782407,74.91953599365085,2208.1561300561416,2287.453382592279,2342.514825106248,2343.1518036368457,2379.255014227415,2415.5373648877285,2140.635481888901,2323.13085431343,2,20,4 Sverdrup,3 Sverdrup,10 Sverdrup,20 Sverdrup,0.2,0.2,1.8
control,88200.0,280.2729171670972,4667,3467,2929,4907,3750,3439,105.49474106925295,83.28229760292948,74.91974995078957,2208.155956041848,2287.4532318766014,2342.5151031849937,2343.151625472908,2379.254868302365,2415.538072537008,2140.6354666911884,2323.1308565047884,2,20,4 Sverdrup,3 Sverdrup,10 Sverdrup,20 Sverdrup,0.2,0.2,1.8
control,88300.0,280.2728648951164,4667,3467,2930,4907,3750,3439,105.49474394970888,83.28229852382697,74.92002733748187,2208.155836439573,2287.4530960838374,2342.5154966762875,2343.1515162183296,2379.254740580732,2415.539001036654,2140.6355426260507,2323.130995147292,2,20,4 Sverdrup,3 Sverdrup,10 Sverdrup,20 Sverdrup,0.2,0.2,1.8
control,88400.0,280.2727753141246,4667,3467,2930,4907,3750,3439,105.49475667567384,83.28230309110491,74.92026615573313,2208.1557550372795,2287.452978427115,2342.515822499003,2343.1514602723164,2379.254637024512,2415.539786787131,2140.6355997974324,2323.131133517916,2,20,4 Sverdrup,3 Sverdrup,10 Sverdrup,20 Sverdrup,0.2,0.2,1.8
control,88500.0,280.2728336592636,4667,3467,2929,4907,3750,3439,105.49473610720752,83.28229796002542,74.91937409988454,2208.1555158537126,2287.452810036783,2342.5139545530587,2343.1511963400526,2379.2544667148704,2415.5362139742588,2140.6347921234315,2323.130118489661,2,20,4 Sverdrup,3 Sverdrup,10 Sverdrup,20 Sverdrup,0.2,0.2,1.8
control,88600.0,280.2728463311659,4667,3467,2929,4907,3750,3439,105.49472072687853,83.28229149121306,74.91960949658561,2208.15532503462,2287.452643199601,2342.5142699331245,2343.1509878249576,2379.2542954635155,2415.536999843151,2140.6347729368604,2323.130105050925,2,20,4 Sverdrup,3 Sverdrup,10 Sverdrup,20 Sverdrup,0.2,0.2,1.8
control,88700.0,280.2728077216209,4667,3467,2930,4907,3750,3439,105.49471597446556,83.28228698999877,74.91990450410528,2208.1551912248065,2287.4524924231646,2342.514693682509,2343.1508519766235,2379.254143262788,2415.537992206027,2140.6348430593025,2323.130228734855,2,20,4 Sverdrup,3 Sverdrup,10 Sverdrup,20 Sverdrup,0.2,0.2,1.8
control,88800.0,280.27272808629493,4667,3467,2930,4907,3750,3439,105.49472192815828,83.28228623962227,74.92015774206364,2208.1550976387493,2287.452361053237,2342.5150438753203,2343.1507728409333,2379.254016638365,2415.5388298564967,2140.6348944890583,2323.1303544918937,2,20,4 Sverdrup,3 Sverdrup,10 Sverdrup,20 Sverdrup,0.2,0.2,1.8
control,88900.0,280.2726159626276,4667,3467,2930,4907,3750,3439,105.49473827056852,83.28229042694805,74.92037564986316,2208.155032888947,2287.452249534382,2342.5153324948437,2343.15073898899,2379.253918237745,2415.5395385541656,2140.6349351626245,2323.130487047192,2,20,4 Sverdrup,3 Sverdrup,10 Sverdrup,20 Sverdrup,0.2,0.2,1.8
control,89000.0,280.2726561339759,4667,3467,2929,4907,3750,3439,105.49472170871726,83.28228592531137,74.9194661487709,2208.1548053652136,2287.4520879098764,2342.5134331485183,2343.15049304256,2379.2537555760537,2415.5359011264877,2140.6341217242334,2323.129476237878,2,20,4 Sverdrup,3 Sverdrup,10 Sverdrup,20 Sverdrup,0.2,0.2,1.8
control,89100.0,280.2726545046869,4667,3467,2929,4907,3750,3439,105.4947105150554,83.28228083757207,74.91968706711201,2208.154623700047,2287.451928001208,2342.5137223972843,2343.150300422504,2379.2535935369533,2415.5366332906115,2140.6341032088885,2323.129472206728,2,20,4 Sverdrup,3 Sverdrup,10 Sverdrup,20 Sverdrup,0.2,0.2,1.8
control,89200.0,280.27260489043255,4667,3467,2930,4907,3750,3439,105.4947099186788,83.28227823538971,74.919970103965,2208.154497763224,2287.4517841008374,2342.514124663405,2343.15017918984,2379.253451468715,2415.5375813767,2140.634177111677,2323.129606921469,2,20,4 Sverdrup,3 Sverdrup,10 Sverdrup,20 Sverdrup,0.2,0.2,1.8
control,89300.0,280.27251696413657,4667,3467,2930,4907,3750,3439,105.49471982366448,83.28227969814131,74.92021348646598,2208.154411275278,2287.451659427813,2342.514457364394,2343.1501135776,2379.253335393438,2415.538382758356,2140.6342333371863,2323.129743238464,2,20,4 Sverdrup,3 Sverdrup,10 Sverdrup,20 Sverdrup,0.2,0.2,1.8
control,89400.0,280.2723987304444,4667,3467,2930,4907,3750,3439,105.4947397882623,83.28228624283959,74.92042330474717,2208.1543529905703,2287.451554325562,2342.5147318536037,2343.1500920809785,2379.2532475434427,2415.539061902465,2140.634278642437,2323.129884833467,2,20,4 Sverdrup,3 Sverdrup,10 Sverdrup,20 Sverdrup,0.2,0.2,1.8
control,89500.0,280.2724345146792,4667,3467,2929,4907,3750,3439,105.49472644393308,83.28228410818718,74.91950718108735,2208.154131286732,2287.451398745073,2342.512821169485,2343.1498571818597,2379.253095093336,2415.535400502656,2140.633469097851,2323.128881156107,2,20,4 Sverdrup,3 Sverdrup,10 Sverdrup,20 Sverdrup,0.2,0.2,1.8
control,89600.0,280.27242984304314,4667,3467,2929,4907,3750,3439,105.49471802853763,83.28228129601658,74.91972268860964,2208.153954741793,2287.451244425331,2342.5131013599216,2343.1496741904884,2379.252942658705,2415.5361132698345,2140.633453528152,2323.128882335271,2,20,4 Sverdrup,3 Sverdrup,10 Sverdrup,20 Sverdrup,0.2,0.2,1.8
control,89700.0,280.2723782261984,4667,3467,2930,4907,3750,3439,105.4947197680236,83.28228080716579,74.92000130614656,2208.1538331830398,2287.4511055922,2342.5134964178624,2343.149561122364,2379.2528093916508,2415.537045699283,2140.633529428557,2323.129020526007,2,20,4 Sverdrup,3 Sverdrup,10 Sverdrup,20 Sverdrup,0.2,0.2,1.8
control,89800.0,280.2722890943268,4667,3467,2930,4907,3750,3439,105.49473158532528,83.28228417587218,74.92024108281969,2208.1537503196496,2287.4509854187754,2342.5138233952443,2343.1495022320973,2379.252701185975,2415.537834455246,2140.6335868062843,2323.1291588515305,2,20,4 Sverdrup,3 Sverdrup,10 Sverdrup,20 Sverdrup,0.2,0.2,1.8
control,89900.0,280.2721702611714,4667,3467,2930,4907,3750,3439,105.49475307154108,83.28229239484854,74.92044795635107,2208.153694927269,2287.4508842249816,2342.5140933405555,2343.1494860914395,2379.2526202062027,2415.538503412306,2140.633632560713,2323.129301269329,2,20,4 Sverdrup,3 Sverdrup,10 Sverdrup,20 Sverdrup,0.2,0.2,1.8
control,90000.0,280.2722059028083,4667,3467,2929,4907,3750,3439,105.49474089869427,83.2822916946513,74.91952942328055,2208.1534754315235,2287.4507319599534,2342.512179043507,2343.149255297478,2379.252473610092,2415.534833779005,2140.632822910973,2323.1282974927035,2,20,4 Sverdrup,3 Sverdrup,10 Sverdrup,20 Sverdrup,0.2,0.2,1.8
control,90100.0,280.27220142974954,4667,3467,2929,4907,3750,3439,105.49473334821536,83.28229008086257,74.91974295342808,2208.1533004759985,2287.450580379469,2342.512456342464,2343.149075297378,2379.252326036424,2415.5355398549013,2140.632806815601,2323.128297875869,2,20,4 Sverdrup,3 Sverdrup,10 Sverdrup,20 Sverdrup,0.2,0.2,1.8
control,90200.0,280.2721502636334,4667,3467,2930,4907,3750,3439,105.49473568941973,83.28229056635669,74.9200199374693,2208.153179963343,2287.450443741096,2342.512849067226,2343.148964252742,2379.2521966902746,2415.536466812566,2140.6328818855973,2323.1284347634005,2,20,4 Sverdrup,3 Sverdrup,10 Sverdrup,20 Sverdrup,0.2,0.2,1.8
control,90300.0,280.27206176591045,4667,3467,2930,4907,3750,3439,105.4947478863367,83.28229470272794,74.92025835737444,2208.153097681184,2287.450325260404,2342.513174137609,2343.1489065632195,2379.2520915386312,2415.537251052152,2140.632938222664,2323.128571429665,2,20,4 Sverdrup,3 Sverdrup,10 Sverdrup,20 Sverdrup,0.2,0.2,1.8
control,90400.0,280.2721211833045,4667,3467,2929,4907,3750,3439,105.49472679649824,83.28228914537432,74.91936584541224,2208.152857636021,2287.4501560649824,2342.511305319161,2343.148640918,2379.251919660289,2415.5336764910403,2140.632129689625,2323.12755467211,2,20,4 Sverdrup,3 Sverdrup,10 Sverdrup,20 Sverdrup,0.2,0.2,1.8
control,90500.0,280.2721348925992,4667,3467,2929,4907,3750,3439,105.49471090805976,83.2822822572058,74.91960093083831,2208.152665998829,2287.4499884506035,2342.511620130584,2343.148430754222,2379.251746879861,2415.53446121618,2140.632109779592,2323.1275396924443,2,20,4 Sverdrup,3 Sverdrup,10 Sverdrup,20 Sverdrup,0.2,0.2,1.8
control,90600.0,280.2720972994505,4667,3467,2930,4907,3750,3439,105.49470565839438,83.28227734373885,74.91989556985762,2208.1525313992875,2287.449836922492,2342.512043178756,2343.1482933027983,2379.2515931877474,2415.5354521681484,2140.6321791540145,2323.1276618167185,2,20,4 Sverdrup,3 Sverdrup,10 Sverdrup,20 Sverdrup,0.2,0.2,1.8
control,90700.0,280.2720186611048,4667,3467,2930,4907,3750,3439,105.49471112527432,83.28227618849954,74.92014843723864,2208.1524370493303,2287.449704825703,2342.5123926765214,2343.148212606505,2379.2514651094866,2415.536288417338,2140.6322298537148,2323.1277860479445,2,20,4 Sverdrup,3 Sverdrup,10 Sverdrup,20 Sverdrup,0.2,0.2,1.8
control,90800.0,280.2719075153149,4667,3467,2930,4907,3750,3439,105.49472699118648,83.28227997857088,74.92036598263296,2208.1523715610333,2287.449592604434,2342.5126806208405,2343.1481772358325,2379.251365292639,2415.536995749807,2140.632269822356,2323.1279171196,2,20,4 Sverdrup,3 Sverdrup,10 Sverdrup,20 Sverdrup,0.2,0.2,1.8
control,90900.0,280.271948656388,4667,3467,2929,4907,3750,3439,105.49470996031788,83.2822750865094,74.91945606310294,2208.1521433123544,2287.449430297293,2342.5107804870304,2343.1479297963374,2379.2512012463994,2415.5333567301304,2140.6314556509624,2323.126904795982,2,20,4 Sverdrup,3 Sverdrup,10 Sverdrup,20 Sverdrup,0.2,0.2,1.8
control,91000.0,280.2719479647833,4667,3467,2929,4907,3750,3439,105.49469831038056,83.2822696167167,74.91967670733744,2208.1519609610573,2287.449269733339,2342.5110692552025,2343.1477357421454,2379.251037864592,2415.5340879085834,2140.6314365335998,2323.126899431809,2,20,4 Sverdrup,3 Sverdrup,10 Sverdrup,20 Sverdrup,0.2,0.2,1.8
control,91100.0,280.2718992699022,4667,3467,2930,4907,3750,3439,105.49469726785794,83.2822666404674,74.91995941226067,2208.151834361863,2287.449125201627,2342.511470909986,2343.147613115289,2379.250894491479,2415.535034742152,2140.6315098053587,2323.12703278787,2,20,4 Sverdrup,3 Sverdrup,10 Sverdrup,20 Sverdrup,0.2,0.2,1.8
control,91200.0,280.27181224612724,4667,3467,2930,4907,3750,3439,105.49470673626108,83.28226773698127,74.92020246006538,2208.1517472329056,2287.448999919784,2342.511803007034,2343.147546145573,2379.250777147513,2415.5358348807727,2140.631565413731,2323.127167773627,2,20,4 Sverdrup,3 Sverdrup,10 Sverdrup,20 Sverdrup,0.2,0.2,1.8
control,91300.0,280.2716948982957,4667,3467,2930,4907,3750,3439,105.49472627362034,83.28227392315115,74.92041195120291,2208.1516883283166,2287.448894230409,2342.5120769128603,2343.14752332761,2379.250688063999,2415.5365128173758,2140.631610123292,2323.127308073681,2,20,4 Sverdrup,3 Sverdrup,10 Sverdrup,20 Sverdrup,0.2,0.2,1.8
control,91400.0,280.27173156258164,4667,3467,2929,4907,3750,3439,105.49471250850428,83.28227143664594,74.91949544372653,2208.151466014087,2287.4487380795413,2342.51016553316,2343.147287127176,2379.250534408868,2415.5328499819702,2140.6307999515243,2323.1263030652,2,20,4 Sverdrup,3 Sverdrup,10 Sverdrup,20 Sverdrup,0.2,0.2,1.8
control,91500.0,280.2717277411816,4667,3467,2929,4907,3750,3439,105.49470368400826,83.28226828065097,74.9197107111669,2208.151288893775,2287.448583213604,2342.5104453349654,2343.1471028879923,2379.250380807386,2415.533561918972,2140.63078388264,2323.1263030895984,2,20,4 Sverdrup,3 Sverdrup,10 Sverdrup,20 Sverdrup,0.2,0.2,1.8
control,91600.0,280.2716769583777,4667,3467,2930,4907,3750,3439,105.49470502346423,83.28226745548298,74.91998903032444,2208.15116677986,2287.448443855027,2342.5108398730904,2343.146988606801,2379.250246407365,2415.534493249839,2140.630859252072,2323.1264400952746,2,20,4 Sverdrup,3 Sverdrup,10 Sverdrup,20 Sverdrup,0.2,0.2,1.8
control,91700.0,280.2715886457214,4667,3467,2930,4907,3750,3439,105.49471644924724,83.28227049512519,74.92022850524465,2208.1510833793577,2287.4483231755207,2342.511166337325,2343.1469285352277,2379.250137100813,2415.535280914854,2140.630916110133,2323.126577258832,2,20,4 Sverdrup,3 Sverdrup,10 Sverdrup,20 Sverdrup,0.2,0.2,1.8
control,91800.0,280.2714706170655,4667,3467,2930,4907,3750,3439,105.49473755225316,83.28227839210486,74.92043508399166,2208.1510274679104,2287.448221494267,2342.511435789095,2343.1469112446816,2379.2500550511963,2415.5359488144286,2140.630961363937,2323.126718546864,2,20,4 Sverdrup,3 Sverdrup,10 Sverdrup,20 Sverdrup,0.2,0.2,1.8
control,91900.0,280.271507059275,4667,3467,2929,4907,3750,3439,105.49472500163532,83.2822773759014,74.91951619883707,2208.1508074596954,2287.44806875556,2342.5095208850125,2343.146679316363,2379.2499074096227,2415.532277892993,2140.630151179758,2323.125713600342,2,20,4 Sverdrup,3 Sverdrup,10 Sverdrup,20 Sverdrup,0.2,0.2,1.8
control,92000.0,280.271503358778,4667,3467,2929,4907,3750,3439,105.49471708408474,83.28227545342533,74.91972952003756,2208.1506320240296,2287.4479167227537,2342.509797882788,2343.146498231161,2379.2497588246374,2415.532983284136,2140.6301346758646,2323.1257129863634,2,20,4 Sverdrup,3 Sverdrup,10 Sverdrup,20 Sverdrup,0.2,0.2,1.8
control,92100.0,280.2714529507605,4667,3467,2930,4907,3750,3439,105.49471906633126,83.28227563701779,74.92000623634154,2208.1505110489293,2287.447779650121,2342.510190173821,2343.146386132129,2379.2496284971367,2415.533909286189,2140.6302093035374,2323.125848842944,2,20,4 Sverdrup,3 Sverdrup,10 Sverdrup,20 Sverdrup,0.2,0.2,1.8
control,92200.0,280.27136519798773,4667,3467,2930,4907,3750,3439,105.4947309118738,83.28227947801706,74.92024438452422,2208.1504283200056,2287.44766075199,2342.5105148156863,2343.146327416125,2379.2495223924457,2415.534692575238,2140.630265207642,2323.1259844979686,2,20,4 Sverdrup,3 Sverdrup,10 Sverdrup,20 Sverdrup,0.2,0.2,1.8
control,92300.0,280.27142534704006,4667,3467,2929,4907,3750,3439,105.49470947807968,83.28227363164478,74.91935160729281,2208.1501878440617,2287.4474911554057,2342.508645588769,2343.1460607724,2379.2493495885246,2415.531117098326,2140.6294562596063,2323.124966759168,2,20,4 Sverdrup,3 Sverdrup,10 Sverdrup,20 Sverdrup,0.2,0.2,1.8
control,92400.0,280.27143978631995,4667,3467,2929,4907,3750,3439,105.49469325006234,83.28226645967096,74.91958640946459,2208.1499957797287,2287.4473231510765,2342.508959864484,2343.145849620935,2379.249175902975,2415.531900650112,2140.629435894462,2323.124950748573,2,20,4 Sverdrup,3 Sverdrup,10 Sverdrup,20 Sverdrup,0.2,0.2,1.8
control,92500.0,280.27140290847063,4667,3467,2929,4907,3750,3439,105.49468766785276,83.28226126804931,74.91988075767787,2208.149860771188,2287.447171247551,2342.509382550513,2343.145711211236,2379.249021330229,2415.532890770334,2140.6295048847937,2323.125071939726,2,20,4 Sverdrup,3 Sverdrup,10 Sverdrup,20 Sverdrup,0.2,0.2,1.8
control,92600.0,280.2713249701054,4667,3467,2930,4907,3750,3439,105.49469280944166,83.28225984037539,74.92013338644648,2208.149766030845,2287.447038790593,2342.509731710048,2343.145629586837,2379.2488923966234,2415.533726229964,2140.629555221583,2323.125195272485,2,20,4 Sverdrup,3 Sverdrup,10 Sverdrup,20 Sverdrup,0.2,0.2,1.8
control,92700.0,280.2712145096939,4667,3467,2930,4907,3750,3439,105.49470835719278,83.28226336371418,74.92035070058529,2208.149700169358,2287.446926224338,2342.5100193269245,2343.145593316656,2379.248791749621,2415.534432789096,2140.62959484028,2323.125325470343,2,20,4 Sverdrup,3 Sverdrup,10 Sverdrup,20 Sverdrup,0.2,0.2,1.8
control,92800.0,280.27125631157213,4667,3467,2929,4907,3750,3439,105.4946910177202,83.28225821144663,74.91944057544588,2208.1494715746994,2287.4467635912883,2342.5081190053097,2343.1453450200484,2379.2486269037013,2415.530793268188,2140.6287803832483,2323.124312367147,2,20,4 Sverdrup,3 Sverdrup,10 Sverdrup,20 Sverdrup,0.2,0.2,1.8
control,92900.0,280.27125628046525,4667,3467,2929,4907,3750,3439,105.49467906325702,83.28225248641701,74.91966100457935,2208.1492888785674,2287.446602712294,2342.5084073147523,2343.1451501166343,2379.2484627418908,2415.531523401078,2140.628760888359,2323.1243061084706,2,20,4 Sverdrup,3 Sverdrup,10 Sverdrup,20 Sverdrup,0.2,0.2,1.8
control,93000.0,280.27120823374025,4667,3467,2930,4907,3750,3439,105.49467772262749,83.28224926024136,74.91994344380917,2208.1491619491626,2287.4464578788456,2342.508808671972,2343.1450266655456,2379.248318611444,2415.532469506724,2140.628833846352,2323.124438657923,2,20,4 Sverdrup,3 Sverdrup,10 Sverdrup,20 Sverdrup,0.2,0.2,1.8
control,93100.0,280.27112184500425,4667,3467,2930,4907,3750,3439,105.4946868995357,83.2822501121565,74.92018627446512,2208.1490745059027,2287.446332309059,2342.5091404950927,2343.144958898092,2379.248200533307,2415.53326895976,2140.6288891622817,2323.124572870551,2,20,4 Sverdrup,3 Sverdrup,10 Sverdrup,20 Sverdrup,0.2,0.2,1.8
control,93200.0,280.271005119675,4667,3467,2930,4907,3750,3439,105.49470615186635,83.28225605899769,74.92039555588953,2208.1490153020736,2287.446226345408,2342.509414137414,2343.144935307814,2379.248110738556,2415.5339462268657,2140.6289335921983,2323.124712420628,2,20,4 Sverdrup,3 Sverdrup,10 Sverdrup,20 Sverdrup,0.2,0.2,1.8
control,93300.0,280.27104238382094,4667,3467,2929,4907,3750,3439,105.49469211058894,83.28225333922192,74.91947886433643,2208.148792713984,2287.4460699378205,2342.50750263325,2343.144698374533,2379.247956400328,2415.530282993416,2140.628123204263,2323.123706754167,2,20,4 Sverdrup,3 Sverdrup,10 Sverdrup,20 Sverdrup,0.2,0.2,1.8
control,93400.0,280.2710391637538,4667,3467,2929,4907,3750,3439,105.4946830133023,83.28224995442959,74.91969393814354,2208.1486153192927,2287.445914824528,2342.5077820392025,2343.144513407599,2379.2478021330617,2415.5309939876147,2140.628106826174,2323.123706003176,2,20,4 Sverdrup,3 Sverdrup,10 Sverdrup,20 Sverdrup,0.2,0.2,1.8
control,93500.0,280.27098897157987,4667,3467,2930,4907,3750,3439,105.49468408567093,83.28224890525625,74.91997201302416,2208.1484929440358,2287.445775230415,2342.5081763419525,2343.1443984209086,2379.247667087536,2415.5319246924287,2140.628181948762,2323.123842318644,2,20,4 Sverdrup,3 Sverdrup,10 Sverdrup,20 Sverdrup,0.2,0.2,1.8
control,93600.0,280.2709012379589,4667,3467,2930,4907,3750,3439,105.4946952502624,83.28225172568825,74.92021129201831,2208.1484092965484,2287.445654327703,2342.5085025936564,2343.144337667623,2379.247557156246,2415.53271177262,2140.6282385797936,2323.1239788227167,2,20,4 Sverdrup,3 Sverdrup,10 Sverdrup,20 Sverdrup,0.2,0.2,1.8
control,93700.0,280.2707837772228,4667,3467,2930,4907,3750,3439,105.49471609783323,83.28225940818604,74.92041768205249,2208.14835315165,2287.445552435467,2342.508771842447,2343.1443197181184,2379.2474745024306,2415.533379102187,2140.628283617834,2323.124119471697,2,20,4 Sverdrup,3 Sverdrup,10 Sverdrup,20 Sverdrup,0.2,0.2,1.8
control,93800.0,280.2708207660533,4667,3467,2929,4907,3750,3439,105.49470329995,83.28225818301475,74.9194986335359,2208.1481329338494,2287.445399501908,2342.506856873387,2343.1440871676705,2379.247326282414,2415.529707880578,2140.6274732798192,2323.1231139754277,2,20,4 Sverdrup,3 Sverdrup,10 Sverdrup,20 Sverdrup,0.2,0.2,1.8
control,93900.0,280.2708176149157,4667,3467,2929,4907,3750,3439,105.49469513782404,83.28225605550048,74.91971178152248,2208.147957286602,2287.445247282213,2342.507133533922,2343.1439054628627,2379.2471771339438,2415.5304124255044,2140.6274565276262,2323.123112691798,2,20,4 Sverdrup,3 Sverdrup,10 Sverdrup,20 Sverdrup,0.2,0.2,1.8
control,94000.0,280.2707677467518,4667,3467,2930,4907,3750,3439,105.49469688053802,83.28225603831072,74.91998827372323,2208.147836111512,2287.4451100331385,2342.5075256471814,2343.143792763972,2379.24704626092,2415.531337896517,2140.6275309679613,2323.12324796148,2,20,4 Sverdrup,3 Sverdrup,10 Sverdrup,20 Sverdrup,0.2,0.2,1.8
control,94100.0,280.2706805233845,4667,3467,2930,4907,3750,3439,105.4947084918038,83.28225968279546,74.92022624580983,2208.1477531955497,2287.444990969546,2342.5078501330704,2343.1437334694588,2379.246939629196,2415.5321206941085,2140.627586703183,2323.1233830579854,2,20,4 Sverdrup,3 Sverdrup,10 Sverdrup,20 Sverdrup,0.2,0.2,1.8
control,94200.0,280.2705637065399,4667,3467,2930,4907,3750,3439,105.4947295999992,83.28226800177531,74.92043154778943,2208.147697390125,2287.4448904599244,2342.508117934736,2343.1437162870384,2379.246859487429,2415.5327844798803,2140.627630705665,2323.1235220554827,2,20,4 Sverdrup,3 Sverdrup,10 Sverdrup,20 Sverdrup,0.2,0.2,1.8
control,94300.0,280.27060143277663,4667,3467,2929,4907,3750,3439,105.49471691018562,83.28226724711185,74.91951158447655,2208.147477191132,2287.444738505223,2342.506201756265,2343.1434839373464,2379.246713082854,2415.529110286882,2140.626819249094,2323.1225147542914,2,20,4 Sverdrup,3 Sverdrup,10 Sverdrup,20 Sverdrup,0.2,0.2,1.8
control,94400.0,280.27059908246,4667,3467,2929,4907,3750,3439,105.49470873279506,83.28226544569569,74.91972395125357,2208.147301305874,2287.444586913756,2342.506477378278,2343.143301977708,2379.2465651443704,2415.5298122933787,2140.626801335691,2323.122511577648,2,20,4 Sverdrup,3 Sverdrup,10 Sverdrup,20 Sverdrup,0.2,0.2,1.8
control,94500.0,280.27055005566706,4667,3467,2930,4907,3750,3439,105.4947103618248,83.2822656308012,74.91999977577578,2208.147179691973,2287.4444499937977,2342.5068685764577,2343.1431886644505,2379.2464349637407,2415.530735557183,2140.626874603078,2323.122644915591,2,20,4 Sverdrup,3 Sverdrup,10 Sverdrup,20 Sverdrup,0.2,0.2,1.8
control,94600.0,280.2704636974456,4667,3467,2930,4907,3750,3439,105.49472178211226,83.28226937294325,74.92023716151067,2208.1470961840423,2287.444331008493,2342.507192233744,2343.143128477552,2379.246328588844,2415.531516397555,2140.6269291737813,2323.1227780761187,2,20,4 Sverdrup,3 Sverdrup,10 Sverdrup,20 Sverdrup,0.2,0.2,1.8
control,94700.0,280.27052523123695,4667,3467,2929,4907,3750,3439,105.49469987103616,83.28226334551528,74.91934372009686,2208.146854839179,2287.444161133144,2342.505322219085,2343.142860188447,2379.246155177787,2415.527938929148,2140.6261189765823,2323.121757950584,2,20,4 Sverdrup,3 Sverdrup,10 Sverdrup,20 Sverdrup,0.2,0.2,1.8
control,94800.0,280.2705410494274,4667,3467,2929,4907,3750,3439,105.49468312560502,83.28225592515408,74.91957791661879,2208.146661834869,2287.4439926943865,2342.5056356167856,2343.142647255376,2379.2459806103448,2415.5287203673624,2140.626097354017,2323.121739544621,2,20,4 Sverdrup,3 Sverdrup,10 Sverdrup,20 Sverdrup,0.2,0.2,1.8
control,94900.0,280.2705055390191,4667,3467,2929,4907,3750,3439,105.49467699717664,83.28225043106522,74.91987166924311,2208.146525840413,2287.4438402341284,2342.5060574501936,2343.14250697113,2379.2458249376214,2415.529708476208,2140.6261651276204,2323.1218583957884,2,20,4 Sverdrup,3 Sverdrup,10 Sverdrup,20 Sverdrup,0.2,0.2,1.8
control,95000.0,280.27042895193046,4667,3467,2930,4907,3750,3439,105.49468157306114,83.28224865829462,74.92012373289539,2208.1464300895896,2287.4437071273787,2342.5064057842874,2343.142423415558,2379.2456947353367,2415.530542023193,2140.6262142974388,2323.121979457503,2,20,4 Sverdrup,3 Sverdrup,10 Sverdrup,20 Sverdrup,0.2,0.2,1.8
control,95100.0,280.27031982337127,4667,3467,2930,4907,3750,3439,105.4946965430422,83.28225180365209,74.92034051127767,2208.146363209544,2287.443593843162,2342.506692595985,2343.1423851859727,2379.245592692979,2415.531246748009,2140.6262527987856,2323.1221074550526,2,20,4 Sverdrup,3 Sverdrup,10 Sverdrup,20 Sverdrup,0.2,0.2,1.8
control,95200.0,280.27036293519143,4667,3467,2929,4907,3750,3439,105.4946786195083,83.28224624868392,74.9194298763273,2208.146133600643,2287.4434304447827,2342.5047914839765,2343.1421349234024,2379.2454263601926,2415.5276054540864,2140.6254372724084,2323.121092221213,2,20,4 Sverdrup,3 Sverdrup,10 Sverdrup,20 Sverdrup,0.2,0.2,1.8
control,95300.0,280.27036419110897,4667,3467,2929,4907,3750,3439,105.4946660792994,83.28224010307453,74.9196498088262,2208.1459499036728,2287.443268770184,2342.5050790174205,2343.1419380640327,2379.245260649132,2415.528333869084,2140.6254167539987,2323.121083900941,2,20,4 Sverdrup,3 Sverdrup,10 Sverdrup,20 Sverdrup,0.2,0.2,1.8
control,95400.0,280.27031740761515,4667,3467,2930,4907,3750,3439,105.49466415476536,83.28223644405413,74.91993177658614,2208.1458219934034,2287.443123124709,2342.5054796108248,2343.1418126792405,2379.2451149308,2415.529278302592,2140.625488732228,2323.1212144554106,2,20,4 Sverdrup,3 Sverdrup,10 Sverdrup,20 Sverdrup,0.2,0.2,1.8
control,95500.0,280.2702322580157,4667,3467,2930,4907,3750,3439,105.4946727522684,83.28223685544211,74.92017414813544,2208.145733593747,2287.442996737493,2342.5058106818096,2343.1417430091647,2379.2449952452453,2415.530076123883,2140.625543109528,2323.1213467369125,2,20,4 Sverdrup,3 Sverdrup,10 Sverdrup,20 Sverdrup,0.2,0.2,1.8
control,95600.0,280.270116747696,4667,3467,2930,4907,3750,3439,105.49469143168346,83.28224235777117,74.92038298308582,2208.145673460945,2287.44288995964,2342.506083583932,2343.141717553565,2379.2449038387085,2415.5307517963165,2140.625586639632,2323.121484417033,2,20,4 Sverdrup,3 Sverdrup,10 Sverdrup,20 Sverdrup,0.2,0.2,1.8
control,95700.0,280.2701552026238,4667,3467,2929,4907,3750,3439,105.49467682537232,83.28223919242487,74.9194658581854,2208.1454499730744,2287.442732747698,2342.504171350814,2343.1414787963063,2379.244747896141,2415.527087000494,2140.624775388355,2323.120476938377,2,20,4 Sverdrup,3 Sverdrup,10 Sverdrup,20 Sverdrup,0.2,0.2,1.8
control,95800.0,280.27015314979855,4667,3467,2929,4907,3750,3439,105.49466717203492,83.28223536336225,74.91968050212911,2208.1452717087063,2287.4425768448755,2342.504450042577,2343.141292049532,2379.244592041143,2415.5277964688216,2140.6247581814155,2323.120474431532,2,20,4 Sverdrup,3 Sverdrup,10 Sverdrup,20 Sverdrup,0.2,0.2,1.8
control,95900.0,280.27010410165127,4667,3467,2930,4907,3750,3439,105.49466769807891,83.28223387304455,74.91995816514114,2208.1451484942054,2287.442436479717,2342.5048436456104,2343.141175328671,2379.244455431406,2415.5287256811644,2140.624832507928,2323.12060904466,2,20,4 Sverdrup,3 Sverdrup,10 Sverdrup,20 Sverdrup,0.2,0.2,1.8
control,96000.0,280.2700174893812,4667,3467,2930,4907,3750,3439,105.494678326537,83.28223625686708,74.92019703906564,2208.1450640377134,2287.4423148270043,2342.5051692127886,2343.141112887502,2379.2443439645103,2415.529511301625,2140.624888373654,2323.120743897345,2,20,4 Sverdrup,3 Sverdrup,10 Sverdrup,20 Sverdrup,0.2,0.2,1.8
control,96100.0,280.269901127848,4667,3467,2930,4907,3750,3439,105.49469864844124,83.2822435083562,74.9204030324813,2208.1450071135528,2287.442212207531,2342.5054377930824,2343.1410932963963,2379.2442598073326,2415.530177204118,2140.624932675625,2323.120882943746,2,20,4 Sverdrup,3 Sverdrup,10 Sverdrup,20 Sverdrup,0.2,0.2,1.8
control,96200.0,280.26993919400644,4667,3467,2929,4907,3750,3439,105.49468533541967,83.28224185853824,74.9194835972441,2208.1447861454985,2287.442058570538,2342.50352217076,2343.140859150019,2379.2441101186228,2415.5265045849924,2140.6241216291774,2323.119875890909,2,20,4 Sverdrup,3 Sverdrup,10 Sverdrup,20 Sverdrup,0.2,0.2,1.8
control,96300.0,280.2699370992027,4667,3467,2929,4907,3750,3439,105.49467666876778,83.28223931333346,74.91969635954963,2208.1446097762105,2287.441905671764,2342.503798197042,2343.1406758943854,2379.243959537758,2415.5272077683576,2140.6241041952094,2323.1198730963624,2,20,4 Sverdrup,3 Sverdrup,10 Sverdrup,20 Sverdrup,0.2,0.2,1.8
control,96400.0,280.2698882668431,4667,3467,2930,4907,3750,3439,105.49467791754203,83.28223888580922,74.91997248358042,2208.1444879064625,2287.441767768149,2342.504189694193,2343.140561688891,2379.2438272695717,2415.528131911012,2140.624177979438,2323.12000689874,2,20,4 Sverdrup,3 Sverdrup,10 Sverdrup,20 Sverdrup,0.2,0.2,1.8
control,96500.0,280.26980205922376,4667,3467,2930,4907,3750,3439,105.4946890453444,83.28224212757831,74.92021009143068,2208.1444043223137,2287.4416480744508,2342.504513582264,2343.1405009309324,2379.2437192803,2415.5289134129507,2140.6242330830296,2323.1201405698043,2,20,4 Sverdrup,3 Sverdrup,10 Sverdrup,20 Sverdrup,0.2,0.2,1.8
control,96600.0,280.2696862386079,4667,3467,2930,4907,3750,3439,105.49470968039836,83.28225005161735,74.92041503629255,2208.144347874268,2287.441546958842,2342.504780804687,2343.140482327105,2379.2436378185957,2415.529575935733,2140.62427647744,2323.12027818238,2,20,4 Sverdrup,3 Sverdrup,10 Sverdrup,20 Sverdrup,0.2,0.2,1.8
control,96700.0,280.2697249413912,4667,3467,2929,4907,3750,3439,105.49469652750165,83.282248909822,74.91949475772425,2208.144127057453,2287.44139442187,2342.502864064743,2343.1402485967983,2379.2434901313623,2415.5259005102043,2140.623464436057,2323.1192695349946,2,20,4 Sverdrup,3 Sverdrup,10 Sverdrup,20 Sverdrup,0.2,0.2,1.8
control,96800.0,280.2697235496936,4667,3467,2929,4907,3750,3439,105.49468789698716,83.28224672912832,74.91970671291067,2208.1439505780063,2287.4412422712,2342.503139144415,2343.140065296237,2379.2433409469995,2415.526601317189,2140.62344595851,2323.119265050371,2,20,4 Sverdrup,3 Sverdrup,10 Sverdrup,20 Sverdrup,0.2,0.2,1.8
control,96900.0,280.269675463306,4667,3467,2930,4907,3750,3439,105.49468908266672,83.28224654277604,74.91998223311887,2208.143828393024,2287.4411048145785,2342.503529820046,2343.139950680769,2379.2432095566664,2415.5275234154446,2140.6235186841477,2323.11939711784,2,20,4 Sverdrup,3 Sverdrup,10 Sverdrup,20 Sverdrup,0.2,0.2,1.8
control,97000.0,280.2695900277901,4667,3467,2930,4907,3750,3439,105.494700069151,83.28224992120481,74.92021929375018,2208.143744336372,2287.440985314541,2342.5038529736144,2343.1398892293105,2379.24310200753,2415.5283031221206,2140.6235727339413,2323.1195290440637,2,20,4 Sverdrup,3 Sverdrup,10 Sverdrup,20 Sverdrup,0.2,0.2,1.8
control,97100.0,280.2696524667802,4667,3467,2929,4907,3750,3439,105.49467773350692,83.28224353767544,74.91932556186181,2208.1435024644397,2287.4408149457718,2342.501982472635,2343.1396197121207,2379.242927456869,2415.524724548851,2140.6227620360505,2323.118507718708,2,20,4 Sverdrup,3 Sverdrup,10 Sverdrup,20 Sverdrup,0.2,0.2,1.8
control,97200.0,280.26966917337694,4667,3467,2929,4907,3750,3439,105.4946605726822,83.28223576874494,74.91955937767727,2208.1433089539564,2287.44064603425,2342.502295403032,2343.1394055865376,2379.242751783664,2415.5255049142747,2140.6227399320883,2323.118488147488,2,20,4 Sverdrup,3 Sverdrup,10 Sverdrup,20 Sverdrup,0.2,0.2,1.8
control,97300.0,280.26963453488435,4667,3467,2929,4907,3750,3439,105.4946540377742,83.28222993348211,74.9198528535345,2208.1431724737604,2287.4404931213267,2342.5027167883536,2343.139264144529,2379.242595038237,2415.526491982737,2140.622807244146,2323.118605867337,2,20,4 Sverdrup,3 Sverdrup,10 Sverdrup,20 Sverdrup,0.2,0.2,1.8
control,97400.0,280.2695588036241,4667,3467,2930,4907,3750,3439,105.49465821591046,83.28222782680243,74.92010461879899,2208.143076257048,2287.440359581434,2342.503064692417,2343.1391794650626,2379.2424637955155,2415.5273245194417,2140.6228559712345,2323.118725830547,2,20,4 Sverdrup,3 Sverdrup,10 Sverdrup,20 Sverdrup,0.2,0.2,1.8
control,97500.0,280.2694505151608,4667,3467,2930,4907,3750,3439,105.49467279668,83.28223064537684,74.92032110194306,2208.1430089304217,2287.440245883045,2342.5033510918106,2343.1391401445985,2379.242360744197,2415.52802826346,2140.6228940482447,2323.1188527616127,2,20,4 Sverdrup,3 Sverdrup,10 Sverdrup,20 Sverdrup,0.2,0.2,1.8
control,97600.0,280.2694944514571,4667,3467,2929,4907,3750,3439,105.49465449217617,83.28222477057288,74.91941020888996,2208.142778893724,2287.440082088929,2342.501449583538,2343.1388888231872,2379.242193433095,2415.524386014873,2140.6220781154343,2323.1178364918105,2,20,4 Sverdrup,3 Sverdrup,10 Sverdrup,20 Sverdrup,0.2,0.2,1.8
control,97700.0,280.26949651686607,4667,3467,2929,4907,3750,3439,105.49464157919812,83.28221831196751,74.91962979244913,2208.1425947871826,2287.439920036495,2342.501736738584,2343.138690936339,2379.242026773629,2415.525113505132,2140.6220572077987,2323.1178271665167,2,20,4 Sverdrup,3 Sverdrup,10 Sverdrup,20 Sverdrup,0.2,0.2,1.8
control,97800.0,280.26945052811175,4667,3467,2930,4907,3750,3439,105.49463928986114,83.28221434663928,74.9199115146898,2208.1424664852693,2287.439774030649,2342.5021369714,2343.1385645548057,2379.2418801361127,2415.526057043757,2140.622128814622,2323.117956746364,2,20,4 Sverdrup,3 Sverdrup,10 Sverdrup,20 Sverdrup,0.2,0.2,1.8
control,97900.0,280.26936615885,4667,3467,2930,4907,3750,3439,105.49464753036982,83.28221445827116,74.92015361846218,2208.142377711454,2287.43964730008,2342.5024676983576,2343.1384939180225,2379.241759559909,2415.5268539976287,2140.622182837362,2323.118088082637,2,20,4 Sverdrup,3 Sverdrup,10 Sverdrup,20 Sverdrup,0.2,0.2,1.8
control,98000.0,280.269251414773,4667,3467,2930,4907,3750,3439,105.4946658604288,83.28221966725853,74.92036218817596,2208.142317221564,2287.439540195462,2342.502740272633,2343.1384675250565,2379.241667290594,2415.527528829444,2140.6222260294016,2323.1182248462424,2,20,4 Sverdrup,3 Sverdrup,10 Sverdrup,20 Sverdrup,0.2,0.2,1.8
control,98100.0,280.26929062192755,4667,3467,2929,4907,3750,3439,105.4946509121273,83.2822162148121,74.91944483453432,2208.1420933932445,2287.439382672923,2342.5008277259817,2343.1382278589285,2379.2415105124005,2415.523863216144,2140.6214144560663,2323.1172164783043,2,20,4 Sverdrup,3 Sverdrup,10 Sverdrup,20 Sverdrup,0.2,0.2,1.8
control,98200.0,280.2692893078972,4667,3467,2929,4907,3750,3439,105.49464092414874,83.28221210479184,74.91965915829387,2208.141914804625,2287.4392264752514,2342.501106120633,2343.1380402312566,2379.241353848324,2415.524571894525,2140.6213969425426,2323.117213110072,2,20,4 Sverdrup,3 Sverdrup,10 Sverdrup,20 Sverdrup,0.2,0.2,1.8
control,98300.0,280.26924098529605,4667,3467,2930,4907,3750,3439,105.4946411226922,83.28221033952059,74.91993660404104,2208.1417912818574,2287.4390858306583,2342.501499442771,2343.137922656971,2379.2412164554903,2415.5255003441043,2140.621470978568,2323.1173468891884,2,20,4 Sverdrup,3 Sverdrup,10 Sverdrup,20 Sverdrup,0.2,0.2,1.8
control,98400.0,280.269155085678,4667,3467,2930,4907,3750,3439,105.4946514306472,83.28221245426906,74.92017523799755,2208.141706532714,2287.438963913573,2342.501824744012,2343.137859389252,2379.24110423091,2415.526285226587,2140.6215265689425,2323.117480934297,2,20,4 Sverdrup,3 Sverdrup,10 Sverdrup,20 Sverdrup,0.2,0.2,1.8
control,98500.0,280.269039424103,4667,3467,2930,4907,3750,3439,105.49467143890968,83.28221944244304,74.92038099324482,2208.141649331173,2287.4388610444457,2342.502093072955,2343.137838997882,2379.2410193408987,2415.526950415251,2140.6215706104235,2323.117619198947,2,20,4 Sverdrup,3 Sverdrup,10 Sverdrup,20 Sverdrup,0.2,0.2,1.8
control,98600.0,280.26907817729483,4667,3467,2929,4907,3750,3439,105.4946578188423,83.28221753490332,74.9194613604852,2208.141428100714,2287.438707172205,2342.500177211996,2343.137604076769,2379.2408689435965,2415.5232771027368,2140.6207593182007,2323.116611388762,2,20,4 Sverdrup,3 Sverdrup,10 Sverdrup,20 Sverdrup,0.2,0.2,1.8
control,98700.0,280.2690767580655,4667,3467,2929,4907,3750,3439,105.49464885176488,83.28221473750312,74.91967381878504,2208.1412514833664,2287.4385540521566,2342.5004530144056,2343.137420071476,2379.24071767786,2415.5239796175338,2140.6207416513366,2323.1166078619294,2,20,4 Sverdrup,3 Sverdrup,10 Sverdrup,20 Sverdrup,0.2,0.2,1.8
control,98800.0,280.2690285890628,4667,3467,2930,4907,3750,3439,105.49464980651572,83.2822140631693,74.91994975431341,2208.141129379988,2287.4384159410406,2342.5008443024635,2343.1373051409896,2379.240584748048,2415.52490311643,2140.620815218176,2323.116740956761,2,20,4 Sverdrup,3 Sverdrup,10 Sverdrup,20 Sverdrup,0.2,0.2,1.8
control,98900.0,280.26894303317715,4667,3467,2930,4907,3750,3439,105.49466064658372,83.2822170634097,74.92018714746361,2208.1410455762416,2287.4382960533044,2342.5011679949084,2343.137243682184,2379.240476119912,2415.5256839969347,2140.6208701177493,2323.116873944073,2,20,4 Sverdrup,3 Sverdrup,10 Sverdrup,20 Sverdrup,0.2,0.2,1.8
control,99000.0,280.2688278529162,4667,3467,2930,4907,3750,3439,105.49468100006644,83.28222475109195,74.92039187871615,2208.1409889223137,2287.438194756832,2342.501435034816,2343.137224401132,2379.2403940416198,2415.526345919994,2140.6209133214666,2323.1170108961337,2,20,4 Sverdrup,3 Sverdrup,10 Sverdrup,20 Sverdrup,0.2,0.2,1.8
control,99100.0,280.26886718481006,4667,3467,2929,4907,3750,3439,105.49466757153192,83.28222337796853,74.91947139362514,2208.1407679129,2287.4380420518346,2342.499518122748,2343.136990016429,2379.2402457594985,2415.522669911122,2140.6201011018425,2323.1160016096646,2,20,4 Sverdrup,3 Sverdrup,10 Sverdrup,20 Sverdrup,0.2,0.2,1.8
control,99200.0,280.2688664112324,4667,3467,2929,4907,3750,3439,105.49465867129211,83.28222097089665,74.91968313565695,2208.140591254014,2287.437889745741,2342.4997930453915,2343.1368060841146,2379.2400960015552,2415.523370160621,2140.620082459464,2323.115996509318,2,20,4 Sverdrup,3 Sverdrup,10 Sverdrup,20 Sverdrup,0.2,0.2,1.8
control,99300.0,280.2688189322795,4667,3467,2930,4907,3750,3439,105.49465959303186,83.28222056301341,74.9199584598362,2208.1404689024853,2287.4377521460424,2342.5001835765725,2343.1366908590894,2379.2399640585245,2415.524291722326,2140.620155032928,2323.1161279831003,2,20,4 Sverdrup,3 Sverdrup,10 Sverdrup,20 Sverdrup,0.2,0.2,1.8
control,99400.0,280.2687340937425,4667,3467,2930,4907,3750,3439,105.49467032124168,83.2822237246613,74.9201953250202,2208.140384691897,2287.437632515015,2342.5005065977107,2343.136628819792,2379.23985597714,2415.525070912364,2140.620208942819,2323.116259336984,2,20,4 Sverdrup,3 Sverdrup,10 Sverdrup,20 Sverdrup,0.2,0.2,1.8
control,99500.0,280.268619645512,4667,3467,2930,4907,3750,3439,105.49469050153004,83.28223148583044,74.92039959316212,2208.140327512529,2287.4375312643906,2342.500773024015,2343.1366087404454,2379.2397740795336,2415.525731328873,2140.62025117468,2323.1163946674897,2,20,4 Sverdrup,3 Sverdrup,10 Sverdrup,20 Sverdrup,0.2,0.2,1.8
control,99600.0,280.26865971482107,4667,3467,2929,4907,3750,3439,105.4946768528921,83.2822301135302,74.9194786953769,2208.1401058920706,2287.437378433705,2342.498855536496,2343.136373395791,2379.239625678187,2415.5220539511097,2140.6194380102947,2323.115383787904,2,20,4 Sverdrup,3 Sverdrup,10 Sverdrup,20 Sverdrup,0.2,0.2,1.8
control,99700.0,280.26865967726945,4667,3467,2929,4907,3750,3439,105.49466769741908,83.28222764798917,74.91969006487855,2208.1399285630623,2287.437225864911,2342.499129905764,2343.1361883871987,2379.239475559108,2415.522752930211,2140.619418455005,2323.1153771322524,2,20,4 Sverdrup,3 Sverdrup,10 Sverdrup,20 Sverdrup,0.2,0.2,1.8
control,99800.0,280.2686129284827,4667,3467,2930,4907,3750,3439,105.49466833827536,83.2822271338923,74.91996504618278,2208.1398055033296,2287.437087895287,2342.499519896385,2343.1360720058588,2379.239343063125,2415.523673294795,2140.6194901496933,2323.115507094692,2,20,4 Sverdrup,3 Sverdrup,10 Sverdrup,20 Sverdrup,0.2,0.2,1.8
control,99900.0,280.26852881090025,4667,3467,2930,4907,3750,3439,105.49467876753592,83.28223015142896,74.92020159286065,2208.1397205628846,2287.436967812433,2342.499842383281,2343.1360087588114,2379.2392342796024,2415.524451341641,2140.619543215916,2323.115636984041,2,20,4 Sverdrup,3 Sverdrup,10 Sverdrup,20 Sverdrup,0.2,0.2,1.8
control,100000.0,280.2684170582814,4667,3467,2930,4907,3750,3439,105.49469799341468,83.28223742149294,74.92040775555137,2208.139660851309,2287.436864795866,2342.5001120910943,2343.1359846309947,2379.2391497739,2415.525118652588,2140.6195853776853,2323.11577057703,2,20,4 Sverdrup,3 Sverdrup,10 Sverdrup,20 Sverdrup,0.2,0.2,1.8
HIGH PROD,0.0,279.9985851597,4677,3477,2940,4915,3760,3448,105.68488965161833,83.44489537798542,75.07029919044744,2208.6977409308997,2287.9754129492,2343.0306361904,2343.9936939121,2380.0582262212997,2416.3287386081,2141.1448491017004,2323.9071970826,2,20,4 Sverdrup,3 Sverdrup,10 Sverdrup,20 Sverdrup,0.2,0.2,3.6
HIGH PROD,100.0,262.9525257563202,4596,3234,2803,4839,3532,3325,104.03045161710834,79.55767184839809,73.07827068631538,2210.267000026439,2298.0085624377284,2347.95956603668,2342.6523733536546,2382.1842789096318,2416.9874737772025,2112.9733234026894,2312.1850514382604,2,20,4 Sverdrup,3 Sverdrup,10 Sverdrup,20 Sverdrup,0.2,0.2,3.6
HIGH PROD,200.0,253.9251374203364,4578,3053,2684,4821,3362,3219,103.66352811056122,76.76071497487436,71.37711976804661,2209.480941166087,2305.1223076672522,2352.4757287274633,2341.2837882665394,2383.545789466215,2417.819226947363,2107.534582519951,2312.2298251547963,2,20,4 Sverdrup,3 Sverdrup,10 Sverdrup,20 Sverdrup,0.2,0.2,3.6
HIGH PROD,300.0,248.0112749556551,4591,2926,2580,4833,3244,3127,103.92055392439435,74.87062708536249,69.93421845896104,2207.654863042658,2309.895901356113,2356.6637322488014,2339.986291051353,2384.3743884691844,2418.8230228659054,2103.7885023610306,2312.2565054204624,2,20,4 Sverdrup,3 Sverdrup,10 Sverdrup,20 Sverdrup,0.2,0.2,3.6
HIGH PROD,400.0,243.83369511671697,4619,2846,2491,4859,3170,3050,104.48781353315529,73.7032796567359,68.71964578793097,2205.3874263000143,2312.8965914529526,2360.4916915883846,2338.795054692217,2384.9103937192785,2419.9240372021814,2101.075906627502,2312.284296547633,2,20,4 Sverdrup,3 Sverdrup,10 Sverdrup,20 Sverdrup,0.2,0.2,3.6
HIGH PROD,500.0,240.82239745763215,4653,2801,2416,4891,3129,2985,105.18853505272376,73.0546442273873,67.71025604396281,2203.022280538968,2314.5331103062676,2363.935484900209,2337.734922608487,2385.1710839167363,2421.0651393187113,2099.0937111219014,2312.316722554798,2,20,4 Sverdrup,3 Sverdrup,10 Sverdrup,20 Sverdrup,0.2,0.2,3.6
HIGH PROD,600.0,238.63572524282498,4687,2781,2353,4924,3110,2931,105.9129580811442,72.76101350241338,66.88544077836754,2200.7487187324723,2315.1696168951635,2366.997847684956,2336.7986751787676,2385.189171348722,2422.216964664255,2097.6507654963666,2312.360843510568,2,20,4 Sverdrup,3 Sverdrup,10 Sverdrup,20 Sverdrup,0.2,0.2,3.6
HIGH PROD,700.0,237.0520516130915,4719,2777,2304,4955,3107,2889,106.58102078477864,72.70039713151051,66.23201797589229,2198.643521841238,2315.0933991075162,2369.7004388806445,2335.924045210397,2384.997431651402,2423.3811422154445,2096.6145976878747,2312.417571026242,2,20,4 Sverdrup,3 Sverdrup,10 Sverdrup,20 Sverdrup,0.2,0.2,3.6
HIGH PROD,800.0,235.89754522439995,4748,2783,2265,4982,3113,2856,107.17615508958185,72.78417772418474,65.73229565836787,2196.772136729214,2314.5632194948234,2372.088425340637,2335.146527057199,2384.6643491408468,2424.569514411654,2095.8869861249573,2312.501122855368,2,20,4 Sverdrup,3 Sverdrup,10 Sverdrup,20 Sverdrup,0.2,0.2,3.6
HIGH PROD,900.0,235.06183191515896,4772,2795,2237,5005,3124,2832,107.69226429615868,72.95574831710125,65.36436007769586,2195.16989028204,2313.7601985389356,2374.1726839961,2334.4903703125924,2384.247660535342,2425.749840749812,2095.4017003298277,2312.6170969424393,2,20,4 Sverdrup,3 Sverdrup,10 Sverdrup,20 Sverdrup,0.2,0.2,3.6
HIGH PROD,1000.0,234.44626106014516,4793,2809,2216,5025,3139,2815,108.13663838151086,73.1692691391345,65.09818778939784,2193.826829158882,2312.8269891341224,2375.9854714886073,2333.9591047958247,2383.7904907455263,2426.8908176336217,2095.092511568898,2312.7643755464205,2,20,4 Sverdrup,3 Sverdrup,10 Sverdrup,20 Sverdrup,0.2,0.2,3.6
HIGH PROD,1100.0,233.99277165466128,4811,2826,2201,5042,3154,2804,108.51384280624755,73.40886271540784,64.9124621648652,2192.732123330196,2311.875983357284,2377.5396762842383,2333.550646164586,2383.3675405987187,2427.9602326273302,2094.9215760443285,2312.9440906187538,2,20,4 Sverdrup,3 Sverdrup,10 Sverdrup,20 Sverdrup,0.2,0.2,3.6
HIGH PROD,1200.0,233.65494666349935,4826,2842,2192,5056,3170,2796,108.831668187273,73.63936160651023,64.78709585376417,2191.8602936307857,2310.939447425511,2378.857408377379,2333.254204251653,2382.9389024599514,2428.9363656042283,2094.850674705319,2313.1476761321933,2,20,4 Sverdrup,3 Sverdrup,10 Sverdrup,20 Sverdrup,0.2,0.2,3.6
HIGH PROD,1300.0,233.40334649130898,4838,2857,2185,5068,3184,2791,109.09537674570831,73.85224786846497,64.705129584169,2191.191945484946,2310.071545239922,2379.9454089878054,2333.060418634553,2382.539337053028,2429.7889838139295,2094.8547098987183,2313.3688038811974,2,20,4 Sverdrup,3 Sverdrup,10 Sverdrup,20 Sverdrup,0.2,0.2,3.6
HIGH PROD,1400.0,233.20634573192476,4848,2870,2181,5078,3197,2788,109.31795414266254,74.05142388990978,64.65040861849727,2190.676901054012,2309.300744426067,2380.853248964405,2332.9434762580017,2382.2039302008316,2430.530130077264,2094.9077711124974,2313.602722347716,2,20,4 Sverdrup,3 Sverdrup,10 Sverdrup,20 Sverdrup,0.2,0.2,3.6
HIGH PROD,1500.0,233.05226511147663,4857,2883,2178,5086,3208,2786,109.5031278701664,74.233006513497,64.61586981631343,2190.301536439328,2308.644610849543,2381.5900561798285,2332.89675901667,2381.9419625866367,2431.1531588269604,2094.9980743879546,2313.8448534836916,2,20,4 Sverdrup,3 Sverdrup,10 Sverdrup,20 Sverdrup,0.2,0.2,3.6
HIGH PROD,1600.0,232.92583162899905,4864,2894,2176,5093,3219,2785,109.66121945397856,74.39442153912964,64.59314898088569,2190.030100911289,2308.08551023656,2382.1955729712863,2332.9036033641196,2381.7313013603944,2431.6775560331726,2095.110134582461,2314.0893627304913,2,20,4 Sverdrup,3 Sverdrup,10 Sverdrup,20 Sverdrup,0.2,0.2,3.6
HIGH PROD,1700.0,232.82214161612936,4870,2903,2175,5099,3228,2784,109.79626265127496,74.53266478830952,64.57864427671467,2189.8522882176867,2307.6198767006026,2382.6803790445947,2332.9610427939997,2381.563240443173,2432.105444220506,2095.236617771991,2314.3314813204966,2,20,4 Sverdrup,3 Sverdrup,10 Sverdrup,20 Sverdrup,0.2,0.2,3.6
HIGH PROD,1800.0,232.73522669777046,4876,2912,2174,5105,3236,2784,109.91401574482953,74.6595225310052,64.56885420287026,2189.7515741068482,2307.2594536115166,2383.064648275819,2333.0629814850968,2381.472530116411,2432.4482930846957,2095.372863618952,2314.570838583854,2,20,4 Sverdrup,3 Sverdrup,10 Sverdrup,20 Sverdrup,0.2,0.2,3.6
HIGH PROD,1900.0,232.66083267192835,4881,2920,2174,5109,3243,2784,110.01738527567595,74.77383112078375,64.56228367843012,2189.7116319216816,2306.9894488946584,2383.3676224758406,2333.198731362583,2381.4428202266495,2432.721155953844,2095.5135344558635,2314.8046346250244,2,20,4 Sverdrup,3 Sverdrup,10 Sverdrup,20 Sverdrup,0.2,0.2,3.6
HIGH PROD,2000.0,232.59206743240475,4885,2939,2174,5113,3262,2784,110.10974817792979,75.06604496241256,64.56250619410011,2189.7209585314317,2307.159854443874,2383.6178604393963,2333.3630276300523,2382.1891874979083,2432.959097521797,2095.6988266218295,2315.0905458293087,2,20,4 Sverdrup,3 Sverdrup,10 Sverdrup,20 Sverdrup,0.2,0.2,3.6
HIGH PROD,2100.0,232.51710495283695,4889,2959,2175,5117,3281,2785,110.19654611024491,75.36173648628784,64.57758420716995,2189.7803128198148,2307.4158419432547,2383.8499241086465,2333.565762143008,2383.0152167229394,2433.212386899664,2095.9177617701794,2315.4228057440964,2,20,4 Sverdrup,3 Sverdrup,10 Sverdrup,20 Sverdrup,0.2,0.2,3.6
HIGH PROD,2200.0,232.4409389190618,4893,2968,2177,5121,3289,2786,110.27923566678169,75.4961179960304,64.59581417023998,2189.8751792803714,2307.4417642897924,2384.050726481963,2333.7954852305556,2383.3040479487127,2433.4427087106615,2096.1107797454833,2315.7225748127357,2,20,4 Sverdrup,3 Sverdrup,10 Sverdrup,20 Sverdrup,0.2,0.2,3.6
HIGH PROD,2300.0,232.3697444745552,4896,2972,2178,5124,3293,2787,110.35731909158804,75.55663064017584,64.60894008918558,2189.9901881307132,2307.3889334112623,2384.2118109961343,2334.0366702419324,2383.3726321423733,2433.624162807748,2096.2784461703886,2315.986084098005,2,20,4 Sverdrup,3 Sverdrup,10 Sverdrup,20 Sverdrup,0.2,0.2,3.6
HIGH PROD,2400.0,232.30592303140276,4900,2974,2178,5128,3294,2788,110.43017339485198,75.57732157423366,64.61711201504035,2190.115317358743,2307.3100883944976,2384.3394871117002,2334.2786984645227,2383.3380597047744,2433.7630575253165,2096.421755568171,2316.2130827950145,2,20,4 Sverdrup,3 Sverdrup,10 Sverdrup,20 Sverdrup,0.2,0.2,3.6
HIGH PROD,2500.0,232.25034890898655,4903,2974,2178,5131,3294,2788,110.49728690905724,75.57643964763012,64.61998253814437,2190.243585018952,2307.230630830793,2384.4374468680357,2334.5140452201686,2383.2605399459558,2433.8621373658198,2096.5419271584183,2316.4046033443196,2,20,4 Sverdrup,3 Sverdrup,10 Sverdrup,20 Sverdrup,0.2,0.2,3.6
HIGH PROD,2600.0,232.20341767551835,4905,2973,2178,5133,3294,2788,110.5581712875973,75.56455563240176,64.61808181397527,2190.3684684108116,2307.160786166426,2384.511178022096,2334.7356614032874,2383.1705119283765,2433.927791520174,2096.641032175123,2316.563018265148,2,20,4 Sverdrup,3 Sverdrup,10 Sverdrup,20 Sverdrup,0.2,0.2,3.6
HIGH PROD,2700.0,232.16468342087035,4908,2973,2178,5136,3293,2788,110.61259229005361,75.55873620171255,64.61322970932486,2190.485388320897,2307.1241116933784,2384.5683545714282,2334.938789719262,2383.1243322412465,2433.9713143524514,2096.725426644078,2316.696725696704,2,20,4 Sverdrup,3 Sverdrup,10 Sverdrup,20 Sverdrup,0.2,0.2,3.6
HIGH PROD,2800.0,232.13285549161043,4910,2973,2178,5138,3293,2788,110.6607297594775,75.56091685454436,64.61067313535615,2190.592730754163,2307.1171866589348,2384.622879140386,2335.122197550924,2383.1219628754325,2434.0175332332255,2096.802757125019,2316.8163055758027,2,20,4 Sverdrup,3 Sverdrup,10 Sverdrup,20 Sverdrup,0.2,0.2,3.6
HIGH PROD,2900.0,232.10553815823855,4912,2972,2179,5140,3293,2788,110.70309381846246,75.55435639826794,64.62436088971333,2190.692565985799,2307.1062390242,2384.7050854122413,2335.288733600354,2383.0984686806532,2434.1256959552256,2096.883085181981,2316.936338478706,2,20,4 Sverdrup,3 Sverdrup,10 Sverdrup,20 Sverdrup,0.2,0.2,3.6
HIGH PROD,3000.0,232.08109710981677,4914,2972,2180,5141,3293,2789,110.74098226291709,75.5522988249704,64.63365597147568,2190.786572196045,2307.112684666924,2384.7735337526115,2335.4421743760963,2383.1006409658403,2434.2108654769286,2096.9551053041723,2317.043606917463,2,20,4 Sverdrup,3 Sverdrup,10 Sverdrup,20 Sverdrup,0.2,0.2,3.6
HIGH PROD,3100.0,232.05906107993184,4915,2972,2180,5143,3293,2790,110.7754429464928,75.55605983389943,64.63947930195005,2190.8752151972253,2307.135432491253,2384.8318709819996,2335.5847312918204,2383.129805824535,2434.278905650698,2097.021252879126,2317.1416410687107,2,20,4 Sverdrup,3 Sverdrup,10 Sverdrup,20 Sverdrup,0.2,0.2,3.6
HIGH PROD,3200.0,232.03954249676272,4917,2973,2180,5144,3294,2790,110.80631394372882,75.56460493651657,64.64331390967781,2190.9579548730367,2307.171999653986,2384.8832362379408,2335.715616324778,2383.18156506599,2434.3359947589183,2097.0832952869,2317.2325290754966,2,20,4 Sverdrup,3 Sverdrup,10 Sverdrup,20 Sverdrup,0.2,0.2,3.6
HIGH PROD,3300.0,232.02232084587789,4918,2974,2180,5145,3294,2790,110.83401008984245,75.57680457362176,64.64493168100674,2191.0352786979993,2307.2188591054046,2384.9276904525445,2335.835993244194,2383.2502857362665,2434.3816546448975,2097.1419744769205,2317.317307297377,2,20,4 Sverdrup,3 Sverdrup,10 Sverdrup,20 Sverdrup,0.2,0.2,3.6
HIGH PROD,3400.0,232.00668264464946,4919,2976,2181,5146,3296,2790,110.85908097908238,75.60713573196125,64.6462802063982,2191.1084108111577,2307.302759345976,2384.969931805551,2335.947957818108,2383.390470690414,2434.4246675567806,2097.2025672491386,2317.4032875100056,2,20,4 Sverdrup,3 Sverdrup,10 Sverdrup,20 Sverdrup,0.2,0.2,3.6
HIGH PROD,3500.0,231.99178707100907,4920,2979,2181,5147,3299,2790,110.8820755613364,75.64808607685762,64.64883123863063,2191.1788012914094,2307.408281169458,2385.013522288635,2336.0538200857827,2383.571768546631,2434.4716465112724,2097.2662968771224,2317.492599864573,2,20,4 Sverdrup,3 Sverdrup,10 Sverdrup,20 Sverdrup,0.2,0.2,3.6
HIGH PROD,3600.0,231.97739903813655,4921,2980,2181,5148,3300,2791,110.90329743534028,75.67374581987836,64.65449777739259,2191.247177844013,2307.4865908251195,2385.062646118644,2336.154781657484,2383.6967120033296,2434.5306586048623,2097.3291157048734,2317.5802505011798,2,20,4 Sverdrup,3 Sverdrup,10 Sverdrup,20 Sverdrup,0.2,0.2,3.6
HIGH PROD,3700.0,231.96373963975105,4922,2981,2182,5149,3301,2791,110.92342304403964,75.68708901277806,64.66116340702692,2191.3139738868813,2307.5427038560974,2385.1133568992555,2336.2523901871027,2383.7762698250563,2434.5933915417368,2097.3886974749785,2317.663208210008,2,20,4 Sverdrup,3 Sverdrup,10 Sverdrup,20 Sverdrup,0.2,0.2,3.6
HIGH PROD,3800.0,231.95116833456095,4923,2982,2182,5150,3302,2792,110.94229828013293,75.69546802527772,64.66771200310238,2191.378589548854,2307.5904340761463,2385.1632006970426,2336.345814436069,2383.8382457423395,2434.654994546053,2097.4449551503562,2317.7411149814975,2,20,4 Sverdrup,3 Sverdrup,10 Sverdrup,20 Sverdrup,0.2,0.2,3.6
HIGH PROD,3900.0,231.93944651587867,4924,2982,2183,5151,3302,2792,110.96004069743768,75.69812823589659,64.67824373430436,2191.441170954188,2307.627860295679,2385.220961595469,2336.435392851122,2383.879052423254,2434.732946802595,2097.5006627108355,2317.817746609965,2,20,4 Sverdrup,3 Sverdrup,10 Sverdrup,20 Sverdrup,0.2,0.2,3.6
HIGH PROD,4000.0,231.92828150356374,4925,2982,2184,5152,3302,2793,110.9767596128911,75.70175230231224,64.68952190733668,2191.5019171626955,2307.6675901722488,2385.279706599652,2336.521499867526,2383.9240620589094,2434.8133156953395,2097.5552063423033,2317.8925170062807,2,20,4 Sverdrup,3 Sverdrup,10 Sverdrup,20 Sverdrup,0.2,0.2,3.6
HIGH PROD,4100.0,231.91798098361318,4925,2983,2184,5152,3303,2794,110.99241234658882,75.70748543180983,64.69645870741492,2191.560202718803,2307.7113341494182,2385.328912567489,2336.6034636242616,2383.977050806332,2434.8751464500206,2097.6049477530655,2317.9605636118977,2,20,4 Sverdrup,3 Sverdrup,10 Sverdrup,20 Sverdrup,0.2,0.2,3.6
HIGH PROD,4200.0,231.90878154146512,4926,2983,2185,5153,3303,2794,111.0070246738295,75.71479486730166,64.70063451147303,2191.6158590161376,2307.7577307727192,2385.37182567995,2336.6811672367667,2384.0356615073497,2434.9249580509145,2097.6520036833235,2318.0243133633526,2,20,4 Sverdrup,3 Sverdrup,10 Sverdrup,20 Sverdrup,0.2,0.2,3.6
HIGH PROD,4300.0,231.90034526506273,4927,2984,2185,5153,3304,2794,111.02088299823664,75.72287374012672,64.7058021073534,2191.669762142398,2307.8052664039164,2385.416481139023,2336.7559297773714,2384.096867897028,2434.9786552235328,2097.699492391888,2318.0880007996766,2,20,4 Sverdrup,3 Sverdrup,10 Sverdrup,20 Sverdrup,0.2,0.2,3.6
HIGH PROD,4400.0,231.89284249444472,4927,2984,2186,5154,3304,2794,111.0337490545791,75.73149929462821,64.71030307552556,2191.7216504119106,2307.8534084737757,2385.4592149241457,2336.8271016732233,2384.1597240781302,2435.0290201465955,2097.7461103385963,2318.1497821650187,2,20,4 Sverdrup,3 Sverdrup,10 Sverdrup,20 Sverdrup,0.2,0.2,3.6
HIGH PROD,4500.0,231.88594903747295,4928,2985,2186,5155,3305,2795,111.04594951670929,75.74024337757042,64.71514697309472,2191.7722807020286,2307.901499076841,2385.502359725595,2336.8959538368463,2384.2227610953787,2435.0805510808746,2097.792482203791,2318.210755143994,2,20,4 Sverdrup,3 Sverdrup,10 Sverdrup,20 Sverdrup,0.2,0.2,3.6
HIGH PROD,4600.0,231.87952760923974,4928,2985,2186,5155,3305,2795,111.05759470401837,75.74893731311852,64.720250968865,2191.8219282702953,2307.9492873812283,2385.5457715665975,2336.9629349619563,2384.285408382656,2435.132903982838,2097.8386055432647,2318.2710249066677,2,20,4 Sverdrup,3 Sverdrup,10 Sverdrup,20 Sverdrup,0.2,0.2,3.6
HIGH PROD,4700.0,231.87350674996893,4929,2986,2187,5156,3306,2796,111.06874929267026,75.75760702861622,64.72546652457287,2191.8707325529867,2307.996865974017,2385.5891674660197,2337.028286800967,2384.347807741481,2435.185483607396,2097.884385807708,2318.3305325783786,2,20,4 Sverdrup,3 Sverdrup,10 Sverdrup,20 Sverdrup,0.2,0.2,3.6
HIGH PROD,4800.0,231.86728873289252,4929,2987,2187,5156,3307,2796,111.07965510103608,75.77065897433292,64.7331261326986,2191.9194725245648,2308.052760253951,2385.637577549532,2337.093161282589,2384.4268284507425,2435.248212975903,2097.9328959847808,2318.393694949447,2,20,4 Sverdrup,3 Sverdrup,10 Sverdrup,20 Sverdrup,0.2,0.2,3.6
HIGH PROD,4900.0,231.86054136303989,4930,2988,2188,5157,3308,2797,111.09051078767364,75.78573492588323,64.74258817833854,2191.9686356062693,2308.1125887724597,2385.689708473851,2337.1583574196497,2384.513559007914,2435.318412597821,2097.9835776335244,2318.4600450861167,2,20,4 Sverdrup,3 Sverdrup,10 Sverdrup,20 Sverdrup,0.2,0.2,3.6
HIGH PROD,5000.0,231.85340364241162,4930,2989,2189,5157,3308,2797,111.10136465677377,75.79885422714743,64.75211020819103,2192.018117850862,2308.168847281139,2385.7419060210345,2337.223855635087,2384.5929736316552,2435.388777542968,2098.0342055000606,2318.526627058437,2,20,4 Sverdrup,3 Sverdrup,10 Sverdrup,20 Sverdrup,0.2,0.2,3.6
HIGH PROD,5100.0,231.846148007484,4931,2990,2190,5157,3309,2798,111.11220945878823,75.81112807736433,64.76097542430293,2192.067666337663,2308.22359232642,2385.7926833056704,2337.289400984824,2384.669277491598,2435.4563356182425,2098.0842501015627,2318.592555537154,2,20,4 Sverdrup,3 Sverdrup,10 Sverdrup,20 Sverdrup,0.2,0.2,3.6
HIGH PROD,5200.0,231.83890037793444,4931,2990,2190,5158,3310,2798,111.12299801067581,75.8224351222641,64.76811912835757,2192.1170980299485,2308.276597644133,2385.8397742419543,2337.3547398466367,2384.7420240158212,2435.5166031556378,2098.1328386717187,2318.65661331163,2,20,4 Sverdrup,3 Sverdrup,10 Sverdrup,20 Sverdrup,0.2,0.2,3.6
HIGH PROD,5300.0,231.83201144739985,4932,2991,2191,5158,3310,2799,111.13362919176119,75.82991889500055,64.77342194473161,2192.166000088539,2308.322331941384,2385.882893852291,2337.4193066166954,2384.800250354978,2435.569074977435,2098.179058520354,2318.7173525306107,2,20,4 Sverdrup,3 Sverdrup,10 Sverdrup,20 Sverdrup,0.2,0.2,3.6
HIGH PROD,5400.0,231.82582559753584,4932,2991,2191,5159,3310,2799,111.14397686318026,75.8322451224343,64.77782547607832,2192.2139684448575,2308.358202224608,2385.923967419079,2337.4825034607193,2384.8389027505755,2435.6176595525512,2098.222953351783,2318.7745632051497,2,20,4 Sverdrup,3 Sverdrup,10 Sverdrup,20 Sverdrup,0.2,0.2,3.6
HIGH PROD,5500.0,231.82044575086172,4933,2991,2191,5159,3311,2799,111.15395722339866,75.83320093632332,64.78221225975896,2192.2608601487104,2308.3913432344407,2385.964806897837,2337.5440538317634,2384.872339771838,2435.6659991704796,2098.2657270045815,2318.8297116338313,2,20,4 Sverdrup,3 Sverdrup,10 Sverdrup,20 Sverdrup,0.2,0.2,3.6
HIGH PROD,5600.0,231.81595838474502,4933,2991,2192,5160,3310,2800,111.16348569512319,75.83252346880388,64.78591333103981,2192.3065297919497,2308.421080520529,2386.00396034488,2337.6036767304904,2384.8992859044615,2435.7112131024433,2098.3067525276324,2318.881916620993,2,20,4 Sverdrup,3 Sverdrup,10 Sverdrup,20 Sverdrup,0.2,0.2,3.6
HIGH PROD,5700.0,231.81219078005225,4934,2991,2192,5160,3311,2800,111.17255414668912,75.83498779463254,64.78985338444758,2192.3511086432354,2308.4565206826715,2386.043420089494,2337.661485058995,2384.9379605685485,2435.7572686344342,2098.3476543007782,2318.9334184909458,2,20,4 Sverdrup,3 Sverdrup,10 Sverdrup,20 Sverdrup,0.2,0.2,3.6
HIGH PROD,5800.0,231.80892994218738,4934,2992,2192,5160,3311,2800,111.18119570243806,75.84276149840215,64.79301430107982,2192.394809756069,2308.5016929890853,2386.0810364818117,2337.717738362268,2384.996385172408,2435.799837659358,2098.3885892090893,2318.9845593426326,2,20,4 Sverdrup,3 Sverdrup,10 Sverdrup,20 Sverdrup,0.2,0.2,3.6
HIGH PROD,5900.0,231.80599213676433,4934,2992,2192,5161,3312,2801,111.18946143793445,75.8516359676106,64.79694333949783,2192.4378488393068,2308.5485745850224,2386.1201699738735,2337.7727288985957,2385.058461515972,2435.8456106734548,2098.4300354591537,2319.0361006611242,2,20,4 Sverdrup,3 Sverdrup,10 Sverdrup,20 Sverdrup,0.2,0.2,3.6
HIGH PROD,6000.0,231.8028193314745,4935,2993,2193,5161,3312,2801,111.19753383271807,75.8581847228852,64.80575757235418,2192.480973524135,2308.591076019115,2386.1693838831657,2337.8274790419086,2385.1118338414176,2435.911600879262,2098.4749101433795,2319.0921895124607,2,20,4 Sverdrup,3 Sverdrup,10 Sverdrup,20 Sverdrup,0.2,0.2,3.6
HIGH PROD,6100.0,231.79966886028123,4935,2993,2194,5162,3312,2802,111.2054358065449,75.85941937655309,64.81149424128796,2192.5239354536975,2308.623521151138,2386.212033776084,2337.881786077579,2385.1450793261133,2435.9645610393736,2098.515987441823,2319.1434060345973,2,20,4 Sverdrup,3 Sverdrup,10 Sverdrup,20 Sverdrup,0.2,0.2,3.6
HIGH PROD,6200.0,231.79675899406612,4935,2993,2194,5162,3313,2802,111.21309818966927,75.86648026256485,64.81611214322675,2192.5663387499962,2308.6670026602606,2386.2522355849383,2337.935157362961,2385.2004783846896,2436.01279015115,2098.5570374992108,2319.1944294082195,2,20,4 Sverdrup,3 Sverdrup,10 Sverdrup,20 Sverdrup,0.2,0.2,3.6
HIGH PROD,6300.0,231.7944626250487,4936,2993,2194,5162,3313,2802,111.2204411678188,75.86865414935741,64.81875273477188,2192.6078392877366,2308.7009687800087,2386.28809679634,2337.9871284031497,2385.237031231322,2436.05254187991,2098.595299816866,2319.2413776667427,2,20,4 Sverdrup,3 Sverdrup,10 Sverdrup,20 Sverdrup,0.2,0.2,3.6
HIGH PROD,6400.0,231.79243523756466,4936,2994,2194,5163,3313,2802,111.22755234509125,75.87132965364283,64.82318610426597,2192.648866244681,2308.735828926836,2386.3276258226683,2338.038258421774,2385.275496782261,2436.0997604350787,2098.634628038251,2319.2894908815533,2,20,4 Sverdrup,3 Sverdrup,10 Sverdrup,20 Sverdrup,0.2,0.2,3.6
HIGH PROD,6500.0,231.7906046225146,4936,2994,2195,5163,3313,2803,111.2344716642882,75.87748859157904,64.82669908723346,2192.689540739651,2308.777198718025,2386.365095694578,2338.088729827548,2385.3270736256604,2436.1429653487567,2098.673932118093,2319.3374031646918,2,20,4 Sverdrup,3 Sverdrup,10 Sverdrup,20 Sverdrup,0.2,0.2,3.6
HIGH PROD,6600.0,231.7891218764697,4937,2994,2195,5163,3314,2803,111.2411388935897,75.88279330268719,64.82944374584994,2192.729683341555,2308.8167828632504,2386.4008362209624,2338.138269435023,2385.3752036043134,2436.182850084512,2098.7122729327334,2319.383796973073,2,20,4 Sverdrup,3 Sverdrup,10 Sverdrup,20 Sverdrup,0.2,0.2,3.6
HIGH PROD,6700.0,231.78789272013728,4937,2995,2195,5163,3314,2803,111.24763666723462,75.88567601796139,64.83286198637589,2192.769455482736,2308.8517077218935,2386.4379373852657,2338.18717038121,2385.414100915958,2436.2255476418322,2098.750328383012,2319.429631677438,2,20,4 Sverdrup,3 Sverdrup,10 Sverdrup,20 Sverdrup,0.2,0.2,3.6
HIGH PROD,6800.0,231.78644189254604,4937,2995,2196,5164,3314,2804,111.2540667353581,75.89016700218805,64.84187316493846,2192.8094158523627,2308.8897511762466,2386.486754589758,2338.2361402123943,2385.4592252068987,2436.291685490841,2098.792797002368,2319.4813078424127,2,20,4 Sverdrup,3 Sverdrup,10 Sverdrup,20 Sverdrup,0.2,0.2,3.6
HIGH PROD,6900.0,231.78410130764937,4938,2995,2197,5164,3315,2804,111.2606839855014,75.89994149308937,64.85261272811343,2192.8504169956113,2308.937966320317,2386.539172858938,2338.2864207685966,2385.5244599792504,2436.3648887691998,2098.838239906069,2319.5374713608153,2,20,4 Sverdrup,3 Sverdrup,10 Sverdrup,20 Sverdrup,0.2,0.2,3.6
HIGH PROD,7000.0,231.78058017092204,4938,2996,2197,5164,3316,2805,111.26770807362901,75.91409160628936,64.86092598814702,2192.8927555402083,2308.99481815864,2386.58664050449,2338.3386624322916,2385.6065401562364,2436.428011238829,2098.8836677241443,2319.5945621379274,2,20,4 Sverdrup,3 Sverdrup,10 Sverdrup,20 Sverdrup,0.2,0.2,3.6
HIGH PROD,7100.0,231.77755881302232,4938,2997,2198,5165,3316,2805,111.27466929031152,75.91542723466135,64.86486571634804,2192.9344346383964,2309.0273018353832,2386.624933568121,2338.3901646613235,2385.6399004406703,2436.4729185484016,2098.9229321627886,2319.643373942992,2,20,4 Sverdrup,3 Sverdrup,10 Sverdrup,20 Sverdrup,0.2,0.2,3.6
HIGH PROD,7200.0,231.77482401829351,4939,2997,2198,5165,3316,2805,111.28159500860497,75.9172064623232,64.86867209522369,2192.975752480147,2309.060740283349,2386.6629003999014,2338.441261587157,2385.6752093996042,2436.517250747102,2098.9620876180725,2319.6918249309924,2,20,4 Sverdrup,3 Sverdrup,10 Sverdrup,20 Sverdrup,0.2,0.2,3.6
HIGH PROD,7300.0,231.77290937886437,4939,2997,2198,5165,3316,2806,111.28825949673761,75.92224896408713,64.86982417244475,2193.016095016464,2309.100188886895,2386.695142908349,2338.490986869571,2385.722769699995,2436.550311471389,2098.999650106763,2319.7375632070325,2,20,4 Sverdrup,3 Sverdrup,10 Sverdrup,20 Sverdrup,0.2,0.2,3.6
HIGH PROD,7400.0,231.7712762400922,4939,2997,2198,5165,3316,2806,111.29480789197767,75.92776848865225,64.87141165195565,2193.0561317380616,2309.1403394154763,2386.728263917046,2338.540224860382,2385.771834425212,2436.585187554848,2099.0376323829205,2319.7835961558567,2,20,4 Sverdrup,3 Sverdrup,10 Sverdrup,20 Sverdrup,0.2,0.2,3.6
HIGH PROD,7500.0,231.77014656515937,4939,2998,2198,5166,3317,2806,111.30110229870806,75.9304612427138,64.87485625332286,2193.095618893324,2309.1750463556414,2386.76518461594,2338.5885115048013,2385.810191724618,2436.6277644305114,2099.0758574048505,2319.829544577045,2,20,4 Sverdrup,3 Sverdrup,10 Sverdrup,20 Sverdrup,0.2,0.2,3.6
HIGH PROD,7600.0,231.76952894404772,4940,2998,2199,5166,3317,2806,111.3071258742611,75.93364160579996,64.87654168679389,2193.1344661802127,2309.210505268286,2386.7982777588886,2338.6357313778653,2385.8502227827203,2436.662801334479,2099.112409432677,2319.872937855023,2,20,4 Sverdrup,3 Sverdrup,10 Sverdrup,20 Sverdrup,0.2,0.2,3.6
HIGH PROD,7700.0,231.7693076324879,4940,2998,2199,5166,3317,2806,111.31288759638645,75.93738499984339,64.878405911387,2193.172758675264,2309.2468789904856,2386.8316735554663,2338.6819816528487,2385.892236071629,2436.6985476728214,2099.1487118449136,2319.9157101032515,2,20,4 Sverdrup,3 Sverdrup,10 Sverdrup,20 Sverdrup,0.2,0.2,3.6
HIGH PROD,7800.0,231.7693936597382,4940,2998,2199,5166,3317,2806,111.31841361080735,75.94121790511778,64.88042457599951,2193.2105871157405,2309.2832935847127,2386.8653044480798,2338.727393066799,2385.93445704869,2436.7348551843534,2099.1847879344523,2319.957952491859,2,20,4 Sverdrup,3 Sverdrup,10 Sverdrup,20 Sverdrup,0.2,0.2,3.6
HIGH PROD,7900.0,231.76968643983915,4941,2999,2199,5167,3318,2806,111.32376175961345,75.94508191078637,64.8826256253598,2193.2480823011656,2309.3196815424167,2386.89925220087,2338.772187648057,2385.97671338949,2436.771864298545,2099.220738180955,2319.9998735124627,2,20,4 Sverdrup,3 Sverdrup,10 Sverdrup,20 Sverdrup,0.2,0.2,3.6
HIGH PROD,8000.0,231.77015829628186,4941,2999,2199,5167,3318,2807,111.32890686832275,75.95107286704007,64.88504036017522,2193.2852373226187,2309.3600745737767,2386.933572970629,2338.8163169305362,2386.0270694749993,2436.8096945248376,2099.2569656483142,2320.0420184072295,2,20,4 Sverdrup,3 Sverdrup,10 Sverdrup,20 Sverdrup,0.2,0.2,3.6
HIGH PROD,8100.0,231.77061200090307,4941,2999,2199,5167,3318,2807,111.33391425231046,75.95721747720728,64.88777703703973,2193.3222874085104,2309.400543183572,2386.968525052691,2338.8601154008707,2386.0776025694126,2436.8488275960367,2099.293576238182,2320.084651724673,2,20,4 Sverdrup,3 Sverdrup,10 Sverdrup,20 Sverdrup,0.2,0.2,3.6
HIGH PROD,8200.0,231.77125560451432,4941,3000,2200,5167,3319,2807,111.3387416112239,75.96056718247628,64.89049950081697,2193.3589901087576,2309.4358023401987,2387.003365509484,2338.903279618964,2386.117769543298,2436.8878201923344,2099.329236725212,2320.1259312536104,2,20,4 Sverdrup,3 Sverdrup,10 Sverdrup,20 Sverdrup,0.2,0.2,3.6
HIGH PROD,8300.0,231.77199527264742,4941,3000,2200,5168,3319,2807,111.34344447399614,75.96470792253133,64.89327069939394,2193.3954683421425,2309.472525072994,2387.038252857068,2338.946020651261,2386.160900155567,2436.9269648870004,2099.3649136085646,2320.167161164045,2,20,4 Sverdrup,3 Sverdrup,10 Sverdrup,20 Sverdrup,0.2,0.2,3.6
HIGH PROD,8400.0,231.77260548119636,4942,3000,2200,5168,3319,2807,111.34810937080687,75.97244009547958,64.89638003753672,2193.4320086518333,2309.5160628068006,2387.0738388672075,2338.988758054624,2386.21763641911,2436.9675170824376,2099.4016765909237,2320.209885550112,2,20,4 Sverdrup,3 Sverdrup,10 Sverdrup,20 Sverdrup,0.2,0.2,3.6
HIGH PROD,8500.0,231.77331774191038,4942,3001,2200,5168,3319,2808,111.3526877099981,75.9755816843494,64.8994076299194,2193.468358977958,2309.5508399175546,2387.1092001972206,2339.0311682108504,2386.2568704284527,2437.007670285245,2099.4373454305482,2320.2511218443465,2,20,4 Sverdrup,3 Sverdrup,10 Sverdrup,20 Sverdrup,0.2,0.2,3.6
HIGH PROD,8600.0,231.77370930705246,4942,3001,2201,5168,3320,2808,111.35732359815331,75.98651465021075,64.9028611924489,2193.5050378546125,2309.6005110086658,2387.1454913646335,2339.073990162893,2386.325806699835,2437.0496458724165,2099.4752028444827,2320.2954209413006,2,20,4 Sverdrup,3 Sverdrup,10 Sverdrup,20 Sverdrup,0.2,0.2,3.6
HIGH PROD,8700.0,231.77376762162336,4942,3002,2201,5168,3321,2808,111.36206702947783,75.99723291881865,64.90668995054061,2193.5421301781307,2309.649798033155,2387.1826167355007,2339.1173880433803,2386.3938484146433,2437.0932330172363,2099.5137782353313,2320.340884723752,2,20,4 Sverdrup,3 Sverdrup,10 Sverdrup,20 Sverdrup,0.2,0.2,3.6
HIGH PROD,8800.0,231.77317120970568,4942,3003,2201,5169,3322,2808,111.36706419195518,76.01358090102899,64.9112788883401,2193.5800835372183,2309.709965885006,2387.221462058456,2339.1620356654003,2386.4834114386927,2437.140121196215,2099.5548201986767,2320.390015269843,2,20,4 Sverdrup,3 Sverdrup,10 Sverdrup,20 Sverdrup,0.2,0.2,3.6
HIGH PROD,8900.0,231.77196728008326,4943,3004,2202,5169,3323,2809,111.37236061482345,76.0282987311748,64.91660002105185,2193.6189197932986,2309.767249783539,2387.2619768805976,2339.208029379085,2386.566930060153,2437.19019474825,2099.596823477727,2320.4408375233343,2,20,4 Sverdrup,3 Sverdrup,10 Sverdrup,20 Sverdrup,0.2,0.2,3.6
HIGH PROD,9000.0,231.7696873986474,4943,3005,2202,5169,3324,2809,111.37815759629024,76.04736495124062,64.92439066033275,2193.6592563727418,2309.8331691358103,2387.3079115175055,2339.256298221688,2386.6672926828237,2437.250839751047,2099.642541838525,2320.4972674375954,2,20,4 Sverdrup,3 Sverdrup,10 Sverdrup,20 Sverdrup,0.2,0.2,3.6
HIGH PROD,9100.0,231.76639229974518,4943,3006,2203,5169,3325,2810,111.3845093023923,76.06271452788572,64.93384661213082,2193.7010744404083,2309.8924622585178,2387.357565629583,2339.306913774448,2386.7539451240077,2437.3186449900813,2099.689674124397,2320.5563008297345,2,20,4 Sverdrup,3 Sverdrup,10 Sverdrup,20 Sverdrup,0.2,0.2,3.6
HIGH PROD,9200.0,231.76251436462346,4944,3007,2204,5170,3326,2811,111.39131369505041,76.07632581778738,64.94171511936915,2193.743834442995,2309.9488168715784,2387.4040588383045,2339.359187781626,2386.834372490207,2437.379928423173,2099.735812923803,2320.6145238472222,2,20,4 Sverdrup,3 Sverdrup,10 Sverdrup,20 Sverdrup,0.2,0.2,3.6
HIGH PROD,9300.0,231.75760509100746,4944,3009,2204,5170,3327,2811,111.39872347977874,76.09495751804285,64.9516403805166,2193.788074672161,2310.0150886238284,2387.455158597479,2339.413892830008,2386.934200620012,2437.450127426897,2099.78536284554,2320.6779492372393,2,20,4 Sverdrup,3 Sverdrup,10 Sverdrup,20 Sverdrup,0.2,0.2,3.6
HIGH PROD,9400.0,231.75198957328774,4944,3010,2205,5170,3328,2812,111.40667249332056,76.11032562430455,64.96115364812579,2193.8334423403876,2310.0755167721313,2387.505608749479,2339.4705790630346,2387.021981670784,2437.518779384674,2099.8347747289695,2320.7417421400405,2,20,4 Sverdrup,3 Sverdrup,10 Sverdrup,20 Sverdrup,0.2,0.2,3.6
HIGH PROD,9500.0,231.74607256794246,4945,3010,2206,5171,3329,2812,111.41502443141734,76.12362226315942,64.96911507123124,2193.8794307539997,2310.1322417483916,2387.5529695186597,2339.528532825665,2387.102130828092,2437.5810836706346,2099.882989806536,2320.804242634004,2,20,4 Sverdrup,3 Sverdrup,10 Sverdrup,20 Sverdrup,0.2,0.2,3.6
HIGH PROD,9600.0,231.739674669874,4945,3011,2207,5171,3329,2813,111.42380756063069,76.13549682495574,64.97908016683955,2193.9262405380114,2310.1865191562724,2387.604733162528,2339.587994464594,2387.177159191022,2437.65198973448,2099.932745912664,2320.8691131473074,2,20,4 Sverdrup,3 Sverdrup,10 Sverdrup,20 Sverdrup,0.2,0.2,3.6
HIGH PROD,9700.0,231.73284686875337,4945,3012,2207,5171,3330,2814,111.43299169960154,76.14615274068652,64.98949703875812,2193.9737902642973,2310.2386927133994,2387.657606699938,2339.6488352179276,2387.247789051494,2437.7249254571766,2099.982949871804,2320.934900895692,2,20,4 Sverdrup,3 Sverdrup,10 Sverdrup,20 Sverdrup,0.2,0.2,3.6
HIGH PROD,9800.0,231.72611507328517,4946,3013,2208,5172,3331,2814,111.44237843188226,76.15627638356975,64.99673283360619,2194.021393628067,2310.289894504335,2387.7038835765884,2339.710065031921,2387.3164511918844,2437.7845949504035,2100.030745637572,2320.9975263017923,2,20,4 Sverdrup,3 Sverdrup,10 Sverdrup,20 Sverdrup,0.2,0.2,3.6
HIGH PROD,9900.0,231.71913144707773,4946,3013,2209,5172,3331,2815,111.45202995352426,76.16717026969557,65.00608090026056,2194.0694455576677,2310.3426183230486,2387.754726484609,2339.77216733021,2387.3880911352007,2437.85326376613,2100.0804066091114,2321.0627582718707,2,20,4 Sverdrup,3 Sverdrup,10 Sverdrup,20 Sverdrup,0.2,0.2,3.6
HIGH PROD,10000.0,231.71148069346296,4947,3014,2210,5173,3333,2816,111.46207673345833,76.1845191416868,65.0164937513883,2194.1184728629405,2310.4076836173986,2387.80799731027,2339.835865247312,2387.484232700034,2437.9265715651954,2100.1329326658993,2321.1321798028716,2,20,4 Sverdrup,3 Sverdrup,10 Sverdrup,20 Sverdrup,0.2,0.2,3.6
HIGH PROD,10100.0,231.70379815045172,4947,3015,2210,5173,3333,2816,111.47233142318868,76.19857078263257,65.02398240322223,2194.1677357291724,2310.4665781019903,2387.855227084484,2339.900135393831,2387.567982052391,2437.9877039826356,2100.1830405083847,2321.198502582677,2,20,4 Sverdrup,3 Sverdrup,10 Sverdrup,20 Sverdrup,0.2,0.2,3.6
HIGH PROD,10200.0,231.6962146069578,4948,3016,2211,5174,3334,2817,111.48271498572977,76.20452193856353,65.03321669240655,2194.2170500986244,2310.510155234955,2387.9061723238387,2339.964669446269,2387.6211054183564,2438.056207959037,2100.2325396240453,2321.2639832869995,2,20,4 Sverdrup,3 Sverdrup,10 Sverdrup,20 Sverdrup,0.2,0.2,3.6
HIGH PROD,10300.0,231.68852204575518,4948,3016,2212,5174,3334,2818,111.49325177950128,76.21360967055323,65.04292064276642,2194.2666103606803,2310.5596571767273,2387.958181232439,2340.0296949040494,2387.6860628392196,2438.126753113982,2100.282981922772,2321.3307714555235,2,20,4 Sverdrup,3 Sverdrup,10 Sverdrup,20 Sverdrup,0.2,0.2,3.6
HIGH PROD,10400.0,231.68141409402588,4949,3017,2212,5175,3335,2818,111.50368539413599,76.21874262868458,65.0490388833507,2194.3155221736783,2310.6015881782964,2388.002607746116,2340.0939253241827,2387.736056654364,2438.182202609905,2100.3295676964904,2321.392150011242,2,20,4 Sverdrup,3 Sverdrup,10 Sverdrup,20 Sverdrup,0.2,0.2,3.6
HIGH PROD,10500.0,231.67519438700933,4949,3017,2212,5175,3335,2818,111.51383512048257,76.21879110405833,65.054151658176,2194.3633341185036,2310.6336222239192,2388.044829635449,2340.1566259608217,2387.7665766983528,2438.2333983266026,2100.373434325099,2321.449363190614,2,20,4 Sverdrup,3 Sverdrup,10 Sverdrup,20 Sverdrup,0.2,0.2,3.6
HIGH PROD,10600.0,231.67055569529066,4950,3016,2213,5175,3334,2818,111.5233735119133,76.212881151914,65.0555721889148,2194.4091090561337,2310.6539154474203,2388.0790234639762,2340.2163512236352,2387.77418211564,2438.2688640477845,2100.4119023529656,2321.498415546557,2,20,4 Sverdrup,3 Sverdrup,10 Sverdrup,20 Sverdrup,0.2,0.2,3.6
HIGH PROD,10700.0,231.66737967802445,4950,3016,2213,5176,3334,2819,111.53220552943374,76.20725939386332,65.05642683970227,2194.4528777803375,2310.674236561145,2388.111764806956,2340.2729736405286,2387.782467253984,2438.301765992247,2100.448474627158,2321.54390780384,2,20,4 Sverdrup,3 Sverdrup,10 Sverdrup,20 Sverdrup,0.2,0.2,3.6
HIGH PROD,10800.0,231.66555274300518,4950,3016,2213,5176,3334,2818,111.5402760565865,76.20465334211842,65.05586318311224,2194.4947160592396,2310.699660172678,2388.1412128790344,2340.3264735299035,2387.801585546199,2438.328429895289,2100.4833882424314,2321.586206934144,2,20,4 Sverdrup,3 Sverdrup,10 Sverdrup,20 Sverdrup,0.2,0.2,3.6
HIGH PROD,10900.0,231.66452945362678,4951,3016,2213,5176,3334,2819,111.54771124312276,76.20416906724341,65.05727475536517,2194.535266081652,2310.7285937764445,2388.1745737051087,2340.3776777167645,2387.8282053738026,2438.3631789259307,2100.5193171844817,2321.629176250191,2,20,4 Sverdrup,3 Sverdrup,10 Sverdrup,20 Sverdrup,0.2,0.2,3.6
HIGH PROD,11000.0,231.66410353316897,4951,3016,2213,5177,3334,2819,111.55458164989074,76.20442718972282,65.05918925207402,2194.5747817058786,2310.758544595465,2388.208738028753,2340.4269474372636,2387.8572371951445,2438.3997653598,2100.555122338651,2321.671506883192,2,20,4 Sverdrup,3 Sverdrup,10 Sverdrup,20 Sverdrup,0.2,0.2,3.6
HIGH PROD,11100.0,231.6638983604864,4951,3016,2213,5177,3334,2819,111.56103357884483,76.20228648791357,65.06397917883886,2194.6137159809373,2310.783723951174,2388.2487599055653,2340.4749609066857,2387.8769585716755,2438.448231971246,2100.591971267156,2321.715014078279,2,20,4 Sverdrup,3 Sverdrup,10 Sverdrup,20 Sverdrup,0.2,0.2,3.6
HIGH PROD,11200.0,231.66353464541737,4952,3016,2214,5177,3334,2819,111.5672393209918,76.20376909030627,65.07006622821805,2194.6525240687874,2310.8157157068963,2388.2913622287324,2340.522442559391,2387.9103880334574,2438.5019551623705,2100.6303267112685,2321.7605880613582,2,20,4 Sverdrup,3 Sverdrup,10 Sverdrup,20 Sverdrup,0.2,0.2,3.6
HIGH PROD,11300.0,231.66337883108056,4952,3015,2214,5178,3333,2820,111.57315150186993,76.19356679685848,65.07724925419323,2194.690777732195,2310.8254080402644,2388.336079901812,2340.5689017471896,2387.899348759095,2438.560076806703,2100.6664834100743,2321.8031941323816,2,20,4 Sverdrup,3 Sverdrup,10 Sverdrup,20 Sverdrup,0.2,0.2,3.6
HIGH PROD,11400.0,231.66245387176838,4952,3015,2215,5178,3333,2821,111.57913221442746,76.19457437176165,65.08696475188405,2194.7296520343452,2310.856574027421,2388.3861047740133,2340.616071629014,2387.9311317095576,2438.6287868623644,2100.707045902992,2321.852088306512,2,20,4 Sverdrup,3 Sverdrup,10 Sverdrup,20 Sverdrup,0.2,0.2,3.6
HIGH PROD,11500.0,231.66164811082723,4952,3015,2216,5178,3333,2821,111.5849473625262,76.18875195674794,65.09519281746734,2194.7680988409834,2310.8746825242197,2388.4328454367287,2340.6625545660786,2387.9368755883024,2438.691076390685,2100.744836338665,2321.8973382166605,2,20,4 Sverdrup,3 Sverdrup,10 Sverdrup,20 Sverdrup,0.2,0.2,3.6
HIGH PROD,11600.0,231.66043143231977,4953,3015,2216,5178,3333,2822,111.59079417020388,76.18613802547473,65.10394494776563,2194.8067596806018,2310.8989228686473,2388.4806366057496,2340.709296134259,2387.954831136963,2438.755518055306,2100.783899528659,2321.9445568271867,2,20,4 Sverdrup,3 Sverdrup,10 Sverdrup,20 Sverdrup,0.2,0.2,3.6
HIGH PROD,11700.0,231.65881379280046,4953,3014,2217,5179,3332,2822,111.59672552925842,76.18309630597464,65.1136309473516,2194.8456920051017,2310.922403543269,2388.5303443142016,2340.7564396624152,2387.9712019915014,2438.8238354031437,2100.8238927231173,2321.993286822999,2,20,4 Sverdrup,3 Sverdrup,10 Sverdrup,20 Sverdrup,0.2,0.2,3.6
HIGH PROD,11800.0,231.6566913863668,4953,3014,2218,5179,3332,2823,111.602831596895,76.18203331544981,65.12375700963186,2194.8851289046875,2310.9497324750405,2388.580971241931,2340.804358913839,2387.995150616078,2438.8939797717235,2100.865187145788,2322.044074117846,2,20,4 Sverdrup,3 Sverdrup,10 Sverdrup,20 Sverdrup,0.2,0.2,3.6
HIGH PROD,11900.0,231.65427272040944,4954,3014,2219,5179,3332,2824,111.6090716472673,76.18109744809395,65.1335759173637,2194.9249025738604,2310.9773602782907,2388.6309507459982,2340.8528245637426,2388.019610688316,2438.962817363989,2100.906694005826,2322.095355408093,2,20,4 Sverdrup,3 Sverdrup,10 Sverdrup,20 Sverdrup,0.2,0.2,3.6
HIGH PROD,12000.0,231.65195281237354,4954,3014,2219,5179,3332,2824,111.61534737549252,76.17832043504644,65.13977002333183,2194.96455829877,2311.0014923911594,2388.673262535916,2340.9012359913822,2388.037077765296,2439.0163877671607,2100.9453965168545,2322.1429403592992,2,20,4 Sverdrup,3 Sverdrup,10 Sverdrup,20 Sverdrup,0.2,0.2,3.6
HIGH PROD,12100.0,231.65022502908286,4954,3014,2219,5180,3332,2824,111.62150114883444,76.17810882025563,65.14056543607168,2195.003508268066,2311.0304109899034,2388.7041778393245,2340.948765703598,2388.064257094391,2439.0473343610224,2100.980554049536,2322.1855022065947,2,20,4 Sverdrup,3 Sverdrup,10 Sverdrup,20 Sverdrup,0.2,0.2,3.6
HIGH PROD,12200.0,231.6491833783595,4954,3014,2219,5180,3332,2824,111.62744650107962,76.18176901797109,65.1405100375472,2195.041684872821,2311.0663992069303,2388.733282628986,2340.9952064090744,2388.105786454888,2439.074831475154,2101.0158352736858,2322.2276647713416,2,20,4 Sverdrup,3 Sverdrup,10 Sverdrup,20 Sverdrup,0.2,0.2,3.6
HIGH PROD,12300.0,231.64888908463612,4955,3014,2219,5180,3332,2824,111.63311925302793,76.18297135517156,65.14042442522887,2195.079131812989,2311.097418249591,2388.762163734246,2341.0404921021327,2388.137605047513,2439.102033684658,2101.050743225535,2322.2686889574625,2,20,4 Sverdrup,3 Sverdrup,10 Sverdrup,20 Sverdrup,0.2,0.2,3.6
HIGH PROD,12400.0,231.64926028138046,4955,3015,2219,5180,3333,2824,111.63849526233618,76.18623542133422,65.14030690178812,2195.115993882589,2311.1322566725116,2388.790861253755,2341.0847211527293,2388.17725367061,2439.1289855790974,2101.0857670109854,2322.309304176477,2,20,4 Sverdrup,3 Sverdrup,10 Sverdrup,20 Sverdrup,0.2,0.2,3.6
HIGH PROD,12500.0,231.65010357792096,4955,3015,2219,5181,3333,2824,111.64359262924027,76.1946413820382,65.13980229972033,2195.152482870322,2311.1766785649725,2388.818678697983,2341.1281267772633,2388.2361845986015,2439.154248330034,2101.121297575455,2322.350174388099,2,20,4 Sverdrup,3 Sverdrup,10 Sverdrup,20 Sverdrup,0.2,0.2,3.6
HIGH PROD,12600.0,231.65138441447635,4955,3016,2219,5181,3334,2824,111.64840368473476,76.20156261427618,65.13909405058132,2195.188599641798,2311.2180982700156,2388.8460220040733,2341.1706964766768,2388.2891767236424,2439.1786236970543,2101.1560807295746,2322.3897231388587,2,20,4 Sverdrup,3 Sverdrup,10 Sverdrup,20 Sverdrup,0.2,0.2,3.6
HIGH PROD,12700.0,231.65319153727995,4955,3016,2219,5181,3334,2824,111.65288659625564,76.20910015492652,65.13688980049281,2195.224166454169,2311.2606904067056,2388.870147809025,2341.212189937267,2388.3445761086937,2439.196646225494,2101.189356005102,2322.426925031272,2,20,4 Sverdrup,3 Sverdrup,10 Sverdrup,20 Sverdrup,0.2,0.2,3.6
HIGH PROD,12800.0,231.65574486232754,4956,3016,2219,5181,3334,2824,111.65688732262589,76.21326657728223,65.13512812827926,2195.258828995253,2311.2967874675387,2388.8951215800466,2341.2520106383986,2388.387086373903,2439.2164938594633,2101.221358003257,2322.4619213158344,2,20,4 Sverdrup,3 Sverdrup,10 Sverdrup,20 Sverdrup,0.2,0.2,3.6
HIGH PROD,12900.0,231.6588701068231,4956,3017,2219,5181,3335,2824,111.6604612250239,76.2166096600588,65.13394154474838,2195.2926926887385,2311.331290895604,2388.921174153023,2341.2903525528077,2388.426505181705,2439.2386111278424,2101.252759388237,2322.495713073353,2,20,4 Sverdrup,3 Sverdrup,10 Sverdrup,20 Sverdrup,0.2,0.2,3.6
HIGH PROD,13000.0,231.66236226972893,4956,3017,2219,5182,3335,2824,111.66369665548731,76.21968014751931,65.13321422888788,2195.3259301753624,2311.3652079429603,2388.9480930599834,2341.327528979319,2388.464833109776,2439.2625516595044,2101.283750620132,2322.528708800398,2,20,4 Sverdrup,3 Sverdrup,10 Sverdrup,20 Sverdrup,0.2,0.2,3.6
HIGH PROD,13100.0,231.66613579822817,4956,3017,2219,5182,3335,2824,111.66662475975927,76.22249412206102,65.13285340668516,2195.358594126615,2311.3985651275725,2388.975687312983,2341.3636425014697,2388.5021233685206,2439.2879319540466,2101.3143572535673,2322.561009598532,2,20,4 Sverdrup,3 Sverdrup,10 Sverdrup,20 Sverdrup,0.2,0.2,3.6
HIGH PROD,13200.0,231.670244871533,4956,3017,2219,5182,3335,2824,111.66923703808229,76.22284011811776,65.13263981389662,2195.3905851080403,2311.427147371274,2389.003475538516,2341.3985834952423,2388.529980103243,2439.313814346554,2101.3439342377155,2322.5917446380663,2,20,4 Sverdrup,3 Sverdrup,10 Sverdrup,20 Sverdrup,0.2,0.2,3.6
HIGH PROD,13300.0,231.67477620163433,4956,3017,2219,5182,3335,2824,111.67150631314682,76.22253552729754,65.1317271055116,2195.421766734035,2311.4543725691456,2389.02965853647,2341.4321758959227,2388.555289512301,2439.336632906838,2101.372212640235,2322.620499526115,2,20,4 Sverdrup,3 Sverdrup,10 Sverdrup,20 Sverdrup,0.2,0.2,3.6
HIGH PROD,13400.0,231.67962424298966,4956,3017,2218,5182,3335,2824,111.6734658023363,76.22364087101892,65.13072237383665,2195.4522616148192,2311.4841160751557,2389.0555305712483,2341.464593108967,2388.585800094746,2439.358965584712,2101.4002441103444,2322.6487012459334,2,20,4 Sverdrup,3 Sverdrup,10 Sverdrup,20 Sverdrup,0.2,0.2,3.6
HIGH PROD,13500.0,231.68460274054698,4957,3017,2218,5182,3335,2824,111.67519064920873,76.2238195803457,65.13102316052354,2195.4823235519775,2311.511973931439,2389.0840400409443,2341.496204036724,2388.6126595746946,2439.3866751576898,2101.428753043666,2322.6774199630654,2,20,4 Sverdrup,3 Sverdrup,10 Sverdrup,20 Sverdrup,0.2,0.2,3.6
HIGH PROD,13600.0,231.68973566782583,4957,3017,2218,5182,3335,2824,111.67669687298982,76.22519946701183,65.13064446787747,2195.5119472519664,2311.542003219848,2389.1110025356766,2341.527029945981,2388.643979529435,2439.4113998276275,2101.456804751429,2322.7054299473957,2,20,4 Sverdrup,3 Sverdrup,10 Sverdrup,20 Sverdrup,0.2,0.2,3.6
HIGH PROD,13700.0,231.6952033825267,4957,3017,2218,5182,3335,2824,111.67794153474097,76.22326451619128,65.12988630006166,2195.540935772169,2311.565593560998,2389.1370422427917,2341.5568100921696,2388.6625832900327,2439.4344256210097,2101.483514830294,2322.731458856773,2,20,4 Sverdrup,3 Sverdrup,10 Sverdrup,20 Sverdrup,0.2,0.2,3.6
HIGH PROD,13800.0,231.7007698492725,4957,3017,2218,5182,3335,2824,111.67900332677276,76.22202428233503,65.13028999835991,2195.5695861586096,2311.590435902499,2389.1654233445156,2341.5859613441676,2388.683800851977,2439.4622361943875,2101.5109523035653,2322.7583542143743,2,20,4 Sverdrup,3 Sverdrup,10 Sverdrup,20 Sverdrup,0.2,0.2,3.6
HIGH PROD,13900.0,231.70628529333348,4957,3017,2218,5182,3335,2824,111.6799536362145,76.22351807020763,65.13076404750925,2195.598109615559,2311.620386998249,2389.193867265958,2341.614805167187,2388.7152924116294,2439.4902415688534,2101.5390204541523,2322.7860952647443,2,20,4 Sverdrup,3 Sverdrup,10 Sverdrup,20 Sverdrup,0.2,0.2,3.6
HIGH PROD,14000.0,231.71180952617723,4957,3017,2218,5182,3335,2824,111.68080363406696,76.22576831646323,65.13056697915808,2195.626475202445,2311.6516858978525,2389.2208349403754,2341.643330159747,2388.7495285773443,2439.515368465783,2101.5668197483274,2322.813476586631,2,20,4 Sverdrup,3 Sverdrup,10 Sverdrup,20 Sverdrup,0.2,0.2,3.6
HIGH PROD,14100.0,231.7177632938601,4957,3017,2218,5182,3335,2824,111.68143052447215,76.22435329500654,65.12855015407584,2195.6542029411926,2311.6759012532725,2389.2438586927074,2341.6708705405626,2388.769745447619,2439.532759603184,2101.592259474128,2322.8374850853975,2,20,4 Sverdrup,3 Sverdrup,10 Sverdrup,20 Sverdrup,0.2,0.2,3.6
HIGH PROD,14200.0,231.723980346706,4957,3017,2218,5182,3335,2823,111.68186975081407,76.2233692458484,65.12723813042446,2195.6815016586716,2311.7008622571007,2389.268276404891,2341.6976866789546,2388.7915764913114,2439.5530553186286,2101.6180192576,2322.8617033075548,2,20,4 Sverdrup,3 Sverdrup,10 Sverdrup,20 Sverdrup,0.2,0.2,3.6
HIGH PROD,14300.0,231.73030531506492,4957,3017,2218,5182,3335,2823,111.68217258418925,76.2227027810476,65.1267084501567,2195.708578672951,2311.726346417887,2389.294243533631,2341.724062833067,2388.8145299999546,2439.5765304111073,2101.6443010045477,2322.886501202423,2,20,4 Sverdrup,3 Sverdrup,10 Sverdrup,20 Sverdrup,0.2,0.2,3.6
HIGH PROD,14400.0,231.7368804336448,4957,3017,2218,5182,3335,2823,111.68229987605037,76.2244459197212,65.12430876665658,2195.735265488465,2311.756288398211,2389.316181193843,2341.7497715438844,2388.846499191143,2439.5920528521274,2101.669588145479,2322.9098157400986,2,20,4 Sverdrup,3 Sverdrup,10 Sverdrup,20 Sverdrup,0.2,0.2,3.6
HIGH PROD,14500.0,231.7434937363696,4957,3017,2218,5182,3335,2823,111.68232320280856,76.22671328105676,65.12299874694286,2195.7618410377972,2311.78715299331,2389.340377391487,2341.7752003341557,2388.8803522780854,2439.612149555139,2101.6957645740235,2322.9342404326917,2,20,4 Sverdrup,3 Sverdrup,10 Sverdrup,20 Sverdrup,0.2,0.2,3.6
HIGH PROD,14600.0,231.75017470622612,4957,3017,2218,5182,3335,2823,111.68225056758332,76.22518555812583,65.12267388337102,2195.7882911104552,2311.8108076836634,2389.3665646520644,2341.800348487411,2388.899811492702,2439.6362841374,2101.7217645516816,2322.9583819182485,2,20,4 Sverdrup,3 Sverdrup,10 Sverdrup,20 Sverdrup,0.2,0.2,3.6
HIGH PROD,14700.0,231.75678590556157,4957,3017,2218,5182,3335,2823,111.6821341926488,76.22623957264571,65.12246469632572,2195.814763870101,2311.8394075026376,2389.3929511347583,2341.8254455314436,2388.9291481637347,2439.6608457181223,2101.7483186913964,2322.9832956293576,2,20,4 Sverdrup,3 Sverdrup,10 Sverdrup,20 Sverdrup,0.2,0.2,3.6
HIGH PROD,14800.0,231.76327961871874,4957,3017,2218,5182,3335,2823,111.68200909035774,76.22798137445369,65.1223934962772,2195.8413227907495,2311.869308574579,2389.4196111899455,2341.850610658093,2388.9610513747184,2439.6859693421497,2101.77518667854,2323.00870497386,2,20,4 Sverdrup,3 Sverdrup,10 Sverdrup,20 Sverdrup,0.2,0.2,3.6
HIGH PROD,14900.0,231.76972818700344,4957,3017,2218,5182,3335,2823,111.68187072822782,76.22828008043523,65.12235134982068,2195.8678905485135,2311.896495491305,2389.446306474439,2341.875762007284,2388.987501365915,2439.7111879021977,2101.801786135753,2323.0338069022055,2,20,4 Sverdrup,3 Sverdrup,10 Sverdrup,20 Sverdrup,0.2,0.2,3.6
HIGH PROD,15000.0,231.77608644155157,4957,3017,2218,5182,3335,2823,111.68174357905849,76.22944807354858,65.12239059930373,2195.894526633145,2311.925378008123,2389.4731606980554,2341.9009977024552,2389.017308169554,2439.7367360686776,2101.8286673143853,2323.059345153233,2,20,4 Sverdrup,3 Sverdrup,10 Sverdrup,20 Sverdrup,0.2,0.2,3.6
HIGH PROD,15100.0,231.7824234944487,4957,3017,2218,5182,3335,2823,111.68161641940404,76.22932886191296,65.12241945891643,2195.921159020953,2311.9518306367436,2389.499972136279,2341.926229763266,2389.042237706411,2439.762219461639,2101.8552864413864,2323.084564177292,2,20,4 Sverdrup,3 Sverdrup,10 Sverdrup,20 Sverdrup,0.2,0.2,3.6
HIGH PROD,15200.0,231.78868995206685,4957,3018,2218,5182,3335,2823,111.68150883116573,76.23019447068042,65.12250297423704,2195.9478508443644,2311.980187594606,2389.526890514069,2341.9515516281026,2389.0709511186624,2439.787924777371,2101.8821914651244,2323.110208176451,2,20,4 Sverdrup,3 Sverdrup,10 Sverdrup,20 Sverdrup,0.2,0.2,3.6
HIGH PROD,15300.0,231.7949510991502,4957,3018,2218,5182,3335,2823,111.68140617069724,76.2298590766977,65.12255820427607,2195.97453270178,2312.0062664919105,2389.5537323247445,2341.9768721029554,2389.095100617772,2439.81349431185,2101.908837573702,2323.135523665312,2,20,4 Sverdrup,3 Sverdrup,10 Sverdrup,20 Sverdrup,0.2,0.2,3.6
HIGH PROD,15400.0,231.8011543287391,4957,3018,2218,5182,3335,2823,111.68132568569764,76.23057178313854,65.12265645413908,2196.0012697307816,2312.034360004204,2389.580659981716,2342.002282645389,2389.1232632226884,2439.839240440545,2101.9357725076557,2323.1612572874583,2,20,4 Sverdrup,3 Sverdrup,10 Sverdrup,20 Sverdrup,0.2,0.2,3.6
HIGH PROD,15500.0,231.80736231122827,4957,3018,2218,5182,3335,2823,111.68125117320554,76.23013000886812,65.12271914707297,2196.027994002493,2312.06025574195,2389.607498725776,2342.027690861202,2389.1470296077796,2439.864823254592,2101.9624510179297,2323.1866571574865,2,20,4 Sverdrup,3 Sverdrup,10 Sverdrup,20 Sverdrup,0.2,0.2,3.6
HIGH PROD,15600.0,231.81352036484438,4957,3018,2218,5182,3335,2823,111.68119885443527,76.23077025955327,65.12282057327549,2196.054771618342,2312.0882244750023,2389.6344168853725,2342.0531874176186,2389.1749313530972,2439.8905672476767,2101.989419983523,2323.2124705988067,2,20,4 Sverdrup,3 Sverdrup,10 Sverdrup,20 Sverdrup,0.2,0.2,3.6
HIGH PROD,15700.0,231.81968949879058,4957,3018,2218,5182,3335,2823,111.68115186909931,76.23028081661597,65.12288416905454,2196.081535187391,2312.11403793615,2389.6612436052037,2342.078679334349,2389.198525886405,2439.9161405898353,2102.016133165562,2323.2379458726064,2,20,4 Sverdrup,3 Sverdrup,10 Sverdrup,20 Sverdrup,0.2,0.2,3.6
HIGH PROD,15800.0,231.825813724838,4957,3018,2218,5182,3335,2823,111.68112603210251,76.23089121524491,65.12298553699608,2196.1083510199687,2312.141955237873,2389.688149691392,2342.1042568030493,2389.2263202315085,2439.9418729884255,2102.043136471647,2323.2638302231517,2,20,4 Sverdrup,3 Sverdrup,10 Sverdrup,20 Sverdrup,0.2,0.2,3.6
HIGH PROD,15900.0,231.83215344368827,4957,3018,2218,5182,3335,2823,111.68103533774006,76.2303631816402,65.12164480024886,2196.1349046976593,2312.167647448114,2389.711986638749,2342.129474203054,2389.249723212366,2439.961518566541,2102.068749778522,2323.287756027571,2,20,4 Sverdrup,3 Sverdrup,10 Sverdrup,20 Sverdrup,0.2,0.2,3.6
HIGH PROD,16000.0,231.838692096039,4957,3018,2218,5182,3335,2823,111.68086501594472,76.23090479937763,65.11990836949386,2196.161210351593,2312.195312725689,2389.7349713025133,2342.1543209704137,2389.27714192907,2439.979508536711,2102.0941657511594,2323.3112733056287,2,20,4 Sverdrup,3 Sverdrup,10 Sverdrup,20 Sverdrup,0.2,0.2,3.6
HIGH PROD,16100.0,231.84534380671698,4957,3018,2218,5182,3335,2823,111.68063193178769,76.23029811370353,65.11898598210203,2196.187381295331,2312.2207437688176,2389.7596381174544,2342.1789339581583,2389.3001412778776,2440.0008925401166,2102.119853478518,2323.335047706966,2,20,4 Sverdrup,3 Sverdrup,10 Sverdrup,20 Sverdrup,0.2,0.2,3.6
HIGH PROD,16200.0,231.85231469789278,4957,3018,2217,5182,3335,2823,111.68025969556126,76.23073480231062,65.11620695391134,2196.2131555441815,2312.248068846431,2389.780334222588,2342.202933856845,2389.3270293167384,2440.0144081415892,2102.144204750674,2323.35684840554,2,20,4 Sverdrup,3 Sverdrup,10 Sverdrup,20 Sverdrup,0.2,0.2,3.6
HIGH PROD,16300.0,231.85946699859156,4957,3018,2217,5182,3335,2823,111.67977424966574,76.22999498074344,65.1145048878409,2196.2386909802035,2312.27308250988,2389.8032706949652,2342.2265160419424,2389.349368825395,2440.0324520574754,2102.168883545752,2323.3789322181806,2,20,4 Sverdrup,3 Sverdrup,10 Sverdrup,20 Sverdrup,0.2,0.2,3.6
HIGH PROD,16400.0,231.866543489098,4957,3018,2217,5182,3335,2823,111.67925769253908,76.23031739572839,65.11414465797318,2196.264294616282,2312.300120732737,2389.8290019973138,2342.250112060219,2389.375759179958,2440.0560827444,2102.1947318209586,2323.402577857202,2,20,4 Sverdrup,3 Sverdrup,10 Sverdrup,20 Sverdrup,0.2,0.2,3.6
HIGH PROD,16500.0,231.87360508248113,4957,3017,2217,5182,3335,2822,111.67870523364368,76.22948926701292,65.11377546757258,2196.2898817937016,2312.324965401341,2389.854681901094,2342.273632137279,2389.3977642257837,2440.079622134283,2102.220259959831,2323.425825526951,2,20,4 Sverdrup,3 Sverdrup,10 Sverdrup,20 Sverdrup,0.2,0.2,3.6
HIGH PROD,16600.0,231.88047378409158,4957,3018,2217,5182,3336,2822,111.67818379940032,76.23196814668651,65.11360178399984,2196.3156548307197,2312.3561270286646,2389.88079260613,2342.2973825240033,2389.4323569011285,2440.1040016302186,2102.2466996902876,2323.4504020531076,2,20,4 Sverdrup,3 Sverdrup,10 Sverdrup,20 Sverdrup,0.2,0.2,3.6
HIGH PROD,16700.0,231.8871815195733,4957,3018,2217,5182,3336,2822,111.67770774166567,76.23373081632457,65.11355550357966,2196.3415977122286,2312.385937824109,2389.9071859472174,2342.321371430572,2389.4641938677696,2440.128926371279,2102.273251817732,2323.4752465496654,2,20,4 Sverdrup,3 Sverdrup,10 Sverdrup,20 Sverdrup,0.2,0.2,3.6
HIGH PROD,16800.0,231.8937609868981,4957,3018,2217,5182,3336,2822,111.67728276823675,76.23495508496956,65.11358804419793,2196.367684818726,2312.4147909872695,2389.933758834423,2342.3455838546142,2389.494063854246,2440.154192876866,2102.2998562709436,2323.5002607489837,2,20,4 Sverdrup,3 Sverdrup,10 Sverdrup,20 Sverdrup,0.2,0.2,3.6
HIGH PROD,16900.0,231.900239370845,4957,3018,2217,5182,3336,2822,111.6769098204562,76.23579545001257,65.11366674757838,2196.393892329624,2312.44296810793,2389.9604414410146,2342.369998563937,2389.5225368446804,2440.1796638132128,2102.3264956821795,2323.5254010719877,2,20,4 Sverdrup,3 Sverdrup,10 Sverdrup,20 Sverdrup,0.2,0.2,3.6
HIGH PROD,17000.0,231.90663817974857,4957,3018,2217,5182,3336,2822,111.67658690902124,76.23636398572117,65.11377008111016,2196.4201988773857,2312.470670700741,2389.9871871306004,2342.394591792261,2389.550024594723,2440.205248092337,2102.353157483185,2323.5506346624284,2,20,4 Sverdrup,3 Sverdrup,10 Sverdrup,20 Sverdrup,0.2,0.2,3.6
HIGH PROD,17100.0,231.91297404371687,4957,3018,2217,5182,3336,2822,111.67631048639007,76.2367419903872,65.11388428866726,2196.446586206828,2312.4980425429544,2390.013965433351,2342.4193401155467,2389.5768236337944,2440.2308868417,2102.3798345830623,2323.5759393238955,2,20,4 Sverdrup,3 Sverdrup,10 Sverdrup,20 Sverdrup,0.2,0.2,3.6
HIGH PROD,17200.0,231.9192597864294,4957,3018,2217,5182,3336,2822,111.67607632081842,76.23698820243308,65.11400092913644,2196.473039471566,2312.5251858205575,2390.040757090803,2342.4442222442804,2389.603146529433,2440.256543433183,2102.406524363044,2323.6013014236137,2,20,4 Sverdrup,3 Sverdrup,10 Sverdrup,20 Sverdrup,0.2,0.2,3.6
HIGH PROD,17300.0,231.9255052835466,4957,3018,2217,5182,3336,2823,111.67588005075561,76.23714482019972,65.11411517163602,2196.4995470687745,2312.5521729895904,2390.0675505401105,2342.4692197771637,2389.6291450768085,2440.2821964003815,2102.433226855222,2323.6267129205235,2,20,4 Sverdrup,3 Sverdrup,10 Sverdrup,20 Sverdrup,0.2,0.2,3.6
HIGH PROD,17400.0,231.93171814221918,4957,3018,2217,5182,3336,2823,111.6757174883107,76.2372419790711,65.11422457944998,2196.5261001692843,2312.579055331723,2390.094339410845,2342.4943172580265,2389.6549272345737,2440.3078344145706,2102.459943179761,2323.652168922883,2,20,4 Sverdrup,3 Sverdrup,10 Sverdrup,20 Sverdrup,0.2,0.2,3.6
HIGH PROD,17500.0,231.93790422171324,4957,3018,2217,5182,3336,2823,111.67558477002824,76.23730104842379,65.11432825828928,2196.5526921354217,2312.605869077073,2390.121120751381,2342.5195018706,2389.680569426405,2440.333452746899,2102.4866745600502,2323.6776660839596,2,20,4 Sverdrup,3 Sverdrup,10 Sverdrup,20 Sverdrup,0.2,0.2,3.6
HIGH PROD,17600.0,231.94406803201312,4957,3018,2217,5182,3336,2823,111.67547841755203,76.23733705174332,65.11442626718086,2196.5793179602206,2312.6326397612684,2390.1478937849697,2342.544763003325,2389.706125439786,2440.3590508052957,2102.513421838611,2323.7032017006645,2,20,4 Sverdrup,3 Sverdrup,10 Sverdrup,20 Sverdrup,0.2,0.2,3.6
HIGH PROD,17700.0,231.95021304087174,4957,3018,2217,5182,3336,2823,111.67539534801382,76.23736043806133,65.11451921742834,2196.605973796102,2312.6593853155705,2390.1746590498037,2342.5700918157877,2389.7316328450624,2440.3846304454078,2102.5401853266735,2323.728773285828,2,20,4 Sverdrup,3 Sverdrup,10 Sverdrup,20 Sverdrup,0.2,0.2,3.6
HIGH PROD,17800.0,231.95634191167053,4957,3018,2217,5182,3336,2823,111.6753328581039,76.23737837506773,65.11460800512562,2196.6326565937425,2312.686118256039,2390.201417815554,2342.5954808665997,2389.757117617734,2440.410194834764,2102.566964838329,2323.75437841648,2,20,4 Sverdrup,3 Sverdrup,10 Sverdrup,20 Sverdrup,0.2,0.2,3.6
HIGH PROD,17900.0,231.9624566882452,4957,3018,2217,5182,3336,2823,111.67528859559579,76.23739569045397,65.11469363753629,2196.659363844676,2312.712847235972,2390.228171696908,2342.62092381952,2389.7825974640273,2440.435747708287,2102.593759805204,2323.780014720626,2,20,4 Sverdrup,3 Sverdrup,10 Sverdrup,20 Sverdrup,0.2,0.2,3.6
HIGH PROD,18000.0,231.96855893858773,4957,3018,2217,5182,3336,2823,111.67526052593223,76.23741555513044,65.11477712462995,2196.6860934089896,2312.7395781498703,2390.254922405693,2342.646415222699,2389.808084212829,2440.461292897194,2102.6205694094206,2323.805679918804,2,20,4 Sverdrup,3 Sverdrup,10 Sverdrup,20 Sverdrup,0.2,0.2,3.6
HIGH PROD,18100.0,231.9746498664387,4957,3018,2217,5182,3336,2823,111.67524689790045,76.23743997740144,65.11485941516243,2196.7128434066162,2312.7663149217283,2390.281671599045,2342.671950347225,2389.8335855360147,2440.4868340460057,2102.647392702996,2323.831371875344,2,20,4 Sverdrup,3 Sverdrup,10 Sverdrup,20 Sverdrup,0.2,0.2,3.6
HIGH PROD,18200.0,231.98073039773735,4957,3018,2217,5182,3336,2823,111.67524621044848,76.23747015894625,65.11494136263057,2196.7396121526467,2312.793060070653,2390.3084207929646,2342.6975250696782,2389.859106185551,2440.5123744566317,2102.6742287010684,2323.857088638767,2,20,4 Sverdrup,3 Sverdrup,10 Sverdrup,20 Sverdrup,0.2,0.2,3.6
HIGH PROD,18300.0,231.98680124739278,4957,3018,2217,5182,3336,2823,111.67525718161896,76.23750674997517,65.11502371076654,2196.7663981209585,2312.819815118711,2390.335171319421,2342.723135785303,2389.884648882493,2440.537917016296,2102.701076447099,2323.8828284648134,2,20,4 Sverdrup,3 Sverdrup,10 Sverdrup,20 Sverdrup,0.2,0.2,3.6
HIGH PROD,18400.0,231.99286297067553,4957,3018,2217,5182,3336,2823,111.67527872001268,76.23755003098417,65.11510709137458,2196.7931999246243,2312.8465808862607,2390.3619243116455,2342.7487793414707,2389.9102149548003,2440.5634641790593,2102.727935053461,2323.9085898226704,2,20,4 Sverdrup,3 Sverdrup,10 Sverdrup,20 Sverdrup,0.2,0.2,3.6
HIGH PROD,18500.0,231.9989160026241,4957,3018,2217,5182,3336,2823,111.67530989891708,76.23760004121738,65.1151920295703,2196.8200163052184,2312.8733577064036,2390.3886807069607,2342.774452984119,2389.935804793565,2440.5890179800726,2102.754803722674,2323.9343713879584,2,20,4 Sverdrup,3 Sverdrup,10 Sverdrup,20 Sverdrup,0.2,0.2,3.6
HIGH PROD,18600.0,232.00496068814107,4957,3018,2217,5182,3336,2823,111.67534993308391,76.23765666856627,65.11527895308924,2196.846846126044,2312.9001455808216,2390.41544125986,2342.800154312376,2389.961418177745,2440.614580068392,2102.7816817547027,2323.960172026738,2,20,4 Sverdrup,3 Sverdrup,10 Sverdrup,20 Sverdrup,0.2,0.2,3.6
HIGH PROD,18700.0,232.0109973048816,4957,3018,2217,5182,3336,2823,111.67539815806177,76.23771971168016,65.11536820346976,2196.8736883664133,2312.9269442927707,2390.442206560466,2342.825881238477,2389.987054503585,2440.6401517489526,2102.80856854498,2323.985990774376,2,20,4 Sverdrup,3 Sverdrup,10 Sverdrup,20 Sverdrup,0.2,0.2,3.6
HIGH PROD,18800.0,232.01702607972425,4957,3018,2217,5182,3336,2823,111.67545401261131,76.23778892244535,65.11546004777804,2196.9005421156658,2312.953753488633,2390.468977055204,2342.8516319513524,2390.0127129449725,2440.6657340276247,2102.8354635775277,2324.0118268123388,2,20,4 Sverdrup,3 Sverdrup,10 Sverdrup,20 Sverdrup,0.2,0.2,3.6
HIGH PROD,18900.0,232.02304720376347,4957,3018,2217,5182,3336,2823,111.67551702094701,76.23786403324439,65.11555468968403,2196.927406565809,2312.9805727359885,2390.4957530675106,2342.877404883113,2390.0383925637316,2440.69132765553,2102.862366412634,2324.037679445041,2,20,4 Sverdrup,3 Sverdrup,10 Sverdrup,20 Sverdrup,0.2,0.2,3.6
HIGH PROD,19000.0,232.02906084241155,4957,3018,2217,5182,3336,2823,111.67558677916007,76.23794477509475,65.11565227988109,2196.9542810033754,2313.0074015644386,2390.522534817503,2342.903198678116,2390.064092383866,2440.716933170439,2102.8892766758972,2324.0635480781843,2,20,4 Sverdrup,3 Sverdrup,10 Sverdrup,20 Sverdrup,0.2,0.2,3.6
HIGH PROD,19100.0,232.0350671388904,4957,3018,2217,5182,3336,2823,111.67566294636977,76.23803089004097,65.11575292571375,2196.9811648013115,2313.034239493951,2390.549322440162,2342.9290121645527,2390.0898114400234,2440.7425509341556,2102.916194050237,2324.0894321993846,2,20,4 Sverdrup,3 Sverdrup,10 Sverdrup,20 Sverdrup,0.2,0.2,3.6
HIGH PROD,19200.0,232.04106622259772,4957,3018,2217,5182,3336,2823,111.67574523099522,76.23812213593924,65.11585669891208,2197.0080574095314,2313.0610860534553,2390.576116001186,2342.9548443285653,2390.1155488074664,2440.7681811653124,2102.943118261654,2324.1153313613795,2,20,4 Sverdrup,3 Sverdrup,10 Sverdrup,20 Sverdrup,0.2,0.2,3.6
HIGH PROD,19300.0,232.04705821257144,4957,3018,2217,5182,3336,2823,111.67583338312689,76.23821828991139,65.11596364263143,2197.034958345834,2313.0879407926163,2390.6029155108304,2342.980694290938,2390.1413036191584,2440.7938239676055,2102.9700490714667,2324.1412451679093,2,20,4 Sverdrup,3 Sverdrup,10 Sverdrup,20 Sverdrup,0.2,0.2,3.6
HIGH PROD,19400.0,232.0530432203031,4957,3018,2217,5182,3336,2823,111.67592718715076,76.23831914923298,65.11607377728785,2197.0618671871166,2313.1148032886244,2390.629720935676,2343.006561286326,2390.1670750739413,2440.819479353702,2102.996986268551,2324.1671732621003,2,20,4 Sverdrup,3 Sverdrup,10 Sverdrup,20 Sverdrup,0.2,0.2,3.6
HIGH PROD,19500.0,232.05902135179272,4957,3018,2217,5182,3336,2823,111.67602645555395,76.23842453088074,65.11618710540878,2197.0887835610947,2313.141673149447,2390.6565322085,2343.0324446449804,2390.1928624387147,2440.845147265179,2103.023929662919,2324.1931153171167,2,20,4 Sverdrup,3 Sverdrup,10 Sverdrup,20 Sverdrup,0.2,0.2,3.6
HIGH PROD,19600.0,232.06499270901972,4957,3018,2217,5182,3336,2823,111.6761310237629,76.23853427028487,65.11630361562014,2197.1157071387065,2313.1685500146205,2390.683349236426,2343.0583437768487,2390.218665046735,2440.8708275889603,2103.0508790805507,2324.219071028782,2,20,4 Sverdrup,3 Sverdrup,10 Sverdrup,20 Sverdrup,0.2,0.2,3.6
HIGH PROD,19700.0,232.07095739097804,4957,3018,2217,5182,3336,2823,111.67624074586924,76.2386482196605,65.11642328588734,2197.1426376272825,2313.195433554421,2390.710171907568,2343.0842581578927,2390.2444822935277,2440.896520170688,2103.077834359314,2324.245040109854,2,20,4 Sverdrup,3 Sverdrup,10 Sverdrup,20 Sverdrup,0.2,0.2,3.6
HIGH PROD,19800.0,232.07691549439102,4957,3018,2217,5182,3336,2823,111.67635549111186,76.23876624616581,65.11654608612554,2197.1695747645167,2313.2223234680005,2390.737000096383,2343.1101873184407,2390.270313631491,2440.922224825491,2103.1047953458233,2324.271022285679,2,20,4 Sverdrup,3 Sverdrup,10 Sverdrup,20 Sverdrup,0.2,0.2,3.6
HIGH PROD,19900.0,232.08285444824622,4957,3018,2217,5182,3336,2823,111.67647748725659,76.23972113254119,65.11669089515885,2197.1965321984158,2313.250815491145,2390.7638765757865,2343.1361481373915,2390.299347637588,2440.9480243318703,2103.1319441094497,2324.297262709558,2,20,4 Sverdrup,3 Sverdrup,10 Sverdrup,20 Sverdrup,0.2,0.2,3.6
HIGH PROD,20000.0,232.08884222963923,4957,3018,2217,5182,3336,2823,111.67659112691489,76.23762007624845,65.1167612614626,2197.2234373060387,2313.273505298913,2390.7905850577827,2343.1620445559447,2390.3167873050124,2440.9734983206013,2103.158383938465,2324.322553148976,2,20,4 Sverdrup,3 Sverdrup,10 Sverdrup,20 Sverdrup,0.2,0.2,3.6
HIGH PROD,20100.0,232.09484423510423,4957,3018,2217,5182,3336,2823,111.67669535903073,76.23812659946046,65.11682725656586,2197.2503082416374,2313.3011014389917,2390.8172791418224,2343.1878928012584,2390.3440557630497,2440.9989521997777,2103.185301012981,2324.3484488331583,2,20,4 Sverdrup,3 Sverdrup,10 Sverdrup,20 Sverdrup,0.2,0.2,3.6
HIGH PROD,20200.0,232.10082146355438,4957,3018,2217,5182,3336,2823,111.67680423276593,76.23851638262757,65.11692555911127,2197.277199312732,2313.3284737202307,2390.8440398920743,2343.213768117358,2390.3708798012717,2441.0245397161893,2103.2122546510636,2324.3744099402024,2,20,4 Sverdrup,3 Sverdrup,10 Sverdrup,20 Sverdrup,0.2,0.2,3.6
HIGH PROD,20300.0,232.10679360019358,4957,3018,2217,5182,3336,2823,111.67691480569451,76.2383029056044,65.1170275369156,2197.304094471178,2313.3546814335577,2390.8708063911713,2343.2396501488456,2390.3953763421596,2441.0501399969417,2103.239114406607,2324.4002524382972,2,20,4 Sverdrup,3 Sverdrup,10 Sverdrup,20 Sverdrup,0.2,0.2,3.6
HIGH PROD,20400.0,232.11281445531705,4957,3018,2217,5182,3336,2823,111.6770100439937,76.23787153733655,65.11706894296277,2197.3309249922336,2313.380529576538,2390.8974330478286,2343.2654445987146,2390.419171423857,2441.0754751065288,2103.2657741816483,2324.425807400757,2,20,4 Sverdrup,3 Sverdrup,10 Sverdrup,20 Sverdrup,0.2,0.2,3.6
HIGH PROD,20500.0,232.1188055745178,4957,3018,2217,5182,3336,2823,111.67710947408317,76.23844987009711,65.11715552623951,2197.3577809454046,2313.4082347210347,2390.9241552042195,2343.2912705605077,2390.446682796239,2441.1010006462934,2103.292736598758,2324.4517701059763,2,20,4 Sverdrup,3 Sverdrup,10 Sverdrup,20 Sverdrup,0.2,0.2,3.6
HIGH PROD,20600.0,232.12481548111097,4957,3018,2217,5182,3336,2823,111.67720399975633,76.23735815208552,65.11721316046187,2197.384614114153,2313.4328021825017,2390.9508088578855,2343.3170663349415,2390.4679252934543,2441.126396012572,2103.319312376579,2324.477222976418,2,20,4 Sverdrup,3 Sverdrup,10 Sverdrup,20 Sverdrup,0.2,0.2,3.6
HIGH PROD,20700.0,232.13082273332608,4957,3018,2217,5182,3336,2823,111.67729414914739,76.23812042891063,65.11728393239841,2197.4114375209133,2313.460839134731,2390.9774857618627,2343.342845655992,2390.496116065373,2441.151844318801,2103.346267351616,2324.5031658039325,2,20,4 Sverdrup,3 Sverdrup,10 Sverdrup,20 Sverdrup,0.2,0.2,3.6
HIGH PROD,20800.0,232.1368031357889,4957,3018,2217,5182,3336,2823,111.67739106395555,76.23874052205602,65.11738815190347,2197.4382901852996,2313.4886099343166,2391.0042339129227,2343.3686643207907,2390.523771619144,2441.1774330692506,2103.3732604593015,2324.529176949422,2,20,4 Sverdrup,3 Sverdrup,10 Sverdrup,20 Sverdrup,0.2,0.2,3.6
HIGH PROD,20900.0,232.1428234519856,4957,3018,2217,5182,3336,2823,111.67747760256243,76.23784011147406,65.11743648570082,2197.465094949062,2313.513521316277,2391.0308529350136,2343.394419598423,2390.545718884928,2441.2027754998444,2103.3998408084126,2324.5546298202557,2,20,4 Sverdrup,3 Sverdrup,10 Sverdrup,20 Sverdrup,0.2,0.2,3.6
HIGH PROD,21000.0,232.14880888192977,4957,3018,2217,5182,3336,2823,111.67757145324755,76.23858149507029,65.11753454016723,2197.4919331793103,2313.5415120381535,2391.057578887705,2343.4202193531587,2390.5738228511545,2441.2283298744715,2103.4268363892365,2324.580641739949,2,20,4 Sverdrup,3 Sverdrup,10 Sverdrup,20 Sverdrup,0.2,0.2,3.6
HIGH PROD,21100.0,232.15482973096675,4957,3018,2217,5182,3336,2823,111.67765578007891,76.23776263218808,65.11758345107322,2197.5187283574473,2313.5665688822173,2391.0841912382393,2343.4459617885195,2390.5960684652778,2441.25366732988,2103.4534234561984,2324.606103941988,2,20,4 Sverdrup,3 Sverdrup,10 Sverdrup,20 Sverdrup,0.2,0.2,3.6
HIGH PROD,21200.0,232.16082013405267,4957,3018,2217,5182,3336,2823,111.67774544181007,76.23860971638405,65.11767741839589,2197.5455500933554,2313.5947492107744,2391.1109000939496,2343.4717387819687,2390.6245606522734,2441.2791966848677,2103.4804207631146,2324.632115598133,2,20,4 Sverdrup,3 Sverdrup,10 Sverdrup,20 Sverdrup,0.2,0.2,3.6
HIGH PROD,21300.0,232.16683490198105,4957,3018,2217,5182,3336,2823,111.67782903813404,76.23783589267455,65.11773448547422,2197.5723413534497,2313.619883834265,2391.1375221847175,2343.497476283744,2390.6469686166815,2441.3045612384394,2103.5070220752186,2324.6576018869573,2,20,4 Sverdrup,3 Sverdrup,10 Sverdrup,20 Sverdrup,0.2,0.2,3.6
HIGH PROD,21400.0,232.17281202591064,4957,3018,2217,5182,3336,2823,111.67792162614454,76.23876315358103,65.1178427057641,2197.5991694572053,2313.648214506939,2391.1642548739333,2343.523264311548,2390.675765513671,2441.330144416031,2103.534051834863,2324.6836667856896,2,20,4 Sverdrup,3 Sverdrup,10 Sverdrup,20 Sverdrup,0.2,0.2,3.6
HIGH PROD,21500.0,232.1787675242589,4957,3018,2217,5182,3336,2823,111.6780249115342,76.23762435873594,65.11796619473839,2197.6260292147804,2313.672594736634,2391.1910195539012,2343.5491003590046,2390.6966541346806,2441.3557888327637,2103.5607522027626,2324.7093194469558,2,20,4 Sverdrup,3 Sverdrup,10 Sverdrup,20 Sverdrup,0.2,0.2,3.6
HIGH PROD,21600.0,232.18475070108005,4957,3018,2217,5182,3336,2823,111.67812217352864,76.23858746004002,65.1180539559529,2197.652851061157,2313.701064794504,2391.217703347506,2343.57489020585,2390.725730720106,2441.3812809917563,2103.587704327704,2324.7352875796937,2,20,4 Sverdrup,3 Sverdrup,10 Sverdrup,20 Sverdrup,0.2,0.2,3.6
HIGH PROD,21700.0,232.19077587981243,4957,3018,2217,5182,3336,2823,111.67820717164655,76.23746539021597,65.11808759110254,2197.679620547533,2313.725536501178,2391.2442617424617,2343.6006092012826,2390.7468234566536,2441.4065335435157,2103.614177957626,2324.760605066714,2,20,4 Sverdrup,3 Sverdrup,10 Sverdrup,20 Sverdrup,0.2,0.2,3.6
HIGH PROD,21800.0,232.19676702614336,4957,3018,2217,5182,3336,2823,111.67829611726273,76.23852138969957,65.11817462112793,2197.7064142708473,2313.7540871505907,2391.2709341690465,2343.626358276424,2390.7760768614685,2441.4320134375853,2103.641173978656,2324.786619126569,2,20,4 Sverdrup,3 Sverdrup,10 Sverdrup,20 Sverdrup,0.2,0.2,3.6
HIGH PROD,21900.0,232.20281925258763,4957,3018,2217,5182,3336,2823,111.6783652463786,76.23734132127466,65.11818253336165,2197.7331282239275,2313.7784309794793,2391.2974236610958,2343.6519975901488,2390.796936397718,2441.4571443880536,2103.6675686704484,2324.8118170140647,2,20,4 Sverdrup,3 Sverdrup,10 Sverdrup,20 Sverdrup,0.2,0.2,3.6
HIGH PROD,22000.0,232.20880168923526,4957,3018,2217,5182,3336,2823,111.67844988156816,76.23848169426739,65.1182855915251,2197.7599125202178,2313.807128377146,2391.3241203037755,2343.6777304929396,2390.8264966954494,2441.482682347899,2103.6946052236667,2324.8378902155446,2,20,4 Sverdrup,3 Sverdrup,10 Sverdrup,20 Sverdrup,0.2,0.2,3.6
HIGH PROD,22100.0,232.21488281526834,4957,3018,2217,5182,3336,2823,111.67850632290175,76.23579428567244,65.11825836548087,2197.78657974615,2313.8285543091747,2391.3505199578162,2343.7033037288916,2390.8415388442813,2441.507649563873,2103.7206737851498,2324.8626430679406,2,20,4 Sverdrup,3 Sverdrup,10 Sverdrup,20 Sverdrup,0.2,0.2,3.6
HIGH PROD,22200.0,232.22105383044664,4957,3018,2217,5182,3336,2823,111.67852051829746,76.23538233182883,65.11814748967817,2197.8131103645305,2313.854344045273,2391.376722348945,2343.7286757147,2390.8653489947446,2441.5322496933927,2103.746933793096,2324.8875846390342,2,20,4 Sverdrup,3 Sverdrup,10 Sverdrup,20 Sverdrup,0.2,0.2,3.6
HIGH PROD,22300.0,232.22712859453176,4957,3018,2217,5182,3336,2823,111.67854709078254,76.23718067880712,65.11817983677085,2197.839730341723,2313.8842140583956,2391.403233159222,2343.7541543082184,2390.897316261472,2441.5574577474235,2103.773934479614,2324.9135423543034,2,20,4 Sverdrup,3 Sverdrup,10 Sverdrup,20 Sverdrup,0.2,0.2,3.6
HIGH PROD,22400.0,232.23309815921306,4957,3018,2217,5182,3336,2823,111.67860907003315,76.23838179597468,65.11832702691866,2197.8664840016045,2313.913005966465,2391.4299979855014,2343.779820109684,2390.927098963761,2441.5831568066938,2103.801041308484,2324.9397156718237,2,20,4 Sverdrup,3 Sverdrup,10 Sverdrup,20 Sverdrup,0.2,0.2,3.6
HIGH PROD,22500.0,232.23916654250354,4957,3018,2217,5182,3336,2823,111.678652127953,76.2357884927767,65.11833161246011,2197.8931378958778,2313.9345817404,2391.4564434353633,2343.8053582896587,2390.9424618526164,2441.608237017232,2103.8271810134293,2324.9645687947996,2,20,4 Sverdrup,3 Sverdrup,10 Sverdrup,20 Sverdrup,0.2,0.2,3.6
HIGH PROD,22600.0,232.24532055867283,4957,3018,2217,5182,3336,2823,111.6786602125384,76.23544495353984,65.11825138123669,2197.919670442756,2313.96049427625,2391.482692570818,2343.8307219751746,2390.966529715208,2441.6329484738726,2103.8534946970904,2324.989592831203,2,20,4 Sverdrup,3 Sverdrup,10 Sverdrup,20 Sverdrup,0.2,0.2,3.6
HIGH PROD,22700.0,232.25137385631675,4957,3018,2217,5182,3336,2823,111.6786862173081,76.23729872287221,65.1183138653519,2197.9463017788717,2313.990458257777,2391.509251664184,2343.856210563343,2390.9986909345394,2441.658268197793,2103.880543957054,2325.0156306082818,2,20,4 Sverdrup,3 Sverdrup,10 Sverdrup,20 Sverdrup,0.2,0.2,3.6
HIGH PROD,22800.0,232.25731882853026,4957,3018,2218,5182,3336,2823,111.67875220004169,76.23853886419272,65.11848994995059,2197.9730732061203,2314.019324647284,2391.5360643469235,2343.881900132058,2391.0286244668187,2441.6840757869,2103.9076916108347,2325.04187710442,2,20,4 Sverdrup,3 Sverdrup,10 Sverdrup,20 Sverdrup,0.2,0.2,3.6
HIGH PROD,22900.0,232.26336036615018,4957,3018,2218,5182,3336,2823,111.67880290685396,76.2359789666631,65.11852189939509,2197.999748805375,2314.040961108336,2391.5625562044643,2343.907471940132,2391.04410808007,2441.7092597934766,2103.933868340074,2325.0668007403237,2,20,4 Sverdrup,3 Sverdrup,10 Sverdrup,20 Sverdrup,0.2,0.2,3.6
HIGH PROD,23000.0,232.26948598979916,4957,3018,2218,5182,3336,2823,111.67882156588867,76.23566040737067,65.11846739540867,2198.026305512435,2314.0669244390538,2391.5888497554274,2343.9328764999314,2391.0682755992607,2441.7340695852663,2103.9602152713046,2325.0918920174518,2,20,4 Sverdrup,3 Sverdrup,10 Sverdrup,20 Sverdrup,0.2,0.2,3.6
HIGH PROD,23100.0,232.27550985785822,4957,3018,2218,5182,3336,2823,111.67886047325766,76.23753705993215,65.11855399160319,2198.052962503337,2314.096932111598,2391.6154510321353,2343.95841128949,2391.100521859358,2441.75948200317,2103.987296120415,2325.1179958504395,2,20,4 Sverdrup,3 Sverdrup,10 Sverdrup,20 Sverdrup,0.2,0.2,3.6
HIGH PROD,23200.0,232.28142474058242,4957,3018,2218,5182,3336,2823,111.67894120729406,76.23879610938727,65.11875267194591,2198.0797605174666,2314.125837086172,2391.642303632909,2343.984151041945,2391.1305303895347,2441.7853768200894,2104.014473833153,2325.144307030871,2,20,4 Sverdrup,3 Sverdrup,10 Sverdrup,20 Sverdrup,0.2,0.2,3.6
HIGH PROD,23300.0,232.2874358423634,4957,3018,2218,5182,3336,2823,111.67900812151494,76.23625451370205,65.11880583506539,2198.1064632696803,2314.14750846492,2391.668833221411,2344.0097760073622,2391.146082194114,2441.8106429504764,2104.0406799793773,2325.1692948383015,2,20,4 Sverdrup,3 Sverdrup,10 Sverdrup,20 Sverdrup,0.2,0.2,3.6
HIGH PROD,23400.0,232.29353093616695,4957,3018,2218,5182,3336,2823,111.6790441200322,76.23595211179624,65.11877129698848,2198.1330474715187,2314.1735039417003,2391.69516245275,2344.035235948959,2391.1703130869596,2441.835530205134,2104.067055670437,2325.1944495797866,2,20,4 Sverdrup,3 Sverdrup,10 Sverdrup,20 Sverdrup,0.2,0.2,3.6
HIGH PROD,23500.0,232.29952432469844,4957,3018,2218,5182,3336,2823,111.67910122757058,76.23784505109838,65.11887675411182,2198.159732151399,2314.2035417100146,2391.7217975228596,2344.0608277479178,2391.20261942323,2441.8610158878846,2104.0941650036066,2325.2206164177314,2,20,4 Sverdrup,3 Sverdrup,10 Sverdrup,20 Sverdrup,0.2,0.2,3.6
HIGH PROD,23600.0,232.30556424524505,4957,3018,2218,5182,3336,2823,111.67915068175917,76.23558799408343,65.11890458611981,2198.1863678440413,2314.2257444643433,2391.748256001796,2344.0863593847785,2391.219264000607,2441.886159562996,2104.120342853085,2325.245550055425,2,20,4 Sverdrup,3 Sverdrup,10 Sverdrup,20 Sverdrup,0.2,0.2,3.6
HIGH PROD,23700.0,232.31167538134494,4957,3018,2218,5182,3336,2823,111.67917296501365,76.23552431969804,65.11885802765889,2198.2129021237715,2314.252144291612,2391.7745431718663,2344.111748680292,2391.2443306086116,2441.9109809523825,2104.1467367057808,2325.2707170372655,2,20,4 Sverdrup,3 Sverdrup,10 Sverdrup,20 Sverdrup,0.2,0.2,3.6
HIGH PROD,23800.0,232.31767486389103,4957,3018,2218,5182,3336,2823,111.67922008656828,76.237577130868,65.11896342579101,2198.239554099201,2314.2824733162656,2391.8011629562225,2344.1372925430883,2391.2772425236417,2441.9364521929115,2104.17386694362,2325.2969070747467,2,20,4 Sverdrup,3 Sverdrup,10 Sverdrup,20 Sverdrup,0.2,0.2,3.6
HIGH PROD,23900.0,232.32355993479166,4957,3018,2218,5182,3336,2823,111.67931321518601,76.23899644403227,65.11918480390963,2198.2663588086743,2314.311641277839,2391.8280441239767,2344.1630595590764,2391.3077964630834,2441.9624238587407,2104.201110878419,2325.3233288351003,2,20,4 Sverdrup,3 Sverdrup,10 Sverdrup,20 Sverdrup,0.2,0.2,3.6
HIGH PROD,24000.0,232.32942657056438,4957,3018,2218,5182,3336,2823,111.67942665630275,76.23857122495033,65.119402247331,2198.2932070142792,2314.3373063464046,2391.854920811825,2344.188902000413,2391.331327242171,2441.988380514866,2104.2280304983324,2325.3493451098357,2,20,4 Sverdrup,3 Sverdrup,10 Sverdrup,20 Sverdrup,0.2,0.2,3.6
HIGH PROD,24100.0,232.3352861913828,4957,3018,2218,5182,3336,2823,111.67955804271497,76.23907905681368,65.11960847696655,2198.3200815805426,2314.3648241334417,2391.881778724171,2344.2147997481998,2391.3585502956535,2442.0142959823825,2104.255063930308,2325.3755209134015,2,20,4 Sverdrup,3 Sverdrup,10 Sverdrup,20 Sverdrup,0.2,0.2,3.6
HIGH PROD,24200.0,232.34115500504805,4957,3018,2218,5182,3336,2823,111.67969764946554,76.23962130078404,65.11978962721683,2198.3469534761552,2314.392429422374,2391.9085842329373,2344.2407086673907,2391.3859446426436,2442.0401070144876,2104.2820351289374,2325.4016139379232,2,20,4 Sverdrup,3 Sverdrup,10 Sverdrup,20 Sverdrup,0.2,0.2,3.6
HIGH PROD,24300.0,232.34704078565827,4957,3018,2218,5182,3336,2823,111.67984108768616,76.2385691747537,65.11993554711434,2198.3738074943644,2314.416953766403,2391.9353120823484,2344.266606725326,2391.40717953131,2442.0657655625923,2104.3086667108855,2325.427254448412,2,20,4 Sverdrup,3 Sverdrup,10 Sverdrup,20 Sverdrup,0.2,0.2,3.6
HIGH PROD,24400.0,232.35303203234488,4957,3018,2218,5182,3336,2823,111.67995458702053,76.23598134354359,65.11994769011731,2198.4005246139905,2314.438562347328,2391.961738167095,2344.292323441725,2391.422614791276,2442.0908439018367,2104.334732114652,2325.4520913767524,2,20,4 Sverdrup,3 Sverdrup,10 Sverdrup,20 Sverdrup,0.2,0.2,3.6
HIGH PROD,24500.0,232.35897772994002,4957,3018,2218,5182,3336,2823,111.68006952424211,76.23799018588433,65.12003890324912,2198.4272619483877,2314.468919269194,2391.988333855239,2344.3180624438055,2391.4555601057227,2442.1162612380713,2104.3617658207377,2325.4782152972207,2,20,4 Sverdrup,3 Sverdrup,10 Sverdrup,20 Sverdrup,0.2,0.2,3.6
HIGH PROD,24600.0,232.36512952771633,4957,3018,2218,5182,3336,2823,111.68011166490142,76.23418946571059,65.11988515181551,2198.4537324674575,2314.488135211906,2392.0143683742203,2344.3434236052267,2391.466290393694,2442.140604420914,2104.3872792516163,2325.5022211136143,2,20,4 Sverdrup,3 Sverdrup,10 Sverdrup,20 Sverdrup,0.2,0.2,3.6
HIGH PROD,24700.0,232.37115099756159,4957,3018,2218,5182,3336,2823,111.68017472841926,76.23675019755385,65.1199233451235,2198.480324896785,2314.5194672480284,2392.0408223817044,2344.3689372347612,2391.501247702339,2442.1657722299733,2104.4143089829176,2325.5282816585914,2,20,4 Sverdrup,3 Sverdrup,10 Sverdrup,20 Sverdrup,0.2,0.2,3.6
HIGH PROD,24800.0,232.37706219358162,4957,3018,2218,5182,3336,2823,111.68027213911351,76.23866265649409,65.12008928461889,2198.5070537714687,2314.549511323378,2392.067557794239,2344.394638976063,2391.533605578535,2442.1914851801484,2104.441527298142,2325.5546581720487,2,20,4 Sverdrup,3 Sverdrup,10 Sverdrup,20 Sverdrup,0.2,0.2,3.6
HIGH PROD,24900.0,232.383179484848,4957,3018,2218,5182,3336,2823,111.68030791022409,76.23475441056185,65.11999402447888,2198.5335395468232,2314.5685039738205,2392.093701440872,2344.4200041720046,2391.543911048835,2442.216059459892,2104.4671410565143,2325.5788161525443,2,20,4 Sverdrup,3 Sverdrup,10 Sverdrup,20 Sverdrup,0.2,0.2,3.6
HIGH PROD,25000.0,232.38916873106535,4957,3018,2218,5182,3336,2823,111.68037227960829,76.23723673189366,65.12007845637854,2198.5601608126003,2314.5996803159096,2392.1202418870935,2344.4455476529583,2391.5785665654594,2442.241410155379,2104.494248337411,2325.604999156249,2,20,4 Sverdrup,3 Sverdrup,10 Sverdrup,20 Sverdrup,0.2,0.2,3.6
HIGH PROD,25100.0,232.39504999004984,4957,3018,2218,5182,3336,2823,111.68047601768728,76.23909375376653,65.120281410415,2198.586924381459,2314.6296190368366,2392.1470466536884,2344.471293229746,2391.6107151429756,2442.267269657405,2104.521522358944,2325.6314696671684,2,20,4 Sverdrup,3 Sverdrup,10 Sverdrup,20 Sverdrup,0.2,0.2,3.6
HIGH PROD,25200.0,232.40113920278228,4957,3018,2218,5182,3336,2823,111.68052128145584,76.2351472095056,65.12021620756784,2198.6134456012705,2314.6485430081984,2392.173246641105,2344.496708259565,2391.6208798506086,2442.2919629558096,2104.547174253098,2325.655698998257,2,20,4 Sverdrup,3 Sverdrup,10 Sverdrup,20 Sverdrup,0.2,0.2,3.6
HIGH PROD,25300.0,232.4071018536795,4957,3018,2218,5182,3336,2823,111.68059708844352,76.23760358746932,65.12032542488241,2198.640100322645,2314.679676597449,2392.1998334645573,2344.522302931427,2391.6554442103625,2442.3174117499743,2104.574307855394,2325.6819380606503,2,20,4 Sverdrup,3 Sverdrup,10 Sverdrup,20 Sverdrup,0.2,0.2,3.6
HIGH PROD,25400.0,232.4129576598129,4957,3018,2218,5182,3336,2823,111.68071344825269,76.23944451113047,65.12054920502243,2198.6668943129657,2314.7095908660904,2392.226677000162,2344.548098772929,2391.6875377451183,2442.3433534884853,2104.601601414699,2325.7084555139504,2,20,4 Sverdrup,3 Sverdrup,10 Sverdrup,20 Sverdrup,0.2,0.2,3.6
HIGH PROD,25500.0,232.41902237966832,4957,3018,2218,5182,3336,2823,111.68077205395294,76.23548900242521,65.12050185384918,2198.6934428399068,2314.7285031408455,2392.252909962086,2344.5735622881007,2391.697673532748,2442.368117024899,2104.6272694446197,2325.732726947681,2,20,4 Sverdrup,3 Sverdrup,10 Sverdrup,20 Sverdrup,0.2,0.2,3.6
HIGH PROD,25600.0,232.42496344806435,4957,3018,2218,5182,3336,2823,111.68086092651532,76.23790373040188,65.1206242537287,2198.7201195595503,2314.759562067892,2392.2795198736844,2344.5991999082294,2391.7320848194786,2442.39361647035,2104.654406001868,2325.7589890963645,2,20,4 Sverdrup,3 Sverdrup,10 Sverdrup,20 Sverdrup,0.2,0.2,3.6
HIGH PROD,25700.0,232.43109033657947,4957,3018,2218,5182,3336,2823,111.68089008518072,76.2344007389151,65.12051651179374,2198.746565875245,2314.7792907803423,2392.3056055802863,2344.6245163745048,2391.743886318906,2442.418108954582,2104.680025839941,2325.783153557786,2,20,4 Sverdrup,3 Sverdrup,10 Sverdrup,20 Sverdrup,0.2,0.2,3.6
HIGH PROD,25800.0,232.43707189532566,4957,3018,2218,5182,3336,2823,111.68095186554838,76.23717927665567,65.1206087904023,2198.773161728499,2314.8110022887818,2392.3321332107844,2344.6500313422403,2391.7796346096466,2442.4434650051303,2104.7071580965307,2325.8093805663084,2,20,4 Sverdrup,3 Sverdrup,10 Sverdrup,20 Sverdrup,0.2,0.2,3.6
HIGH PROD,25900.0,232.4429319634939,4957,3018,2218,5182,3336,2823,111.68105812389089,76.23925566740877,65.12083258226632,2198.799914330648,2314.8413323028653,2392.358954857928,2344.675770776498,2391.81258571449,2442.4693862807226,2104.73447296966,2325.8359251801685,2,20,4 Sverdrup,3 Sverdrup,10 Sverdrup,20 Sverdrup,0.2,0.2,3.6
HIGH PROD,26000.0,232.44898999553962,4957,3018,2218,5182,3336,2823,111.68111132035416,76.23547240295818,65.12079615638643,2198.8264382586367,2314.8605453168525,2392.38519080951,2344.7012017924426,2391.823345468272,2442.4941766840434,2104.760176624914,2325.8602498746627,2,20,4 Sverdrup,3 Sverdrup,10 Sverdrup,20 Sverdrup,0.2,0.2,3.6
HIGH PROD,26100.0,232.45491634031112,4957,3018,2218,5182,3336,2823,111.68119951825054,76.2380131765261,65.12093619061781,2198.8531050224074,2314.8918238580936,2392.4118198778815,2344.7268288595833,2391.858214292537,2442.5197329813045,2104.7873557522043,2325.886580193292,2,20,4 Sverdrup,3 Sverdrup,10 Sverdrup,20 Sverdrup,0.2,0.2,3.6
HIGH PROD,26200.0,232.46102253179953,4957,3018,2218,5182,3336,2823,111.68123239560835,76.2346047709409,65.12085000162578,2198.8795532926088,2314.9117153266543,2392.4379348535294,2344.7521535002984,2391.870355521243,2442.5443003774817,2104.8130202682783,2325.910820005955,2,20,4 Sverdrup,3 Sverdrup,10 Sverdrup,20 Sverdrup,0.2,0.2,3.6
HIGH PROD,26300.0,232.4669791038423,4957,3018,2218,5182,3336,2823,111.6813017498577,76.23745378811635,65.12096580574627,2198.906160217473,2314.943549606658,2392.4644976704662,2344.777691827734,2391.9063600121317,2442.569741284231,2104.840196300269,2325.9371248449365,2,20,4 Sverdrup,3 Sverdrup,10 Sverdrup,20 Sverdrup,0.2,0.2,3.6
HIGH PROD,26400.0,232.47280944375635,4957,3018,2218,5182,3336,2823,111.6814192967092,76.23962495714304,65.12121591200382,2198.9329324339105,2314.974050445349,2392.4913621482806,2344.803469006073,2391.9396602150628,2442.59576076856,2104.867564455469,2325.963763257127,2,20,4 Sverdrup,3 Sverdrup,10 Sverdrup,20 Sverdrup,0.2,0.2,3.6
HIGH PROD,26500.0,232.47862651199037,4957,3018,2218,5182,3336,2823,111.68155403556847,76.23989851485499,65.12145731529066,2198.9597389948667,2315.001007376557,2392.518210733068,2344.829307594541,2391.9658578996564,2442.621743908058,2104.8945507488684,2325.989922750527,2,20,4 Sverdrup,3 Sverdrup,10 Sverdrup,20 Sverdrup,0.2,0.2,3.6
HIGH PROD,26600.0,232.48452214965678,4957,3018,2218,5182,3336,2823,111.68167994737426,76.23900891102092,65.1215811178541,2198.986467814794,2315.025783132626,2392.544800790682,2344.855056806216,2391.9877008666144,2442.6472236245927,2104.921074636107,2326.0154337144363,2,20,4 Sverdrup,3 Sverdrup,10 Sverdrup,20 Sverdrup,0.2,0.2,3.6
HIGH PROD,26700.0,232.4903733222276,4957,3018,2218,5182,3336,2823,111.68182248249586,76.23969053339145,65.12176043751978,2199.01324778774,2315.053508447262,2392.5715154509235,2344.880882990133,2392.015434323313,2442.672944651106,2104.948009817068,2326.0415058456174,2,20,4 Sverdrup,3 Sverdrup,10 Sverdrup,20 Sverdrup,0.2,0.2,3.6
HIGH PROD,26800.0,232.49623417515826,4957,3018,2218,5182,3336,2823,111.68196897432277,76.2390854823301,65.12191406816035,2199.0400157542967,2315.078766522907,2392.5981727699004,2344.9067041761377,2392.0382350421683,2442.698553659362,2104.9746636413183,2326.0672086946192,2,20,4 Sverdrup,3 Sverdrup,10 Sverdrup,20 Sverdrup,0.2,0.2,3.6
HIGH PROD,26900.0,232.50210608954424,4957,3018,2218,5182,3336,2823,111.68211712406294,76.23836838325909,65.12204481284984,2199.066766732811,2315.103889613543,2392.6247787789184,2344.9325118489005,2392.060771103438,2442.724063873378,2105.0012089523293,2326.092770518692,2,20,4 Sverdrup,3 Sverdrup,10 Sverdrup,20 Sverdrup,0.2,0.2,3.6
HIGH PROD,27000.0,232.5080146389513,4957,3018,2218,5182,3336,2823,111.68225355176293,76.2382451461209,65.12213323257693,2199.093461619709,2315.1300852448803,2392.6512871710615,2344.9582462780604,2392.0854703974087,2442.7493897613085,2105.027796214722,2326.1183587726855,2,20,4 Sverdrup,3 Sverdrup,10 Sverdrup,20 Sverdrup,0.2,0.2,3.6
HIGH PROD,27100.0,232.51388700932682,4957,3018,2218,5182,3336,2823,111.68239684024333,76.2392536116393,65.12227251848576,2199.1201856551065,2315.158416244775,2392.6779048695576,2344.9840202557334,2392.114444031288,2442.7749317681973,2105.054694154828,2326.14437356695,2,20,4 Sverdrup,3 Sverdrup,10 Sverdrup,20 Sverdrup,0.2,0.2,3.6
HIGH PROD,27200.0,232.51979126152858,4957,3018,2218,5182,3336,2823,111.68253078432953,76.23921507910713,65.12236808596722,2199.146865055067,2315.1847565801763,2392.7044207326244,2345.0097357647815,2392.139451267505,2442.800280452921,2105.081307156372,2326.169999335975,2,20,4 Sverdrup,3 Sverdrup,10 Sverdrup,20 Sverdrup,0.2,0.2,3.6
HIGH PROD,27300.0,232.52558727710777,4957,3018,2218,5182,3336,2823,111.68269746468094,76.23986427244978,65.12259602015885,2199.173672072759,2315.2123054125373,2392.731229437884,2345.035628385172,2392.1668564473703,2442.826196842607,2105.1083831694264,2326.1962907507464,2,20,4 Sverdrup,3 Sverdrup,10 Sverdrup,20 Sverdrup,0.2,0.2,3.6
HIGH PROD,27400.0,232.53141902814198,4957,3018,2218,5182,3336,2823,111.6828648953955,76.23884734719195,65.12275691016863,2199.2004501451793,2315.2368230469947,2392.757890230102,2345.061494318794,2392.188200808784,2442.851824512599,2105.134949491391,2326.221910747951,2,20,4 Sverdrup,3 Sverdrup,10 Sverdrup,20 Sverdrup,0.2,0.2,3.6
HIGH PROD,27500.0,232.53730129856137,4957,3018,2218,5182,3336,2823,111.68302080999354,76.23823846561963,65.12285576808115,2199.2271693198973,2315.2620945227627,2392.78441131598,2345.087284611342,2392.2110671323003,2442.8771846653954,2105.1614781464773,2326.2474446456463,2,20,4 Sverdrup,3 Sverdrup,10 Sverdrup,20 Sverdrup,0.2,0.2,3.6
HIGH PROD,27600.0,232.5432111556876,4957,3018,2218,5182,3336,2823,111.68316378338285,76.23840809462801,65.12293014981923,2199.253841813263,2315.288848658121,2392.81087262539,2345.1130086440867,2392.2369157954563,2442.9024355756064,2105.1880700643032,2326.273043675677,2,20,4 Sverdrup,3 Sverdrup,10 Sverdrup,20 Sverdrup,0.2,0.2,3.6
HIGH PROD,27700.0,232.54915417069282,4957,3018,2218,5182,3336,2823,111.68329020159364,76.23762965725783,65.12297109099494,2199.2804590234905,2315.3137268459423,2392.837251614554,2345.1386519916973,2392.2590323047098,2442.927534241561,2105.214444554013,2326.2983341840963,2,20,4 Sverdrup,3 Sverdrup,10 Sverdrup,20 Sverdrup,0.2,0.2,3.6
HIGH PROD,27800.0,232.55508355006435,4957,3018,2218,5182,3336,2823,111.68341157953995,76.23834093721496,65.12304117238665,2199.3070729354563,2315.3414878034687,2392.863688165294,2345.164283932552,2392.286925629794,2442.9527529102147,2105.241111568534,2326.324016535684,2,20,4 Sverdrup,3 Sverdrup,10 Sverdrup,20 Sverdrup,0.2,0.2,3.6
HIGH PROD,27900.0,232.5610411060364,4957,3018,2218,5182,3336,2823,111.68351842342408,76.23781223378145,65.12308219354901,2199.333642552814,2315.366778144407,2392.890051505441,2345.189849064829,2392.309894524833,2442.97783720142,2105.267545314213,2326.349369940869,2,20,4 Sverdrup,3 Sverdrup,10 Sverdrup,20 Sverdrup,0.2,0.2,3.6
HIGH PROD,28000.0,232.56700628784267,4957,3018,2218,5182,3336,2823,111.6836163154261,76.23795750432365,65.12312239434962,2199.360192163911,2315.393440074088,2392.9164058749943,2345.2153801374693,2392.335618120515,2443.0029119764554,2105.294044754692,2326.374809153038,2,20,4 Sverdrup,3 Sverdrup,10 Sverdrup,20 Sverdrup,0.2,0.2,3.6
HIGH PROD,28100.0,232.57285331710048,4957,3018,2218,5182,3336,2823,111.68374331868014,76.24093176007993,65.12331911332394,2199.3868737805515,2315.425400796677,2392.9431047665753,2345.24108667329,2392.371919951923,2443.0286587711666,2105.3214179007423,2326.4014548843234,2,20,4 Sverdrup,3 Sverdrup,10 Sverdrup,20 Sverdrup,0.2,0.2,3.6
HIGH PROD,28200.0,232.57872767784906,4957,3018,2218,5182,3336,2823,111.68387467037876,76.238781174983,65.1234518627893,2199.413546005764,2315.447634936933,2392.9696599470067,2345.2667909509396,2392.388761977016,2443.054123454306,2105.347729620722,2326.4267113811134,2,20,4 Sverdrup,3 Sverdrup,10 Sverdrup,20 Sverdrup,0.2,0.2,3.6
HIGH PROD,28300.0,232.58466802332114,4957,3018,2218,5182,3336,2823,111.68398812326393,76.23838027192375,65.12350665204731,2199.440138947369,2315.473264322544,2392.9960396546608,2345.2923894928113,2392.4124097061126,2443.079253480077,2105.3741604189127,2326.452081031501,2,20,4 Sverdrup,3 Sverdrup,10 Sverdrup,20 Sverdrup,0.2,0.2,3.6
HIGH PROD,28400.0,232.59051581660896,4957,3018,2218,5182,3336,2823,111.68412449789693,76.24081190243804,65.1236865536967,2199.466831340195,2315.504245000009,2393.0226951771174,2345.318121950279,2392.4467450505063,2443.1049217575373,2105.401359360799,2326.4785078193504,2,20,4 Sverdrup,3 Sverdrup,10 Sverdrup,20 Sverdrup,0.2,0.2,3.6
HIGH PROD,28500.0,232.59636239551904,4957,3018,2218,5182,3336,2823,111.68427109226946,76.23902676125333,65.12384182317882,2199.4935386733746,2315.5272484806064,2393.0492951302663,2345.3438853836265,2392.465116357602,2443.1304785225298,2105.427724184922,2326.503861331497,2,20,4 Sverdrup,3 Sverdrup,10 Sverdrup,20 Sverdrup,0.2,0.2,3.6
HIGH PROD,28600.0,232.60228189949262,4957,3018,2218,5182,3336,2823,111.68439859227473,76.23839154850467,65.12390765576433,2199.520154830216,2315.5523708501187,2393.075694173933,2345.369529665512,2392.4877434903556,2443.1556507385944,2105.4541534034583,2326.529243173983,2,20,4 Sverdrup,3 Sverdrup,10 Sverdrup,20 Sverdrup,0.2,0.2,3.6
HIGH PROD,28700.0,232.6082072072542,4957,3018,2218,5182,3336,2823,111.68451845895103,76.23859858821821,65.12397714509376,2199.546748472457,2315.579123720703,2393.102095827476,2345.395139723665,2392.513643128858,2443.180834406506,2105.480701145005,2326.5547779794174,2,20,4 Sverdrup,3 Sverdrup,10 Sverdrup,20 Sverdrup,0.2,0.2,3.6
HIGH PROD,28800.0,232.61413303843764,4957,3018,2218,5182,3336,2823,111.68463203465589,76.23896994434232,65.12405202427715,2199.5733246603663,2315.606164510192,2393.128503027922,2345.42072260205,2392.5401293465666,2443.2060353026445,2105.5072882600452,2326.5803631682224,2,20,4 Sverdrup,3 Sverdrup,10 Sverdrup,20 Sverdrup,0.2,0.2,3.6
HIGH PROD,28900.0,232.62006649839518,4957,3018,2218,5182,3336,2823,111.68473884915332,76.23888600336242,65.12412034240037,2199.599879857006,2315.6323063353725,2393.154889018257,2345.4462740590166,2392.56482850231,2443.231201210508,2105.533790502395,2326.6058316200465,2,20,4 Sverdrup,3 Sverdrup,10 Sverdrup,20 Sverdrup,0.2,0.2,3.6
HIGH PROD,29000.0,232.62599841150433,4957,3018,2218,5182,3336,2823,111.68484327668827,76.23867120191774,65.12419229637358,2199.6264299536138,2315.658220958858,2393.181277775751,2345.47181664511,2392.589079612648,2443.256377524906,2105.56026479257,2326.6312662728023,2,20,4 Sverdrup,3 Sverdrup,10 Sverdrup,20 Sverdrup,0.2,0.2,3.6
HIGH PROD,29100.0,232.6318725466412,4957,3018,2218,5182,3336,2823,111.6849618732906,76.24048043931134,65.12434088612416,2199.6530416485043,2315.6879791800243,2393.2078339411078,2345.4974421561424,2392.6210109216495,2443.281882425211,2105.5872621635217,2326.657417937667,2,20,4 Sverdrup,3 Sverdrup,10 Sverdrup,20 Sverdrup,0.2,0.2,3.6
HIGH PROD,29200.0,232.63775267012016,4957,3018,2218,5182,3336,2823,111.68508542511012,76.23912278403029,65.12446535108552,2199.6796575509798,2315.7116644697944,2393.2343339400895,2345.5230796772935,2392.640792878163,2443.3072776067625,2105.6136669306757,2326.6827960872492,2,20,4 Sverdrup,3 Sverdrup,10 Sverdrup,20 Sverdrup,0.2,0.2,3.6
HIGH PROD,29300.0,232.64376037858838,4957,3018,2218,5182,3336,2823,111.68517241340982,76.23698637818252,65.12443097534444,2199.7061193254426,2315.7339952980074,2393.260475764598,2345.548508296785,2392.6578971089853,2443.331985151652,2105.639530765554,2326.707395484972,2,20,4 Sverdrup,3 Sverdrup,10 Sverdrup,20 Sverdrup,0.2,0.2,3.6
HIGH PROD,29400.0,232.64972004144116,4957,3018,2218,5182,3336,2823,111.68526011282405,76.23833735599058,65.12448397536875,2199.732613359749,2315.7628181205514,2393.2868048549476,2345.573969428234,2392.687991406318,2443.357065322279,2105.6662550899405,2326.7331315900933,2,20,4 Sverdrup,3 Sverdrup,10 Sverdrup,20 Sverdrup,0.2,0.2,3.6
HIGH PROD,29500.0,232.6556603686202,4957,3018,2218,5182,3336,2823,111.68534861189934,76.23865235819407,65.124559663854,2199.7591187441585,2315.789706300844,2393.31317750823,2345.5994426978377,2392.7142192249453,2443.382235136657,2105.692800923067,2326.7586554781633,2,20,4 Sverdrup,3 Sverdrup,10 Sverdrup,20 Sverdrup,0.2,0.2,3.6
HIGH PROD,29600.0,232.6615897797144,4957,3018,2218,5182,3336,2823,111.6854397672435,76.23837234323209,65.12464577579588,2199.7856346375743,2315.815431382973,2393.3395687199354,2345.6249304419766,2392.738121305499,2443.4074446205595,2105.7192852356147,2326.7841045031487,2,20,4 Sverdrup,3 Sverdrup,10 Sverdrup,20 Sverdrup,0.2,0.2,3.6
HIGH PROD,29700.0,232.66749597047962,4957,3018,2218,5182,3336,2823,111.6855387150821,76.23887712505758,65.1247587660204,2199.812178079224,2315.8426902797046,2393.36601721703,2345.6504576833863,2392.765086882122,2443.432768078845,2105.7459454801788,2326.809800535567,2,20,4 Sverdrup,3 Sverdrup,10 Sverdrup,20 Sverdrup,0.2,0.2,3.6
HIGH PROD,29800.0,232.67338336645852,4957,3018,2218,5182,3336,2823,111.68564554295348,76.2398208265631,65.12489127889553,2199.8387454951185,2315.8707964809996,2393.392507434068,2345.676021111838,2392.7937422297514,2443.458174273715,2105.772715088561,2326.8356530615274,2,20,4 Sverdrup,3 Sverdrup,10 Sverdrup,20 Sverdrup,0.2,0.2,3.6
HIGH PROD,29900.0,232.67934209095452,4957,3018,2218,5182,3336,2823,111.68573645066036,76.23774679451503,65.1249235850155,2199.865233963728,2315.893144213851,2393.4187709464045,2345.701481987956,2392.810893690174,2443.483142966725,2105.7987345897996,2326.8604860320943,2,20,4 Sverdrup,3 Sverdrup,10 Sverdrup,20 Sverdrup,0.2,0.2,3.6
HIGH PROD,30000.0,232.68529830381587,4957,3018,2218,5182,3336,2823,111.68582114710094,76.23866647537187,65.12497523929292,2199.8917083687193,2315.921170216505,2393.44507311656,2345.7269193302673,2392.8394114024704,2443.508194138973,2105.825330707849,2326.886066025567,2,20,4 Sverdrup,3 Sverdrup,10 Sverdrup,20 Sverdrup,0.2,0.2,3.6
HIGH PROD,30100.0,232.69121808630945,4957,3018,2218,5182,3336,2823,111.68591235163184,76.23916828985833,65.12507411719838,2199.9182151691866,2315.948371257968,2393.471474662843,2345.752398589983,2392.8662780569625,2443.5334422304377,2105.851947742854,2326.911697898175,2,20,4 Sverdrup,3 Sverdrup,10 Sverdrup,20 Sverdrup,0.2,0.2,3.6
HIGH PROD,30200.0,232.69710446652508,4957,3018,2218,5183,3336,2823,111.68601461755819,76.24007627763558,65.12520832973058,2199.944758451678,2315.976387059829,2393.4979524365185,2345.7779313450214,2392.8947684613418,2443.5588402889175,2105.8786913371746,2326.9375207305075,2,20,4 Sverdrup,3 Sverdrup,10 Sverdrup,20 Sverdrup,0.2,0.2,3.6
HIGH PROD,30300.0,232.70297825955913,4957,3018,2218,5183,3336,2823,111.68612628401765,76.24007624029453,65.12534699969811,2199.9713229731665,2316.0026477441743,2393.524438934842,2345.803500081651,2392.9197430821414,2443.584255288516,2105.9053009483114,2326.963177517308,2,20,4 Sverdrup,3 Sverdrup,10 Sverdrup,20 Sverdrup,0.2,0.2,3.6
HIGH PROD,30400.0,232.70885883144817,4957,3018,2218,5183,3336,2823,111.68624270591566,76.23944961848203,65.12546566199815,2199.997886389678,2316.027786228375,2393.550880809742,2345.829075629965,2392.9424710870817,2443.6095835079927,2105.9317213236436,2326.9885907039475,2,20,4 Sverdrup,3 Sverdrup,10 Sverdrup,20 Sverdrup,0.2,0.2,3.6
HIGH PROD,30500.0,232.71475774159302,4957,3018,2218,5183,3336,2823,111.68635412296682,76.23973981058796,65.12556456326683,2200.024421963917,2316.054580741389,2393.5772760688874,2345.8546162528737,2392.968519507355,2443.634825440408,2105.958304555678,2327.014196970656,2,20,4 Sverdrup,3 Sverdrup,10 Sverdrup,20 Sverdrup,0.2,0.2,3.6
HIGH PROD,30600.0,232.72072863773943,4957,3018,2218,5183,3336,2823,111.68644524654063,76.23714556624762,65.12556809331934,2200.0508685469445,2316.0759242873787,2393.603453775128,2345.8800374118823,2392.983685577871,2443.659649257884,2105.9841382377604,2327.038787506027,2,20,4 Sverdrup,3 Sverdrup,10 Sverdrup,20 Sverdrup,0.2,0.2,3.6
HIGH PROD,30700.0,232.7267329297603,4957,3018,2218,5183,3336,2823,111.68651456186635,76.23835725317684,65.12555414247927,2200.077247088455,2316.1045286069584,2393.6295857657165,2345.9053573307365,2393.013398461368,2443.6843960304514,2106.010588534267,2327.064155778857,2,20,4 Sverdrup,3 Sverdrup,10 Sverdrup,20 Sverdrup,0.2,0.2,3.6
HIGH PROD,30800.0,232.73268104200554,4957,3018,2218,5183,3336,2823,111.6865896080746,76.23870715917708,65.12562113882524,2200.1036730056426,2316.1313704161485,2393.6558882535587,2345.9307322204204,2393.0395890174686,2443.7094803341733,2106.0371061552673,2327.089640363757,2,20,4 Sverdrup,3 Sverdrup,10 Sverdrup,20 Sverdrup,0.2,0.2,3.6
HIGH PROD,30900.0,232.73858087944973,4957,3018,2218,5183,3336,2823,111.68667767166704,76.23962649391902,65.12574327826512,2200.1301509788586,2316.1593568064386,2393.682309579428,2345.9561788142482,2393.0680625468544,2443.7347984862104,2106.0638090860825,2327.1154039381354,2,20,4 Sverdrup,3 Sverdrup,10 Sverdrup,20 Sverdrup,0.2,0.2,3.6
HIGH PROD,31000.0,232.74445554296636,4957,3018,2218,5183,3336,2823,111.68677918024476,76.2394558952076,65.12588468587731,2200.156669576356,2316.1852147531736,2393.7087723281807,2345.98168670515,2393.092269931511,2443.7601967362775,2106.0903964353433,2327.141031272612,2,20,4 Sverdrup,3 Sverdrup,10 Sverdrup,20 Sverdrup,0.2,0.2,3.6
HIGH PROD,31100.0,232.7503099816422,4957,3018,2218,5183,3336,2823,111.68689532102282,76.23941264024715,65.12603951715919,2200.1832248420496,2316.2113931809395,2393.7352661458194,2346.007254171014,2393.1171069933084,2443.7856540402304,2106.1169948099478,2327.1666935670437,2,20,4 Sverdrup,3 Sverdrup,10 Sverdrup,20 Sverdrup,0.2,0.2,3.6
HIGH PROD,31200.0,232.75628210187264,4957,3018,2218,5183,3336,2823,111.68698184291787,76.23930322862763,65.12527637154945,2200.2096424742253,2316.2374594595185,2393.7598078905953,2346.032639982874,2393.1417439084867,2443.807232045323,2106.1427786909244,2327.191222274154,2,20,4 Sverdrup,3 Sverdrup,10 Sverdrup,20 Sverdrup,0.2,0.2,3.6
HIGH PROD,31300.0,232.76227606406616,4957,3018,2218,5183,3336,2823,111.68705379346937,76.23849716088222,65.12549447315159,2200.236025505429,2316.2621330281886,2393.7864221376594,2346.0579685994035,2393.1636120663993,2443.832963107295,2106.169141137605,2327.2164760887053,2,20,4 Sverdrup,3 Sverdrup,10 Sverdrup,20 Sverdrup,0.2,0.2,3.6
HIGH PROD,31400.0,232.7683380543865,4957,3018,2218,5183,3336,2823,111.68709647776261,76.23805802310753,65.12558892462866,2200.262324252148,2316.2875584390654,2393.8127430936024,2346.0831675235054,2393.187008807717,2443.8581238696147,2106.1953183766414,2327.241445624393,2,20,4 Sverdrup,3 Sverdrup,10 Sverdrup,20 Sverdrup,0.2,0.2,3.6
HIGH PROD,31500.0,232.7743331263792,4957,3018,2218,5183,3336,2823,111.68714441483365,76.23912547339118,65.12574278074692,2200.2886798758936,2316.3157749359243,2393.839195104292,2346.10842990689,2393.215985873073,2443.8835405141594,2106.2219225346144,2327.2670121393467,2,20,4 Sverdrup,3 Sverdrup,10 Sverdrup,20 Sverdrup,0.2,0.2,3.6
HIGH PROD,31600.0,232.78025377227382,4957,3018,2218,5183,3336,2823,111.68721056489889,76.23909830034503,65.12594324477178,2200.3151091405225,2316.3418675454923,2393.8657502035367,2346.133793224365,2393.2407009949206,2443.90915547968,2106.2484597344715,2327.2925462794983,2,20,4 Sverdrup,3 Sverdrup,10 Sverdrup,20 Sverdrup,0.2,0.2,3.6
HIGH PROD,31700.0,232.78616012150042,4957,3018,2218,5183,3336,2823,111.68728456889792,76.24019407361902,65.12612321100863,2200.341548192377,2316.3702241134984,2393.8922615547517,2346.1591791444444,2393.269939194323,2443.9346855056906,2106.2751255783933,2327.3182684419317,2,20,4 Sverdrup,3 Sverdrup,10 Sverdrup,20 Sverdrup,0.2,0.2,3.6
HIGH PROD,31800.0,232.79201738576157,4957,3018,2218,5183,3336,2823,111.68737952275733,76.24061588517046,65.12633252684591,2200.3680477103208,2316.3972298811527,2393.9188394112366,2346.184657976966,2393.296461692972,2443.9603419499044,2106.30179987827,2327.344031107983,2,20,4 Sverdrup,3 Sverdrup,10 Sverdrup,20 Sverdrup,0.2,0.2,3.6
HIGH PROD,31900.0,232.79789809363945,4957,3018,2218,5183,3336,2823,111.68747760005613,76.23948959311302,65.12648042951147,2200.394525402264,2316.421318030409,2393.945281885791,2346.210120958235,2393.3171491244684,2443.985733993314,2106.328077329976,2327.3692680056633,2,20,4 Sverdrup,3 Sverdrup,10 Sverdrup,20 Sverdrup,0.2,0.2,3.6
HIGH PROD,32000.0,232.80376822023905,4957,3018,2218,5183,3336,2823,111.68758359108915,76.23979327897257,65.12620905782632,2200.421012481478,2316.4480778541088,2393.9708436405194,2346.235606183328,2393.343179087991,2444.0093655468468,2106.3543818068815,2327.3945445771824,2,20,4 Sverdrup,3 Sverdrup,10 Sverdrup,20 Sverdrup,0.2,0.2,3.6
HIGH PROD,32100.0,232.80976639216945,4957,3018,2218,5183,3336,2823,111.68765298590176,76.23782793533358,65.12630947273624,2200.4473401396167,2316.4706032449985,2393.9971683771314,2346.260877454237,2393.36077633502,2444.0345522005273,2106.380280165952,2327.4192134878385,2,20,4 Sverdrup,3 Sverdrup,10 Sverdrup,20 Sverdrup,0.2,0.2,3.6
HIGH PROD,32200.0,232.81571924782995,4957,3018,2218,5183,3336,2823,111.68772474405309,76.23972272956865,65.12645972863199,2200.473706360342,2316.500414652353,2394.023593797772,2346.2861900255516,2393.392952646908,2444.0599367576833,2106.4070443541937,2327.445025919977,2,20,4 Sverdrup,3 Sverdrup,10 Sverdrup,20 Sverdrup,0.2,0.2,3.6
HIGH PROD,32300.0,232.8216381634512,4957,3018,2218,5183,3336,2823,111.68780386958919,76.23968510393411,65.12661771040706,2200.5001078665955,2316.5265155335806,2394.050035108292,2346.311548545318,2393.4177064158243,2444.085350984923,2106.4334899761266,2327.470452039465,2,20,4 Sverdrup,3 Sverdrup,10 Sverdrup,20 Sverdrup,0.2,0.2,3.6
HIGH PROD,32400.0,232.82749806357705,4957,3018,2218,5183,3336,2823,111.68790087742885,76.24114389218437,65.12678309995665,2200.5265733555207,2316.555480806041,2394.0764980038575,2346.336998406964,2393.448178944147,2444.1108017383253,2106.460298790411,2327.4963912969783,2,20,4 Sverdrup,3 Sverdrup,10 Sverdrup,20 Sverdrup,0.2,0.2,3.6
HIGH PROD,32500.0,232.83339948666688,4957,3018,2218,5183,3336,2823,111.68799538607053,76.24001699529117,65.12653562022082,2200.552998789568,2316.579519948529,2394.1020939920754,2346.3624053431718,2393.468802517228,2444.1345285816783,2106.4862738496718,2327.5212265186724,2,20,4 Sverdrup,3 Sverdrup,10 Sverdrup,20 Sverdrup,0.2,0.2,3.6
HIGH PROD,32600.0,232.8393126958823,4957,3018,2218,5183,3336,2823,111.68808779792008,76.23899254973733,65.12675396213238,2200.5794123952005,2316.603742589558,2394.128652603918,2346.387797634348,2393.4897993751874,2444.160185372798,2106.5126288305564,2327.546536934144,2,20,4 Sverdrup,3 Sverdrup,10 Sverdrup,20 Sverdrup,0.2,0.2,3.6
HIGH PROD,32700.0,232.84520107678534,4957,3018,2218,5183,3336,2823,111.68818804190056,76.23954333874258,65.12680524146225,2200.60585811424,2316.630970347741,2394.1548560547208,2346.4132338572736,2393.5168033133277,2444.1851289964065,2106.5391656401757,2327.5721020687947,2,20,4 Sverdrup,3 Sverdrup,10 Sverdrup,20 Sverdrup,0.2,0.2,3.6
HIGH PROD,32800.0,232.85114349861902,4957,3018,2218,5183,3336,2823,111.68827047372086,76.24023898027879,65.12675199546035,2200.632227928258,2316.658504466791,2394.180852150268,2346.4385675883586,2393.5444372266516,2444.2096730429193,2106.5655139162295,2327.597396119578,2,20,4 Sverdrup,3 Sverdrup,10 Sverdrup,20 Sverdrup,0.2,0.2,3.6
HIGH PROD,32900.0,232.85707461116743,4957,3018,2218,5183,3336,2823,111.688353722583,76.23951403669118,65.12697742305832,2200.6586094830864,2316.683295350524,2394.207413664149,2346.4639139137357,2393.5665876348303,2444.2353485756216,2106.5918543680114,2327.622679263391,2,20,4 Sverdrup,3 Sverdrup,10 Sverdrup,20 Sverdrup,0.2,0.2,3.6
HIGH PROD,33000.0,232.86295760870848,4957,3018,2218,5183,3336,2823,111.68844946708641,76.24025470110256,65.127161480396,2200.6850377102187,2316.7108878966073,2394.2338923865777,2346.4893259694104,2393.5943357165843,2444.260854566926,2106.61846373708,2327.648349326172,2,20,4 Sverdrup,3 Sverdrup,10 Sverdrup,20 Sverdrup,0.2,0.2,3.6
HIGH PROD,33100.0,232.8688992750405,4957,3018,2218,5183,3336,2823,111.68852787436954,76.2412882670775,65.1264436057727,2200.7113890380488,2316.7389957234695,2394.25846578848,2346.5146351548665,2393.623131105425,2444.2825657575468,2106.6444954740623,2327.6732282851212,2,20,4 Sverdrup,3 Sverdrup,10 Sverdrup,20 Sverdrup,0.2,0.2,3.6
HIGH PROD,33200.0,232.87489767455136,4957,3018,2218,5183,3336,2823,111.6885849794572,76.24125882370045,65.12611179773263,2200.737674718653,2316.7650684896585,2394.28385133429,2346.5398458935115,2393.647875694716,2444.3059148838447,2106.670556747552,2327.6981016181644,2,20,4 Sverdrup,3 Sverdrup,10 Sverdrup,20 Sverdrup,0.2,0.2,3.6
HIGH PROD,33300.0,232.88078196491566,4957,3018,2218,5183,3336,2823,111.68867413246942,76.24260558943485,65.12661397112143,2200.764105043914,2316.793797321603,2394.310996908308,2346.565249138662,2393.677907138989,2444.3327622765505,2106.697578383066,2327.7242969161657,2,20,4 Sverdrup,3 Sverdrup,10 Sverdrup,20 Sverdrup,0.2,0.2,3.6
HIGH PROD,33400.0,232.88660804076613,4957,3018,2218,5183,3336,2823,111.68879013745388,76.24226070410633,65.12707028621946,2200.7906182861557,2316.819301686709,2394.3380474596793,2346.5907764889657,2393.701465091683,2444.359407160339,2106.724281807322,2327.750125446445,2,20,4 Sverdrup,3 Sverdrup,10 Sverdrup,20 Sverdrup,0.2,0.2,3.6
HIGH PROD,33500.0,232.8925071690937,4957,3018,2218,5183,3336,2823,111.68888972580629,76.24334716835133,65.12637429577632,2200.817038027163,2316.8475564433543,2394.3626667142576,2346.616186609069,2393.730536931976,2444.3812061426843,2106.750353688683,2327.775091936581,2,20,4 Sverdrup,3 Sverdrup,10 Sverdrup,20 Sverdrup,0.2,0.2,3.6
HIGH PROD,33600.0,232.8984728082739,4957,3018,2218,5183,3336,2823,111.68896650563033,76.24285866407966,65.12621560142897,2200.8433737546234,2316.872764417281,2394.388420738579,2346.641478194153,2393.7535365837225,2444.405289908277,2106.7764465916566,2327.8000347626185,2,20,4 Sverdrup,3 Sverdrup,10 Sverdrup,20 Sverdrup,0.2,0.2,3.6
HIGH PROD,33700.0,232.9043245966115,4957,3018,2218,5183,3336,2823,111.68907527286824,76.24384615564342,65.12685357399712,2200.8698468586767,2316.900834512592,2394.415848149872,2346.6669552324493,2393.782237550237,2444.432699049141,2106.803475625532,2327.8262690828287,2,20,4 Sverdrup,3 Sverdrup,10 Sverdrup,20 Sverdrup,0.2,0.2,3.6
HIGH PROD,33800.0,232.91012101098767,4957,3018,2218,5183,3336,2823,111.68920921949947,76.24330136382326,65.12738929770384,2200.896387788524,2316.9259783375414,2394.4430609339347,2346.6925391325954,2393.805066582701,2444.4596689140426,2106.830148551396,2327.8520880894885,2,20,4 Sverdrup,3 Sverdrup,10 Sverdrup,20 Sverdrup,0.2,0.2,3.6
HIGH PROD,33900.0,232.91616074119776,4957,3018,2218,5183,3336,2823,111.6892688731806,76.24082139244254,65.12655080939525,2200.9226120394023,2316.947438347728,2394.4673434056804,2346.7176949100476,2393.8205928908283,2444.4808330006344,2106.855152324726,2327.8755831101553,2,20,4 Sverdrup,3 Sverdrup,10 Sverdrup,20 Sverdrup,0.2,0.2,3.6
HIGH PROD,34000.0,232.92219995067717,4957,3018,2218,5183,3336,2823,111.68930650657265,76.2424742503266,65.12635322466788,2200.948794513956,2316.9767163565525,2394.4929856607496,2346.742774577322,2393.8517860284032,2444.504728178856,2106.8814276066905,2327.9007186028834,2,20,4 Sverdrup,3 Sverdrup,10 Sverdrup,20 Sverdrup,0.2,0.2,3.6
HIGH PROD,34100.0,232.92813122071033,4957,3018,2218,5183,3336,2823,111.68936918861732,76.24234793250524,65.12693534170253,2200.975103400403,2317.0025595701563,2394.5202577175355,2346.7680173015997,2393.8760954948125,2444.5318666280546,2106.9080945398387,2327.9264273020117,2,20,4 Sverdrup,3 Sverdrup,10 Sverdrup,20 Sverdrup,0.2,0.2,3.6
HIGH PROD,34200.0,232.93393589434808,4957,3018,2218,5183,3336,2823,111.68947534979797,76.24360095599891,65.12750136831097,2201.001562682721,2317.0311029858776,2394.5475073644816,2346.79347687241,2393.9057735239076,2444.558939740381,2106.9350849117423,2327.952654876765,2,20,4 Sverdrup,3 Sverdrup,10 Sverdrup,20 Sverdrup,0.2,0.2,3.6
HIGH PROD,34300.0,232.93984661537172,4957,3018,2218,5183,3336,2823,111.68955843206815,76.24323924622331,65.12684082092821,2201.027892065049,2317.0565198720847,2394.5721618438456,2346.818772900004,2393.9292200167943,2444.580847895218,2106.9608311524607,2327.9771983527744,2,20,4 Sverdrup,3 Sverdrup,10 Sverdrup,20 Sverdrup,0.2,0.2,3.6
HIGH PROD,34400.0,232.9459322366235,4957,3018,2218,5183,3336,2823,111.68958115896585,76.24088636804278,65.12657602508573,2201.053998210076,2317.078159271427,2394.5976314338814,2346.843754189983,2393.9451673224453,2444.6044276777084,2106.9862263180353,2328.0011652318276,2,20,4 Sverdrup,3 Sverdrup,10 Sverdrup,20 Sverdrup,0.2,0.2,3.6
HIGH PROD,34500.0,232.95187674999306,4957,3018,2218,5183,3336,2823,111.68963163398318,76.24264091601404,65.12715250059976,2201.080256633487,2317.107611680056,2394.624869030762,2346.8689284369207,2393.976726498284,2444.631523422015,2107.013169683259,2328.0272287598928,2,20,4 Sverdrup,3 Sverdrup,10 Sverdrup,20 Sverdrup,0.2,0.2,3.6
HIGH PROD,34600.0,232.95771592351318,4957,3018,2218,5183,3336,2823,111.68971903794278,76.2425965768095,65.12768212610207,2201.1066441631265,2317.1336052042802,2394.6520130672047,2346.894287869785,2394.001339834764,2444.658415260673,2107.039858316953,2328.053039290066,2,20,4 Sverdrup,3 Sverdrup,10 Sverdrup,20 Sverdrup,0.2,0.2,3.6
HIGH PROD,34700.0,232.9636192436563,4957,3018,2218,5183,3336,2823,111.6897943322482,76.2404919510654,65.12801338251745,2201.1329459747476,2317.1557411828126,2394.678726429004,2346.919544691445,2394.018251806041,2444.684464651644,2107.065830143992,2328.0778898827284,2,20,4 Sverdrup,3 Sverdrup,10 Sverdrup,20 Sverdrup,0.2,0.2,3.6
HIGH PROD,34800.0,232.9695685159643,4957,3018,2218,5183,3336,2823,111.68985117937903,76.24242825084005,65.12724701884447,2201.159166473836,2317.1855238265093,2394.7031220525378,2346.9446928965185,2394.0504813006605,2444.7058974007064,2107.091826005784,2328.102735992456,2,20,4 Sverdrup,3 Sverdrup,10 Sverdrup,20 Sverdrup,0.2,0.2,3.6
HIGH PROD,34900.0,232.97553540794567,4957,3018,2218,5183,3336,2823,111.6898993653565,76.24250384769782,65.12707880363793,2201.1853664370146,2317.2116928319388,2394.728786824272,2346.969807019111,2394.075497366379,2444.729876760679,2107.1179568742377,2328.1277354399595,2,20,4 Sverdrup,3 Sverdrup,10 Sverdrup,20 Sverdrup,0.2,0.2,3.6
HIGH PROD,35000.0,232.9815314877202,4957,3018,2218,5183,3336,2823,111.68993632721238,76.24047098607338,65.12753477196601,2201.211540853597,2317.2339061846833,2394.7557367219956,2346.9948778832772,2394.0926138027103,2444.756434914452,2107.1440294024665,2328.1526387137237,2,20,4 Sverdrup,3 Sverdrup,10 Sverdrup,20 Sverdrup,0.2,0.2,3.6
HIGH PROD,35100.0,232.98737176168808,4957,3018,2218,5183,3336,2823,111.69001996499759,76.24238391265355,65.12803859506532,2201.237898055245,2317.263653024797,2394.7828001199546,2347.020202234645,2394.1247624587722,2444.783193982536,2107.17103836063,2328.1788677023883,2,20,4 Sverdrup,3 Sverdrup,10 Sverdrup,20 Sverdrup,0.2,0.2,3.6
HIGH PROD,35200.0,232.99331557239705,4957,3018,2218,5183,3336,2823,111.69007739839317,76.24257720339872,65.12735568939956,2201.2641313116746,2317.2900657940195,2394.807355459659,2347.04536353244,2394.150264211075,2444.804961003437,2107.1968270155458,2328.2034441137857,2,20,4 Sverdrup,3 Sverdrup,10 Sverdrup,20 Sverdrup,0.2,0.2,3.6
HIGH PROD,35300.0,232.99920781601,4957,3018,2218,5183,3336,2823,111.69015111017576,76.24399417095032,65.12729226594699,2201.290429109471,2317.3188264280698,2394.8332347899445,2347.0706142019426,2394.1804511460637,2444.8293684028695,2107.22335632843,2328.229015366868,2,20,4 Sverdrup,3 Sverdrup,10 Sverdrup,20 Sverdrup,0.2,0.2,3.6
HIGH PROD,35400.0,233.0050248901254,4957,3018,2218,5183,3336,2823,111.69025624897493,76.24382158834516,65.12795066444727,2201.3168355041175,2317.3445874520735,2394.86063240762,2347.096021484107,2394.204613362047,2444.8567962084608,2107.2501522687803,2328.2549844313244,2,20,4 Sverdrup,3 Sverdrup,10 Sverdrup,20 Sverdrup,0.2,0.2,3.6
HIGH PROD,35500.0,233.01089989257449,4957,3018,2218,5183,3336,2823,111.69035122512375,76.24164537267187,65.12839466554671,2201.3431743511187,2317.3665688570986,2394.8875571731182,2347.1213467942075,2394.2212254136066,2444.88329125243,2107.276248816914,2328.2800157009833,2,20,4 Sverdrup,3 Sverdrup,10 Sverdrup,20 Sverdrup,0.2,0.2,3.6
HIGH PROD,35600.0,233.01680189071942,4957,3018,2218,5183,3336,2823,111.69043573040308,76.24338605573774,65.12775921241625,2201.369460189209,2317.3959764342494,2394.9122123840716,2347.1466038966637,2394.2527037328746,2444.905258472962,2107.3023445077442,2328.3050281371034,2,20,4 Sverdrup,3 Sverdrup,10 Sverdrup,20 Sverdrup,0.2,0.2,3.6
HIGH PROD,35700.0,233.02272346327575,4957,3018,2218,5183,3336,2823,111.69051259877854,76.24345586113012,65.12765107895386,2201.395719016236,2317.4221593230673,2394.9379830602256,2347.1718224121987,2394.2777439010333,2444.92946353909,2107.328506443897,2328.33010823823,2,20,4 Sverdrup,3 Sverdrup,10 Sverdrup,20 Sverdrup,0.2,0.2,3.6
HIGH PROD,35800.0,233.02867277317878,4957,3018,2218,5183,3336,2823,111.69057816160749,76.24145162652123,65.12815222059936,2201.421941797759,2317.4444260028026,2394.9650139606656,2347.196987499398,2394.2949651162016,2444.9561977579697,2107.3545999272806,2328.3550816736597,2,20,4 Sverdrup,3 Sverdrup,10 Sverdrup,20 Sverdrup,0.2,0.2,3.6
HIGH PROD,35900.0,233.03446247210357,4957,3018,2218,5183,3336,2824,111.69069159240352,76.24333070326286,65.12871765070895,2201.4483441754624,2317.474101165218,2394.9921953299104,2347.2224050436066,2394.326970537782,2444.9832063367867,2107.381646531018,2328.381404801619,2,20,4 Sverdrup,3 Sverdrup,10 Sverdrup,20 Sverdrup,0.2,0.2,3.6
HIGH PROD,36000.0,233.0403542309279,4957,3018,2218,5183,3336,2823,111.69078005468452,76.24350263179242,65.12808862195786,2201.474621417036,2317.500471557248,2395.0168500894206,2347.2476604496196,2394.3523895625167,2445.005185223187,2107.4074748991793,2328.4060786047635,2,20,4 Sverdrup,3 Sverdrup,10 Sverdrup,20 Sverdrup,0.2,0.2,3.6
HIGH PROD,36100.0,233.0463769419844,4957,3018,2218,5183,3336,2823,111.69082307165235,76.24156485473533,65.12785701393946,2201.500732355764,2317.522831371308,2395.042327165121,2347.27268055597,2394.369829758018,2445.028839683225,2107.432989296124,2328.430254672182,2,20,4 Sverdrup,3 Sverdrup,10 Sverdrup,20 Sverdrup,0.2,0.2,3.6
HIGH PROD,36200.0,233.05221753513845,4957,3018,2218,5183,3336,2823,111.69091517005732,76.24348836814927,65.12850129523721,2201.527054322813,2317.5525591769733,2395.0696632995546,2347.2979855285175,2394.4019727641307,2445.0561808872653,2107.4600682388323,2328.4565814828725,2,20,4 Sverdrup,3 Sverdrup,10 Sverdrup,20 Sverdrup,0.2,0.2,3.6
HIGH PROD,36300.0,233.05814317421886,4957,3018,2218,5183,3336,2823,111.69098535966438,76.2436898043363,65.1279461121703,2201.5532791053492,2317.5789587993227,2395.09445381358,2347.32316021228,2394.42747729579,2445.0784497628315,2107.485944412676,2328.481288810174,2,20,4 Sverdrup,3 Sverdrup,10 Sverdrup,20 Sverdrup,0.2,0.2,3.6
HIGH PROD,36400.0,233.06418651936852,4957,3018,2218,5183,3336,2823,111.69101323524494,76.24177096293774,65.12777821343983,2201.579355382895,2317.6013336673514,2395.1200485713566,2347.348121860943,2394.444968908797,2445.102355081721,2107.511487990786,2328.5054862846964,2,20,4 Sverdrup,3 Sverdrup,10 Sverdrup,20 Sverdrup,0.2,0.2,3.6
HIGH PROD,36500.0,233.07003713887167,4957,3018,2218,5183,3336,2823,111.69109335563476,76.24370616433141,65.12847736547609,2201.605653952528,2317.6310679875046,2395.1474858204842,2347.373384452094,2394.4771412859427,2445.129912104907,2107.5385839401247,2328.531828380947,2,20,4 Sverdrup,3 Sverdrup,10 Sverdrup,20 Sverdrup,0.2,0.2,3.6
HIGH PROD,36600.0,233.0759643739867,4957,3018,2218,5183,3336,2823,111.69115474966551,76.24391498704504,65.12796945681215,2201.631862907779,2317.657469320875,2395.1723627548026,2347.3985293171604,2394.502661722256,2445.152366129883,2107.56447144135,2328.5565509529793,2,20,4 Sverdrup,3 Sverdrup,10 Sverdrup,20 Sverdrup,0.2,0.2,3.6
HIGH PROD,36700.0,233.08200280806082,4957,3018,2218,5183,3336,2823,111.69117695952905,76.24200074993723,65.12784221413268,2201.6579289241226,2317.6798435047085,2395.1980312026053,2347.423471715814,2394.5201616625145,2445.176430208658,2107.590024724254,2328.5807670882245,2,20,4 Sverdrup,3 Sverdrup,10 Sverdrup,20 Sverdrup,0.2,0.2,3.6
HIGH PROD,36800.0,233.08784356473643,4957,3018,2218,5183,3336,2824,111.69125440605426,76.24393896708088,65.12857647580705,2201.6842217414187,2317.709576289833,2395.2255313193023,2347.448724386135,2394.552338747037,2445.2041236009363,2107.617131094914,2328.6071327281697,2,20,4 Sverdrup,3 Sverdrup,10 Sverdrup,20 Sverdrup,0.2,0.2,3.6
HIGH PROD,36900.0,233.09359365881585,4957,3018,2218,5183,3336,2824,111.69137183994003,76.24416810514035,65.12923941027044,2201.710629840249,2317.7360513778594,2395.2528839664888,2347.4741541056787,2394.5779694232765,2445.2315056018415,2107.6439527179605,2328.6331975375842,2,20,4 Sverdrup,3 Sverdrup,10 Sverdrup,20 Sverdrup,0.2,0.2,3.6
HIGH PROD,37000.0,233.09955261772652,4957,3018,2218,5183,3336,2824,111.69143180489328,76.2422743099471,65.12856186919156,2201.7367771180566,2317.758483851151,2395.2773846481787,2347.4992373106147,2394.5955649894618,2445.2532298435867,2107.6691644096395,2328.657037766562,2,20,4 Sverdrup,3 Sverdrup,10 Sverdrup,20 Sverdrup,0.2,0.2,3.6
HIGH PROD,37100.0,233.10561231789126,4957,3018,2218,5183,3336,2823,111.69144836225298,76.24087883090323,65.12832107738927,2201.762777133604,2317.7818456405103,2395.302794188145,2347.5241071517266,2394.615063945729,2445.276800546763,2107.6946361835303,2328.6811422543674,2,20,4 Sverdrup,3 Sverdrup,10 Sverdrup,20 Sverdrup,0.2,0.2,3.6
HIGH PROD,37200.0,233.11146174962278,4957,3018,2218,5183,3336,2824,111.69152069337332,76.24321254804613,65.1289824729277,2201.789016945991,2317.8122932491374,2395.3301211689586,2347.549300600745,2394.648698305312,2445.3041710045954,2107.7217361666017,2328.7074965111474,2,20,4 Sverdrup,3 Sverdrup,10 Sverdrup,20 Sverdrup,0.2,0.2,3.6
HIGH PROD,37300.0,233.11737425300456,4957,3018,2218,5183,3336,2823,111.69157960442409,76.24371269888768,65.12846066626362,2201.81518802737,2317.8392090846373,2395.354939934075,2347.574405228029,2394.675281415644,2445.326540083093,2107.747660704285,2328.732282527679,2,20,4 Sverdrup,3 Sverdrup,10 Sverdrup,20 Sverdrup,0.2,0.2,3.6
HIGH PROD,37400.0,233.1233878353411,4957,3018,2218,5183,3336,2823,111.69160520159367,76.2420137329003,65.12833594163106,2201.8412369401785,2317.861958428019,2395.380586717498,2347.5993370724923,2394.693561300043,2445.350589219409,2107.7732713885407,2328.7565945861743,2,20,4 Sverdrup,3 Sverdrup,10 Sverdrup,20 Sverdrup,0.2,0.2,3.6
HIGH PROD,37500.0,233.12919632867863,4957,3018,2218,5183,3336,2824,111.69169170515633,76.2441135387966,65.12908332842186,2201.8675310684644,2317.891970119962,2395.4080902485507,2347.6246062642704,2394.7263206865828,2445.378314720188,2107.8004451246047,2328.7830738700814,2,20,4 Sverdrup,3 Sverdrup,10 Sverdrup,20 Sverdrup,0.2,0.2,3.6
HIGH PROD,37600.0,233.13507269394958,4957,3018,2218,5183,3336,2824,111.69176729536782,76.24444557688982,65.12862561017589,2201.893754270047,2317.918578347282,2395.433040906385,2347.649788703292,2394.7522806957704,2445.400948551912,2107.826413906354,2328.807945119948,2,20,4 Sverdrup,3 Sverdrup,10 Sverdrup,20 Sverdrup,0.2,0.2,3.6
HIGH PROD,37700.0,233.1410539028517,4957,3018,2218,5183,3336,2824,111.69181047786986,76.24262690738789,65.12854894910335,2201.9198492026308,2317.941112345392,2395.458786740212,2347.6747940351556,2394.770120504615,2445.4251965451626,2107.8520487276496,2328.832315154094,2,20,4 Sverdrup,3 Sverdrup,10 Sverdrup,20 Sverdrup,0.2,0.2,3.6
HIGH PROD,37800.0,233.1470160286399,4957,3018,2218,5183,3336,2824,111.69185187635811,76.24129684535862,65.12911797540302,2201.9459520880946,2317.9645938681406,2395.4858777943955,2347.699804275032,2394.78986175097,2445.4521369837835,2107.8781801407404,2328.8573429994062,2,20,4 Sverdrup,3 Sverdrup,10 Sverdrup,20 Sverdrup,0.2,0.2,3.6
HIGH PROD,37900.0,233.15277771626143,4957,3018,2218,5183,3336,2824,111.69195479792847,76.24368496950618,65.12977359905284,2201.972281380444,2317.995148529431,2395.5131724559415,2347.7251346395788,2394.8237053829603,2445.4794507129805,2107.905321572926,2328.8838216770673,2,20,4 Sverdrup,3 Sverdrup,10 Sverdrup,20 Sverdrup,0.2,0.2,3.6
HIGH PROD,38000.0,233.15860984011707,4957,3018,2218,5183,3336,2824,111.6920475574608,76.24423257079532,65.12924654278973,2201.9985271474925,2318.022158632597,2395.5379710832112,2347.750367463697,2394.8504711027886,2445.5017890993795,2107.931267727952,2328.9087046157765,2,20,4 Sverdrup,3 Sverdrup,10 Sverdrup,20 Sverdrup,0.2,0.2,3.6
HIGH PROD,38100.0,233.16454927725155,4957,3018,2218,5183,3336,2824,111.69210946299691,76.24257585744793,65.12912172374254,2202.0246425835867,2318.044991812115,2395.563608153297,2347.7754238219422,2394.868913834229,2445.5258289628505,2107.9569156563575,2328.9331279766407,2,20,4 Sverdrup,3 Sverdrup,10 Sverdrup,20 Sverdrup,0.2,0.2,3.6
HIGH PROD,38200.0,233.17047236408015,4957,3018,2218,5183,3336,2824,111.69217122141029,76.24136875983761,65.12965836561403,2202.050769155298,2318.068698605618,2395.590623513378,2347.800490874771,2394.889111282413,2445.552627037004,2107.9830821724363,2328.958233391807,2,20,4 Sverdrup,3 Sverdrup,10 Sverdrup,20 Sverdrup,0.2,0.2,3.6
HIGH PROD,38300.0,233.17619771778476,4957,3018,2218,5183,3336,2824,111.692295794398,76.24385147623572,65.13029332314123,2202.077126751217,2318.0994255502123,2395.6178676479058,2347.825884626559,2394.923305047783,2445.579847821748,2108.010268470891,2328.9847990392145,2,20,4 Sverdrup,3 Sverdrup,10 Sverdrup,20 Sverdrup,0.2,0.2,3.6
HIGH PROD,38400.0,233.1819959409827,4957,3018,2218,5183,3336,2824,111.69241100897344,76.24447328616068,65.12975431235287,2202.103404859681,2318.1265700151484,2395.6426347821953,2347.851186028881,2394.9503442589485,2445.602130266324,2108.0362614514183,2329.0097691765277,2,20,4 Sverdrup,3 Sverdrup,10 Sverdrup,20 Sverdrup,0.2,0.2,3.6
HIGH PROD,38500.0,233.1879036083699,4957,3018,2218,5183,3336,2824,111.69249569171104,76.24287554625162,65.12962388128493,2202.129555274069,2318.14951020417,2395.668254551233,2347.8763140230812,2394.9690047272406,2445.6261415790623,2108.061953816814,2329.034275141755,2,20,4 Sverdrup,3 Sverdrup,10 Sverdrup,20 Sverdrup,0.2,0.2,3.6
HIGH PROD,38600.0,233.19396030713068,4957,3018,2218,5183,3336,2824,111.6925242336649,76.24169860774163,65.12901931839488,2202.1555169764792,2318.1732290304994,2395.6928411315052,2347.901167310933,2394.9892727423426,2445.6481207555607,2108.0872385940806,2329.0581430356865,2,20,4 Sverdrup,3 Sverdrup,10 Sverdrup,20 Sverdrup,0.2,0.2,3.6
HIGH PROD,38700.0,233.1998839734714,4957,3018,2218,5183,3336,2824,111.69258011954109,76.24418556264044,65.12909324287594,2202.1816300008586,2318.203894743241,2395.718878345351,2347.926211872759,2395.0234164182434,2445.6729794271746,2108.113894422617,2329.08387371274,2,20,4 Sverdrup,3 Sverdrup,10 Sverdrup,20 Sverdrup,0.2,0.2,3.6
HIGH PROD,38800.0,233.2056639632717,4957,3019,2218,5183,3336,2824,111.69268506694618,76.24481530706683,65.1299196547524,2202.207931254849,2318.2310345600335,2395.746509467801,2347.9515187712727,2395.0504666049683,2445.700996907884,2108.140870871465,2329.1101216342054,2,20,4 Sverdrup,3 Sverdrup,10 Sverdrup,20 Sverdrup,0.2,0.2,3.6
HIGH PROD,38900.0,233.21161213403133,4957,3018,2218,5183,3336,2824,111.69274408907457,76.24321646741832,65.12940629856853,2202.2340309668416,2318.253948973146,2395.77128669402,2347.9765551583873,2395.0691001880355,2445.7233419751065,2108.166247635988,2329.1341876750266,2,20,4 Sverdrup,3 Sverdrup,10 Sverdrup,20 Sverdrup,0.2,0.2,3.6
HIGH PROD,39000.0,233.21762983066134,4957,3018,2218,5183,3336,2824,111.69277123689974,76.242041174948,65.12932048689622,2202.2600248951935,2318.277667289896,2395.7969617034396,2348.001437182603,2395.0893710232976,2445.7475033216924,2108.19186210986,2329.1585159870215,2,20,4 Sverdrup,3 Sverdrup,10 Sverdrup,20 Sverdrup,0.2,0.2,3.6
HIGH PROD,39100.0,233.22359637848453,4957,3018,2218,5183,3336,2824,111.69280246638957,76.24119640186402,65.1299113885067,2202.286057681148,2318.3020035650916,2395.8240508041554,2348.0263635389856,2395.1108796307603,2445.774490520818,2108.2180342811794,2329.183601366476,2,20,4 Sverdrup,3 Sverdrup,10 Sverdrup,20 Sverdrup,0.2,0.2,3.6
HIGH PROD,39200.0,233.22933715246492,4957,3018,2218,5183,3336,2824,111.69290333031452,76.2439412415293,65.13060840903225,2202.31234666103,2318.333178165321,2395.8513879337193,2348.051652094727,2395.1460139985097,2445.8019355856186,2108.2452422494266,2329.210189160654,2,20,4 Sverdrup,3 Sverdrup,10 Sverdrup,20 Sverdrup,0.2,0.2,3.6
HIGH PROD,39300.0,233.2351293609975,4957,3019,2218,5183,3336,2824,111.6930029289848,76.24475252862827,65.1301342860851,2202.338579023783,2318.3606421983327,2395.8762568608013,2348.076883763775,2395.1737305411516,2445.824456835804,2108.271271521951,2329.235216772516,2,20,4 Sverdrup,3 Sverdrup,10 Sverdrup,20 Sverdrup,0.2,0.2,3.6
HIGH PROD,39400.0,233.24101481753,4957,3018,2218,5183,3336,2824,111.69308038152018,76.24329369354449,65.13006862344396,2202.364703988331,2318.3838126183805,2395.90198023077,2348.1019754716995,2395.192882988219,2445.848707663067,2108.2970112404378,2329.259806428558,2,20,4 Sverdrup,3 Sverdrup,10 Sverdrup,20 Sverdrup,0.2,0.2,3.6
HIGH PROD,39500.0,233.24687365875346,4957,3018,2218,5183,3336,2824,111.69316564838381,76.24223753970107,65.13066675508739,2202.3908586318366,2318.407774964865,2395.929090417425,2348.127108927565,2395.213619913752,2445.875730212627,2108.3232723447713,2329.2850896376726,2,20,4 Sverdrup,3 Sverdrup,10 Sverdrup,20 Sverdrup,0.2,0.2,3.6
HIGH PROD,39600.0,233.2528742649703,4957,3018,2218,5183,3336,2824,111.69320205856988,76.24147495223328,65.13000827949045,2202.4168276691494,2318.432244967041,2395.953523881644,2348.1519825696596,2395.235417215777,2445.897433688402,2108.348575597638,2329.309031306723,2,20,4 Sverdrup,3 Sverdrup,10 Sverdrup,20 Sverdrup,0.2,0.2,3.6
HIGH PROD,39700.0,233.25873535736014,4957,3018,2218,5183,3336,2824,111.69327268057559,76.24426982043555,65.13005166154771,2202.442952418557,2318.463464294351,2395.9794685717447,2348.1770631731874,2395.2706925345024,2445.9221378149996,2108.375258898943,2329.3348542976846,2,20,4 Sverdrup,3 Sverdrup,10 Sverdrup,20 Sverdrup,0.2,0.2,3.6
HIGH PROD,39800.0,233.26461216154598,4957,3019,2218,5183,3336,2824,111.69334342725125,76.24511247356146,65.1297276252182,2202.469075168485,2318.490941295264,2396.0046294627905,2348.2021417499186,2395.2984826032725,2445.945277268646,2108.4013744765703,2329.359925604122,2,20,4 Sverdrup,3 Sverdrup,10 Sverdrup,20 Sverdrup,0.2,0.2,3.6
HIGH PROD,39900.0,233.27055455259412,4957,3018,2218,5183,3336,2824,111.69339538852516,76.24367187156695,65.12979524157448,2202.495130475516,2318.5141090796237,2396.0306043612436,2348.2271242104316,2395.3176681957952,2445.9700580503563,2108.42718786047,2329.3845632879797,2,20,4 Sverdrup,3 Sverdrup,10 Sverdrup,20 Sverdrup,0.2,0.2,3.6
HIGH PROD,40000.0,233.27644818322187,4957,3018,2218,5183,3336,2824,111.69345891001794,76.24262508389185,65.13050698617971,2202.52123892903,2318.538060881255,2396.0579292920715,2348.2521771410147,2395.338413534107,2445.9975325541727,2108.453486954723,2329.409869000414,2,20,4 Sverdrup,3 Sverdrup,10 Sverdrup,20 Sverdrup,0.2,0.2,3.6
HIGH PROD,40100.0,233.28230204979127,4957,3018,2218,5183,3336,2824,111.69353364802528,76.24188394605703,65.13108556165467,2202.547376751209,2318.562591759101,2396.084966700463,2348.277276951284,2395.3603111544594,2446.024430318254,2108.4797301246826,2329.435136971912,2,20,4 Sverdrup,3 Sverdrup,10 Sverdrup,20 Sverdrup,0.2,0.2,3.6
HIGH PROD,40200.0,233.28828592898168,4957,3018,2218,5183,3336,2824,111.69356357517466,76.24135189969053,65.13041965392587,2202.573328100805,2318.587473957008,2396.109364209193,2348.302122906872,2395.382953679231,2446.0460834906166,2108.5050125820194,2329.4590723301967,2,20,4 Sverdrup,3 Sverdrup,10 Sverdrup,20 Sverdrup,0.2,0.2,3.6
HIGH PROD,40300.0,233.29412144232256,4957,3018,2218,5183,3336,2824,111.69363289563182,76.244315998587,65.13046756600185,2202.599441275149,2318.6189931844747,2396.13529843755,2348.327190375581,2395.418847333533,2446.070787903497,2108.531706234843,2329.4849343844153,2,20,4 Sverdrup,3 Sverdrup,10 Sverdrup,20 Sverdrup,0.2,0.2,3.6
HIGH PROD,40400.0,233.29996655510072,4957,3019,2218,5183,3336,2824,111.69370775477852,76.24528461203906,65.13015608810997,2202.6255620473,2318.646690528639,2396.160466509957,2348.35227405333,2395.4470942015437,2446.0939616842484,2108.5578542609414,2329.5100762053025,2,20,4 Sverdrup,3 Sverdrup,10 Sverdrup,20 Sverdrup,0.2,0.2,3.6
HIGH PROD,40500.0,233.30587327170673,4957,3018,2218,5183,3336,2824,111.69376886310401,76.24393871293965,65.1302412280858,2202.651625509773,2318.6700228078876,2396.1864605380697,2348.377279734204,2395.466622377935,2446.1187990603466,2108.583712148961,2329.534802105067,2,20,4 Sverdrup,3 Sverdrup,10 Sverdrup,20 Sverdrup,0.2,0.2,3.6
HIGH PROD,40600.0,233.3117286579284,4957,3018,2218,5183,3336,2824,111.69384589320363,76.24296447038735,65.13097351061064,2202.67775117894,2318.694100164174,2396.2138124786147,2348.4023718520066,2395.487629988367,2446.146344202737,2108.6100609585737,2329.560204279133,2,20,4 Sverdrup,3 Sverdrup,10 Sverdrup,20 Sverdrup,0.2,0.2,3.6
HIGH PROD,40700.0,233.31770628986223,4957,3018,2218,5183,3336,2824,111.69388184405331,76.24226291489808,65.13043418312941,2202.703712553696,2318.7186545989134,2396.238460165636,2348.427237544957,2395.509627509535,2446.1685109575205,2108.6354329959727,2329.5842577677986,2,20,4 Sverdrup,3 Sverdrup,10 Sverdrup,20 Sverdrup,0.2,0.2,3.6
HIGH PROD,40800.0,233.32371260096915,4957,3018,2218,5183,3336,2824,111.69389666893844,76.24175957660306,65.13036809086245,2202.7296143255403,2318.743558238367,2396.264106537801,2348.4520110748863,2395.5323468034094,2446.192689101708,2108.661120967347,2329.608700701512,2,20,4 Sverdrup,3 Sverdrup,10 Sverdrup,20 Sverdrup,0.2,0.2,3.6
HIGH PROD,40900.0,233.32945265524228,4957,3019,2219,5183,3336,2824,111.69399126497143,76.2447541739073,65.13122260716136,2202.7558290981924,2318.775136960326,2396.291720662553,2348.47721844686,2395.5683575166363,2446.2207548245337,2108.6884584992486,2329.635464300041,2,20,4 Sverdrup,3 Sverdrup,10 Sverdrup,20 Sverdrup,0.2,0.2,3.6
HIGH PROD,41000.0,233.33504991208724,4957,3019,2219,5183,3336,2824,111.6941520233888,76.24576949367791,65.13204126746044,2202.782236390193,2318.802971075286,2396.319273519725,2348.5027205696756,2395.5968265928173,2446.2486683094867,2108.7155563737438,2329.6620237179895,2,20,4 Sverdrup,3 Sverdrup,10 Sverdrup,20 Sverdrup,0.2,0.2,3.6
HIGH PROD,41100.0,233.34081773442634,4957,3018,2219,5183,3336,2824,111.69428060157495,76.24446927268257,65.13153928584526,2202.8084484673195,2318.8264212785293,2396.344026523399,2348.527981257171,2395.616556870954,2446.271015919623,2108.741068199299,2329.686418357436,2,20,4 Sverdrup,3 Sverdrup,10 Sverdrup,20 Sverdrup,0.2,0.2,3.6
HIGH PROD,41200.0,233.3466585822558,4957,3018,2219,5183,3336,2824,111.69438868506302,76.24353051514295,65.13148279143088,2202.8345663001915,2318.8505625006574,2396.369717263114,2348.5531176364557,2395.6376950982676,2446.2952565763835,2108.766847970405,2329.7111088331035,2,20,4 Sverdrup,3 Sverdrup,10 Sverdrup,20 Sverdrup,0.2,0.2,3.6
HIGH PROD,41300.0,233.35261635560352,4957,3018,2218,5183,3336,2824,111.69445376138007,76.24286062231701,65.13097531438055,2202.86053380398,2318.875166759453,2396.3944295212145,2348.5780380375927,2395.6598023229685,2446.3175676577785,2108.792276231595,2329.735254503132,2,20,4 Sverdrup,3 Sverdrup,10 Sverdrup,20 Sverdrup,0.2,0.2,3.6
HIGH PROD,41400.0,233.3585995162479,4957,3018,2218,5183,3336,2824,111.69449704494146,76.24238611677335,65.13094444109757,2202.8864573264977,2318.900113756475,2396.4201378472812,2348.602880079793,2395.682619614961,2446.3418816006542,2108.818041989732,2329.759815465481,2,20,4 Sverdrup,3 Sverdrup,10 Sverdrup,20 Sverdrup,0.2,0.2,3.6
HIGH PROD,41500.0,233.36449725601727,4957,3018,2219,5183,3336,2824,111.69455647260419,76.24206250758044,65.13161671716033,2202.9124722118795,2318.925351752629,2396.4473230971817,2348.627836871226,2395.706010498427,2446.3691383199207,2108.844384601108,2329.7851838717074,2,20,4 Sverdrup,3 Sverdrup,10 Sverdrup,20 Sverdrup,0.2,0.2,3.6
HIGH PROD,41600.0,233.3704902990555,4957,3018,2218,5183,3336,2824,111.69457931440132,76.24183628527314,65.13105525258098,2202.938355136475,2318.9507418111157,2396.471885861206,2348.6526057312276,2395.7297372113767,2446.3911765614916,2108.8697941716723,2329.809278606442,2,20,4 Sverdrup,3 Sverdrup,10 Sverdrup,20 Sverdrup,0.2,0.2,3.6
HIGH PROD,41700.0,233.37649154062385,4957,3018,2218,5183,3336,2824,111.69458759206813,76.24168109071452,65.13099214626601,2202.964209762964,2318.9762500552793,2396.4975034063145,2348.677323352572,2395.753715961302,2446.4153343662447,2108.895547290563,2329.833812430574,2,20,4 Sverdrup,3 Sverdrup,10 Sverdrup,20 Sverdrup,0.2,0.2,3.6
HIGH PROD,41800.0,233.3822112534321,4957,3019,2219,5183,3336,2824,111.69468278149768,76.2449315480176,65.13186584590595,2202.990404770968,2319.0082700043517,2396.5251261335748,2348.7025129451927,2395.7906502097826,2446.4434505524864,2108.9229632746296,2329.860695022389,2,20,4 Sverdrup,3 Sverdrup,10 Sverdrup,20 Sverdrup,0.2,0.2,3.6
HIGH PROD,41900.0,233.38777702088444,4957,3019,2219,5183,3336,2824,111.69485098181048,76.24613727877868,65.13271365217733,2203.0168143963324,2319.0364303252472,2396.552711857831,2348.7280299175427,2395.819803726254,2446.471459241202,2108.950142749847,2329.8873863323397,2,20,4 Sverdrup,3 Sverdrup,10 Sverdrup,20 Sverdrup,0.2,0.2,3.6
HIGH PROD,42000.0,233.39350510187427,4957,3019,2219,5183,3336,2824,111.69499316203294,76.24498035198538,65.1322468014778,2203.0430455960627,2319.0601258350725,2396.5775130521383,2348.753331804261,2395.840048628203,2446.493929317684,2108.9757339223725,2329.911916689475,2,20,4 Sverdrup,3 Sverdrup,10 Sverdrup,20 Sverdrup,0.2,0.2,3.6
HIGH PROD,42100.0,233.39930022320328,4957,3018,2219,5183,3336,2824,111.69512013422653,76.24415094613019,65.13222831789919,2203.06919462063,2319.084455371387,2396.603260930259,2348.7785297698197,2395.8615809842395,2446.5183074312454,2109.001588177978,2329.9367418814177,2,20,4 Sverdrup,3 Sverdrup,10 Sverdrup,20 Sverdrup,0.2,0.2,3.6
HIGH PROD,42200.0,233.405207958505,4957,3018,2219,5183,3336,2824,111.69520850944497,76.24356644111016,65.13176010533223,2203.0952015846133,2319.1092077155063,2396.628035052695,2348.803527040946,2395.883996982386,2446.5407629878237,2109.027085559142,2329.9610192453633,2,20,4 Sverdrup,3 Sverdrup,10 Sverdrup,20 Sverdrup,0.2,0.2,3.6
HIGH PROD,42300.0,233.41113807584546,4957,3018,2219,5183,3336,2824,111.69527869456805,76.24316036620264,65.1317683948302,2203.121169938589,2319.134274261847,2396.6538070687006,2348.8284571237127,2395.9070625957993,2446.565223068606,2109.0529154158967,2329.9857083180445,2,20,4 Sverdrup,3 Sverdrup,10 Sverdrup,20 Sverdrup,0.2,0.2,3.6
HIGH PROD,42400.0,233.41714443046544,4957,3018,2219,5183,3336,2824,111.69531201708664,76.24287569770796,65.13133906945083,2203.147031942578,2319.1595364417635,2396.6786341689144,2348.853223598346,2395.9305527745523,2446.5878140987243,2109.0783959338683,2330.0098879170514,2,20,4 Sverdrup,3 Sverdrup,10 Sverdrup,20 Sverdrup,0.2,0.2,3.6
HIGH PROD,42500.0,233.42314433675602,4957,3018,2219,5183,3336,2824,111.69533184842886,76.24268005676109,65.13139169202357,2203.1728852690517,2319.184952635588,2396.704473570981,2348.8779594038965,2395.9543644678192,2446.6124352132365,2109.1042181333914,2330.0345137101185,2,20,4 Sverdrup,3 Sverdrup,10 Sverdrup,20 Sverdrup,0.2,0.2,3.6
HIGH PROD,42600.0,233.4290343067596,4957,3018,2219,5183,3336,2824,111.69537703551458,76.24255923069462,65.13214803910355,2203.1988585405807,2319.2105275006998,2396.7317951952928,2348.9028527311502,2395.978474365244,2446.6400053080934,2109.130621657548,2330.0599720804803,2,20,4 Sverdrup,3 Sverdrup,10 Sverdrup,20 Sverdrup,0.2,0.2,3.6
HIGH PROD,42700.0,233.43500094895919,4957,3018,2219,5183,3336,2824,111.69539490006629,76.24248183405791,65.1316684761628,2203.2247228798137,2319.236162289187,2396.756493005774,2348.92759564833,2396.0027264152327,2446.662350499316,2109.156095247812,2330.0841754645444,2,20,4 Sverdrup,3 Sverdrup,10 Sverdrup,20 Sverdrup,0.2,0.2,3.6
HIGH PROD,42800.0,233.4409619062634,4957,3018,2219,5183,3336,2824,111.69540695628002,76.24243757402196,65.13168304863109,2203.2505772791947,2319.2618515790255,2396.7822402990028,2348.9523195577676,2396.0270954767416,2446.6868014118277,2109.1819139921404,2330.108831191668,2,20,4 Sverdrup,3 Sverdrup,10 Sverdrup,20 Sverdrup,0.2,0.2,3.6
HIGH PROD,42900.0,233.44681433729085,4957,3018,2219,5183,3336,2824,111.69545116430108,76.2424283822975,65.13241482812582,2203.276556607786,2319.2876286436413,2396.80949811981,2348.9772171318587,2396.0516171914132,2446.7142574764302,2109.2083414519257,2330.1343517149394,2,20,4 Sverdrup,3 Sverdrup,10 Sverdrup,20 Sverdrup,0.2,0.2,3.6
HIGH PROD,43000.0,233.45274548831688,4957,3018,2219,5183,3336,2824,111.6954736377414,76.24243444325985,65.13192041772454,2203.302434122716,2319.3134156589063,2396.834153734301,2349.001980456793,2396.076178146623,2446.736530500253,2109.2338537530054,2330.1586334772674,2,20,4 Sverdrup,3 Sverdrup,10 Sverdrup,20 Sverdrup,0.2,0.2,3.6
HIGH PROD,43100.0,233.458673078226,4957,3018,2219,5183,3336,2824,111.6954946001511,76.24245367985056,65.13192746742581,2203.3283084240434,2319.3392221110385,2396.859875184572,2349.0267383714954,2396.100783526456,2446.7609402430003,2109.2597165268826,2330.1833719850415,2,20,4 Sverdrup,3 Sverdrup,10 Sverdrup,20 Sverdrup,0.2,0.2,3.6
HIGH PROD,43200.0,233.46449422437178,4957,3018,2219,5183,3336,2824,111.69555083736665,76.2424938299671,65.132656724524,2203.3543128336637,2319.3650916802094,2396.887119429066,2349.051680121933,2396.125490289502,2446.7883779646986,2109.286187645487,2330.2089731691485,2,20,4 Sverdrup,3 Sverdrup,10 Sverdrup,20 Sverdrup,0.2,0.2,3.6
HIGH PROD,43300.0,233.47039599372198,4957,3018,2219,5183,3336,2824,111.69558748671493,76.2425391626444,65.13216344749976,2203.3802188235145,2319.390953711761,2396.9117706230872,2349.0764944683983,2396.15019988188,2446.8106494210892,2109.3117405956523,2330.233330507236,2,20,4 Sverdrup,3 Sverdrup,10 Sverdrup,20 Sverdrup,0.2,0.2,3.6
HIGH PROD,43400.0,233.47629581304497,4957,3018,2219,5183,3336,2824,111.69562401092476,76.24259048071448,65.13217430329074,2203.4061234079436,2319.4168225919702,2396.937494388909,2349.1013074494645,2396.1749277889653,2446.8350697627866,2109.3376401387195,2330.258138590516,2,20,4 Sverdrup,3 Sverdrup,10 Sverdrup,20 Sverdrup,0.2,0.2,3.6
HIGH PROD,43500.0,233.48209053086742,4957,3018,2219,5183,3336,2824,111.69569662391197,76.24265753628045,65.1329092559764,2203.4321586667434,2319.442745336799,2396.964745863968,2349.1263061623117,2396.19973809716,2446.8625268525902,2109.364144137069,2330.2838035383024,2,20,4 Sverdrup,3 Sverdrup,10 Sverdrup,20 Sverdrup,0.2,0.2,3.6
HIGH PROD,43600.0,233.48796699803248,4957,3018,2219,5183,3336,2824,111.69575005260599,76.24272600787678,65.13242305670315,2203.458095192378,2319.468653569105,2396.9894078598372,2349.151177839185,2396.2245371950626,2446.884823991066,2109.3897264988436,2330.3082195268385,2,20,4 Sverdrup,3 Sverdrup,10 Sverdrup,20 Sverdrup,0.2,0.2,3.6
HIGH PROD,43700.0,233.49384249046423,4957,3018,2219,5183,3336,2824,111.69580347353889,76.24279769250313,65.13244186186802,2203.484029426196,2319.4945632429694,2397.0151449245104,2349.1760475011306,2396.2493440144817,2446.9092743909405,2109.41565251173,2330.3330819610896,2,20,4 Sverdrup,3 Sverdrup,10 Sverdrup,20 Sverdrup,0.2,0.2,3.6
HIGH PROD,43800.0,233.49961369878056,4957,3018,2219,5183,3336,2824,111.69589290970724,76.24288304390045,65.13318539546987,2203.5100931339766,2319.5205224785987,2397.042411411638,2349.20110162344,2396.274225070732,2446.936764521865,2109.4421806531027,2330.358797757658,2,20,4 Sverdrup,3 Sverdrup,10 Sverdrup,20 Sverdrup,0.2,0.2,3.6
HIGH PROD,43900.0,233.50546734974088,4957,3018,2219,5183,3336,2824,111.69596297011644,76.24296823993285,65.13270823999683,2203.5360567735574,2319.5464636968254,2397.067089582236,2349.2260271071827,2396.299088491214,2446.9590967279883,2109.467785339945,2330.383261804433,2,20,4 Sverdrup,3 Sverdrup,10 Sverdrup,20 Sverdrup,0.2,0.2,3.6
HIGH PROD,44000.0,233.51132065239486,4957,3018,2219,5183,3336,2824,111.69603275772333,76.24305543485134,65.13273629131963,2203.5620167596717,2319.5724034426144,2397.0928435063474,2349.250948833384,2396.323954473446,2446.9835833882476,2109.493732220778,2330.4081700520424,2,20,4 Sverdrup,3 Sverdrup,10 Sverdrup,20 Sverdrup,0.2,0.2,3.6
HIGH PROD,44100.0,233.51723398130008,4957,3018,2219,5183,3336,2824,111.69608236732861,76.24313779511948,65.13234927730882,2203.5879038971016,2319.598315298005,2397.1177054504737,2349.275766921841,2396.3487842898376,2447.00630035168,2109.51935804408,2330.4326163835103,2,20,4 Sverdrup,3 Sverdrup,10 Sverdrup,20 Sverdrup,0.2,0.2,3.6
HIGH PROD,44200.0,233.52312977716596,4957,3018,2219,5183,3336,2824,111.69613307764646,76.24321925187546,65.1324582311027,2203.613811181238,2319.624223661949,2397.1436149402743,2349.3006063226007,2396.3736090514376,2447.03111135208,2109.545337596082,2330.457532233231,2,20,4 Sverdrup,3 Sverdrup,10 Sverdrup,20 Sverdrup,0.2,0.2,3.6
HIGH PROD,44300.0,233.52890823020698,4957,3018,2219,5183,3336,2824,111.69622132501573,76.243311708375,65.13327904366156,2203.639861063044,2319.6501799117664,2397.171029366955,2349.3256452869914,2396.3985012220774,2447.0589107242467,2109.57189898728,2330.483287048531,2,20,4 Sverdrup,3 Sverdrup,10 Sverdrup,20 Sverdrup,0.2,0.2,3.6
HIGH PROD,44400.0,233.5347586117554,4957,3018,2219,5183,3336,2824,111.69629209606715,76.24340247501922,65.13286835360897,2203.665818527988,2319.6761180700305,2397.1958340290184,2349.3505661085064,2396.4233726785315,2447.0815080153134,2109.597524945453,2330.5077840819704,2,20,4 Sverdrup,3 Sverdrup,10 Sverdrup,20 Sverdrup,0.2,0.2,3.6
HIGH PROD,44500.0,233.5406003586766,4957,3018,2219,5183,3336,2824,111.69636479996691,76.24349459030533,65.13295359239702,2203.6917772876923,2319.702055566162,2397.221695987521,2349.3754916099997,2396.4482462012343,2447.1062222048818,2109.6234883495686,2330.5327263709355,2,20,4 Sverdrup,3 Sverdrup,10 Sverdrup,20 Sverdrup,0.2,0.2,3.6
HIGH PROD,44600.0,233.5463319313085,4957,3018,2219,5183,3336,2824,111.69647560164674,76.2435994356107,65.1337560469166,2203.7178680211605,2319.7280415429377,2397.2490721114696,2349.400607456931,2396.473191101386,2447.1339451800186,2109.6500524836156,2330.558525002367,2,20,4 Sverdrup,3 Sverdrup,10 Sverdrup,20 Sverdrup,0.2,0.2,3.6
HIGH PROD,44700.0,233.55214154594526,4957,3018,2219,5183,3336,2824,111.69656914745536,76.24370386458922,65.13333162824922,2203.7438608734205,2319.75400918454,2397.273847062283,2349.4256002975635,2396.4981175568114,2447.156484277096,2109.675694228053,2330.5830766094336,2,20,4 Sverdrup,3 Sverdrup,10 Sverdrup,20 Sverdrup,0.2,0.2,3.6
HIGH PROD,44800.0,233.55794770266778,4957,3018,2219,5183,3336,2824,111.69666446151213,76.24381050011868,65.13340698125205,2203.7698522088585,2319.779975608871,2397.2996868909463,2349.450594852975,2396.5230472345474,2447.1811559341654,2109.70168012253,2330.6080773159083,2,20,4 Sverdrup,3 Sverdrup,10 Sverdrup,20 Sverdrup,0.2,0.2,3.6
HIGH PROD,44900.0,233.5638117009509,4957,3018,2219,5183,3336,2824,111.6967414847184,76.24391281204657,65.13306296643688,2203.795772859349,2319.8059148306115,2397.3246257139394,2349.4754909949434,2396.547942411388,2447.2040397274272,2109.7273472203883,2330.63262044088,2,20,4 Sverdrup,3 Sverdrup,10 Sverdrup,20 Sverdrup,0.2,0.2,3.6
HIGH PROD,45000.0,233.56965673201006,4957,3018,2219,5183,3336,2824,111.69682127546871,76.24401490284956,65.13321127894224,2203.8217157625386,2319.831851540427,2397.3506043886973,2349.5004132513054,2396.5728348125217,2447.2290020615787,2109.753369945811,2330.6576363716886,2,20,4 Sverdrup,3 Sverdrup,10 Sverdrup,20 Sverdrup,0.2,0.2,3.6
HIGH PROD,45100.0,233.57554740605815,4957,3018,2219,5183,3336,2824,111.69688415354618,76.24411121197339,65.13292825232904,2203.8476022021655,2319.857762287801,2397.375660237234,2349.525253022689,2396.597691037954,2447.2521306070785,2109.779053846065,2330.6821802627724,2,20,4 Sverdrup,3 Sverdrup,10 Sverdrup,20 Sverdrup,0.2,0.2,3.6
HIGH PROD,45200.0,233.58140912107453,4958,3018,2219,5183,3336,2824,111.69695153537802,76.24420661764222,65.13312790837202,2203.873519395772,2319.883672778218,2397.4017367352094,2349.550129938894,2396.62254529898,2447.2772980423474,2109.8050813566892,2330.7071904204645,2,20,4 Sverdrup,3 Sverdrup,10 Sverdrup,20 Sverdrup,0.2,0.2,3.6
HIGH PROD,45300.0,233.58714463799149,4958,3018,2219,5183,3336,2824,111.69705991603652,76.24431372089855,65.13402802267714,2203.899586706967,2319.909634957754,2397.429295449982,2349.5752194084735,2396.6474719742546,2447.3054076144435,2109.83168715183,2330.7330423362137,2,20,4 Sverdrup,3 Sverdrup,10 Sverdrup,20 Sverdrup,0.2,0.2,3.6
HIGH PROD,45400.0,233.59294545625676,4958,3018,2219,5183,3336,2824,111.69715424042049,76.24442032555538,65.13368723068295,2203.925567550052,2319.9355830768045,2397.4542257276958,2349.6002021688982,2396.672384130066,2447.328277237368,2109.8573578268047,2330.7576423222527,2,20,4 Sverdrup,3 Sverdrup,10 Sverdrup,20 Sverdrup,0.2,0.2,3.6
HIGH PROD,45500.0,233.5987327071334,4958,3018,2219,5183,3336,2824,111.69725374088081,76.24452977917645,65.13383483949787,2203.9515548005443,2319.9615346168994,2397.4801973001,2349.625199917749,2396.6973051974596,2447.3532313245128,2109.8833680611842,2330.7826938358044,2,20,4 Sverdrup,3 Sverdrup,10 Sverdrup,20 Sverdrup,0.2,0.2,3.6
HIGH PROD,45600.0,233.6045701080643,4958,3019,2219,5183,3336,2824,111.69733843196757,76.24463608487214,65.13355317395586,2203.9774775690453,2319.98746366061,2397.5052484938697,2349.650111027452,2396.722198569536,2447.3763581739677,2109.909059527561,2330.8072941638666,2,20,4 Sverdrup,3 Sverdrup,10 Sverdrup,20 Sverdrup,0.2,0.2,3.6
HIGH PROD,45700.0,233.61038275588746,4958,3019,2219,5183,3336,2824,111.69742929894963,76.24474370413088,65.1337558580058,2204.0034279661595,2320.0133948501184,2397.531323416593,2349.6750591007785,2396.74709662802,2447.4015307980103,2109.9351090307478,2330.832374828706,2,20,4 Sverdrup,3 Sverdrup,10 Sverdrup,20 Sverdrup,0.2,0.2,3.6
HIGH PROD,45800.0,233.61623677036502,4958,3019,2219,5183,3336,2824,111.69750645501242,76.24484728246468,65.13352078813769,2204.0293268077144,2320.039304621361,2397.556462214215,2349.6999347327273,2396.7719662666655,2447.4248425287906,2109.960822938335,2330.8569906075645,2,20,4 Sverdrup,3 Sverdrup,10 Sverdrup,20 Sverdrup,0.2,0.2,3.6
HIGH PROD,45900.0,233.62205884283708,4958,3019,2219,5183,3336,2824,111.69759102338159,76.24495178296915,65.13376280654141,2204.0552609019555,2320.0652184973264,2397.5826108727647,2349.724856692374,2396.7968416929366,2447.4501710645413,2109.9868834868203,2330.8820787484187,2,20,4 Sverdrup,3 Sverdrup,10 Sverdrup,20 Sverdrup,0.2,0.2,3.6
HIGH PROD,46000.0,233.62791646029356,4958,3019,2219,5183,3336,2824,111.69766328336857,76.24505225449856,65.13356102580826,2204.081148192542,2320.0911131948696,2397.6078114769784,2349.749713105014,2396.821690860841,2447.473614135257,2110.0126028889026,2330.9067000386326,2,20,4 Sverdrup,3 Sverdrup,10 Sverdrup,20 Sverdrup,0.2,0.2,3.6
HIGH PROD,46100.0,233.63373754627162,4958,3019,2219,5183,3336,2824,111.69774448094792,76.24515397554629,65.13383125312347,2204.1070740592713,2320.1170142824626,2397.6340118549474,2349.7746215819275,2396.846548641759,2447.499053390598,2110.0386671313813,2330.931795274315,2,20,4 Sverdrup,3 Sverdrup,10 Sverdrup,20 Sverdrup,0.2,0.2,3.6
HIGH PROD,46200.0,233.6395906321095,4958,3019,2219,5183,3336,2824,111.69781494821362,76.24525222866231,65.13365351292518,2204.1329557928057,2320.142898445082,2397.659255785984,2349.799469708911,2396.8713834179885,2447.5225900692085,2110.0643905555726,2330.9564269212106,2,20,4 Sverdrup,3 Sverdrup,10 Sverdrup,20 Sverdrup,0.2,0.2,3.6
HIGH PROD,46300.0,233.6454045155782,4958,3019,2219,5183,3336,2824,111.69789591017913,76.24535245148245,65.13394430241641,2204.15887847632,2320.1687911940876,2397.6854925727,2349.824374780277,2396.8962303194603,2447.5481088148363,2110.09046012998,2330.9815362566874,2,20,4 Sverdrup,3 Sverdrup,10 Sverdrup,20 Sverdrup,0.2,0.2,3.6
HIGH PROD,46400.0,233.651248415096,4958,3019,2219,5183,3336,2824,111.69796761969455,76.24545002071977,65.13378430725925,2204.1847592426093,2320.1946691460994,2397.7107672805055,2349.8492240946084,2396.9210578474026,2447.571713445936,2110.1161905357903,2331.0061855660188,2,20,4 Sverdrup,3 Sverdrup,10 Sverdrup,20 Sverdrup,0.2,0.2,3.6
HIGH PROD,46500.0,233.65705167962767,4958,3019,2219,5183,3336,2824,111.69805117876766,76.24555041384015,65.13409049796772,2204.210683035324,2320.2205577269256,2397.7370302764775,2349.8741346088427,2396.945901128499,2447.5972907321748,2110.1422686677743,2331.031315609266,2,20,4 Sverdrup,3 Sverdrup,10 Sverdrup,20 Sverdrup,0.2,0.2,3.6
HIGH PROD,46600.0,233.66288394058847,4958,3019,2219,5183,3336,2824,111.69812669315992,76.24564900450481,65.1339440304186,2204.236566830612,2320.246433448347,2397.7623275329056,2349.8989932222976,2396.9707285570094,2447.6209462995844,2110.168008989057,2331.055988050417,2,20,4 Sverdrup,3 Sverdrup,10 Sverdrup,20 Sverdrup,0.2,0.2,3.6
HIGH PROD,46700.0,233.66867487475855,4958,3019,2219,5183,3336,2824,111.69821510508626,76.24575123482857,65.13426218731398,2204.2624953796917,2320.272321607489,2397.788610139661,2349.9239164426986,2396.9955750675445,2447.646568363274,2110.1940980736103,2331.0811430211697,2,20,4 Sverdrup,3 Sverdrup,10 Sverdrup,20 Sverdrup,0.2,0.2,3.6
HIGH PROD,46800.0,233.6744943489675,4958,3019,2219,5183,3336,2824,111.69829636145734,76.2458524207219,65.13412645537048,2204.288385446643,2320.29819856829,2397.813924680838,2349.948790697748,2397.0204087990173,2447.67026377628,2110.219850102053,2331.105841633533,2,20,4 Sverdrup,3 Sverdrup,10 Sverdrup,20 Sverdrup,0.2,0.2,3.6
HIGH PROD,46900.0,233.68027222894816,4958,3019,2219,5183,3336,2824,111.69839125132091,76.24595793219635,65.13445431396573,2204.314321553855,2320.3240894627024,2397.8402227152187,2349.9737320224804,2397.0452643870894,2447.6959217024782,2110.245951359406,2331.1310235426567,2,20,4 Sverdrup,3 Sverdrup,10 Sverdrup,20 Sverdrup,0.2,0.2,3.6
HIGH PROD,47000.0,233.68607855907237,4958,3019,2219,5183,3336,2824,111.69847958056702,76.2460630060662,65.13432737699047,2204.3402202158613,2320.3499704712203,2397.865551065244,2349.998626375149,2397.0701096408798,2447.7196494946047,2110.2717157024344,2331.155749402735,2,20,4 Sverdrup,3 Sverdrup,10 Sverdrup,20 Sverdrup,0.2,0.2,3.6
HIGH PROD,47100.0,233.69184317730463,4958,3019,2219,5183,3336,2824,111.69858201337797,76.24617292865462,65.1346635309502,2204.3661657931552,2320.3758665650585,2397.8918619861515,2350.0235894012276,2397.094978873733,2447.7453377060924,2110.297829568656,2331.1809587658836,2,20,4 Sverdrup,3 Sverdrup,10 Sverdrup,20 Sverdrup,0.2,0.2,3.6
HIGH PROD,47200.0,233.69763628762016,4958,3019,2219,5183,3336,2824,111.69867824146753,76.24628285641745,65.13454434472924,2204.3920745825353,2320.4017537473724,2397.9172023400597,2350.048506688478,2397.1198395730676,2447.7690937989996,2110.3236063968134,2331.205711984261,2,20,4 Sverdrup,3 Sverdrup,10 Sverdrup,20 Sverdrup,0.2,0.2,3.6
HIGH PROD,47300.0,233.7033878148829,4958,3019,2219,5183,3336,2824,111.6987888393772,76.24639800166076,65.13488770863924,2204.4180307430524,2320.4276568131363,2397.943524410071,2350.073493538738,2397.1447257382865,2447.7948084135423,2110.34973248143,2331.2309483626595,2,20,4 Sverdrup,3 Sverdrup,10 Sverdrup,20 Sverdrup,0.2,0.2,3.6
HIGH PROD,47400.0,233.7091679449,4958,3019,2219,5183,3336,2824,111.69889341977824,76.2465134504526,65.13477540946508,2204.4439504324123,2320.45355161136,2397.9688753340665,2350.098435258702,2397.1696045685358,2447.818589578874,2110.375521345801,2331.2557281966047,2,20,4 Sverdrup,3 Sverdrup,10 Sverdrup,20 Sverdrup,0.2,0.2,3.6
HIGH PROD,47500.0,233.71490664324494,4958,3019,2219,5183,3336,2824,111.69901248613384,76.24663435083782,65.13512534328031,2204.4699176766003,2320.4794627927727,2397.9952074881994,2350.123446912411,2397.194509801036,2447.844328144774,2110.4016591730037,2331.2809907083147,2,20,4 Sverdrup,3 Sverdrup,10 Sverdrup,20 Sverdrup,0.2,0.2,3.6
HIGH PROD,47600.0,233.72067410659747,4958,3019,2219,5183,3336,2824,111.69912559672386,76.24675573258105,65.13501938376741,2204.4958485269913,2320.5053660785375,2398.0205681090724,2350.1484136113913,2397.219408401929,2447.8681323586748,2110.427459475902,2331.3057961510494,2,20,4 Sverdrup,3 Sverdrup,10 Sverdrup,20 Sverdrup,0.2,0.2,3.6
HIGH PROD,47700.0,233.72640031855684,4958,3019,2219,5183,3336,2824,111.69925320957681,76.2468826945599,65.13537542861555,2204.5218269182988,2320.531286005521,2398.046909616589,2350.1734502589466,2397.2443339037777,2447.8938931797875,2110.4536084003225,2331.331083709801,2,20,4 Sverdrup,3 Sverdrup,10 Sverdrup,20 Sverdrup,0.2,0.2,3.6
HIGH PROD,47800.0,233.7321554748234,4958,3019,2219,5183,3336,2824,111.69937484777137,76.24701022438477,65.13527541867626,2204.547768833318,2320.5571981977555,2398.0722793088726,2350.1984418396346,2397.269253096825,2447.917718997209,2110.479419471947,2331.355913631993,2,20,4 Sverdrup,3 Sverdrup,10 Sverdrup,20 Sverdrup,0.2,0.2,3.6
HIGH PROD,47900.0,233.73786956893647,4958,3019,2219,5183,3336,2824,111.6995109402701,76.24714338509848,65.1356372385552,2204.5737581485314,2320.583127108036,2398.098629619625,2350.2235031549712,2397.294199363579,2447.94350081703,2110.50557881549,2331.3812250911533,2,20,4 Sverdrup,3 Sverdrup,10 Sverdrup,20 Sverdrup,0.2,0.2,3.6
HIGH PROD,48000.0,233.74361279000547,4958,3019,2219,5183,3336,2824,111.69964098869288,76.24727713438787,65.13554288360704,2204.599710806514,2320.609048291297,2398.124007886872,2350.2485191126866,2397.3191393691577,2447.967347123831,2110.531399981022,2331.406078347416,2,20,4 Sverdrup,3 Sverdrup,10 Sverdrup,20 Sverdrup,0.2,0.2,3.6
HIGH PROD,48100.0,233.74931513763616,4958,3019,2219,5183,3337,2824,111.69978540435193,76.24741651045399,65.13591021644666,2204.625710649308,2320.634986141949,2398.1503665407163,2350.2736044543235,2397.3441063920936,2447.9931489326873,2110.5575690795504,2331.4314125747933,2,20,4 Sverdrup,3 Sverdrup,10 Sverdrup,20 Sverdrup,0.2,0.2,3.6
HIGH PROD,48200.0,233.7550467917199,4958,3019,2219,5183,3337,2824,111.69992367675684,76.24755645075942,65.13582127898799,2204.6516735989453,2320.660916168887,2398.1757529473953,2350.2986440452687,2397.36906701343,2448.017014797127,2110.5833996904516,2331.456288054309,2,20,4 Sverdrup,3 Sverdrup,10 Sverdrup,20 Sverdrup,0.2,0.2,3.6
HIGH PROD,48300.0,233.76073775619622,4958,3019,2219,5183,3337,2824,111.70007620716949,76.24770197710079,65.13619390668687,2204.6776834789603,2320.6868627284334,2398.202119523867,2350.3237525950085,2397.3940544436373,2448.0428357190062,2110.609577913527,2331.481643964822,2,20,4 Sverdrup,3 Sverdrup,10 Sverdrup,20 Sverdrup,0.2,0.2,3.6
HIGH PROD,48400.0,233.76645820064752,4958,3019,2219,5183,3337,2824,111.70022247907997,76.24784801395269,65.1361101830887,2204.7036562036037,2320.712801301024,2398.2275136589565,2350.348814949004,2397.419035210667,2448.0667203065386,2110.63541735885,2331.506540610947,2,20,4 Sverdrup,3 Sverdrup,10 Sverdrup,20 Sverdrup,0.2,0.2,3.6
HIGH PROD,48500.0,233.7723020140576,4958,3019,2219,5183,3337,2824,111.70032702173012,76.24798203576918,65.13534823725615,2204.7294745459562,2320.7386812150767,2398.251466055625,2350.3736594699426,2397.443936301616,2448.0877496212224,2110.660681919425,2331.530603747071,2,20,4 Sverdrup,3 Sverdrup,10 Sverdrup,20 Sverdrup,0.2,0.2,3.6
HIGH PROD,48600.0,233.7780750082735,4958,3019,2219,5183,3337,2824,111.70044596270735,76.24811651379619,65.13584592368714,2204.755376874781,2320.764569551523,2398.278081219884,2350.3986089445816,2397.4688464685096,2448.114093284754,2110.6868855145135,2331.55592969912,2,20,4 Sverdrup,3 Sverdrup,10 Sverdrup,20 Sverdrup,0.2,0.2,3.6
HIGH PROD,48700.0,233.78385398724853,4958,3019,2219,5183,3337,2824,111.70056116993298,76.24824852300387,65.13587211966077,2204.7812719362637,2320.790450181715,2398.3036839921538,2350.423545039135,2397.493744397155,2448.1384158805035,2110.7127545074623,2331.5808177982353,2,20,4 Sverdrup,3 Sverdrup,10 Sverdrup,20 Sverdrup,0.2,0.2,3.6
HIGH PROD,48800.0,233.7895738001172,4958,3019,2219,5183,3337,2824,111.70069367269178,76.24838457405022,65.1363416229725,2204.807232140893,2320.816350370194,2398.3302317800803,2350.448572605139,2397.518668994463,2448.164620446005,2110.7389483858287,2331.606173479734,2,20,4 Sverdrup,3 Sverdrup,10 Sverdrup,20 Sverdrup,0.2,0.2,3.6
HIGH PROD,48900.0,233.7953082762928,4958,3019,2219,5183,3337,2824,111.70082346055071,76.2485207680993,65.13633957418908,2204.8331668406477,2320.8422468063354,2398.3557769124454,2350.473571055724,2397.543590252376,2448.188826692022,2110.764791597542,2331.6310674909605,2,20,4 Sverdrup,3 Sverdrup,10 Sverdrup,20 Sverdrup,0.2,0.2,3.6
HIGH PROD,49000.0,233.80115446415965,4958,3019,2219,5183,3337,2824,111.7009154132815,76.24864549527149,65.1356465989546,2204.8589555397416,2320.8680893382098,2398.379854770066,2350.4983662230193,2397.568437454653,2448.2101256622104,2110.7900565804393,2331.6551334646365,2,20,4 Sverdrup,3 Sverdrup,10 Sverdrup,20 Sverdrup,0.2,0.2,3.6
HIGH PROD,49100.0,233.8069207653258,4958,3019,2219,5183,3337,2824,111.70102581424094,76.248771905888,65.13620276063246,2204.8848351313886,2320.893945287067,2398.4065740871897,2350.5232797225813,2397.593300912692,2448.2366957001586,2110.816262211042,2331.680471431624,2,20,4 Sverdrup,3 Sverdrup,10 Sverdrup,20 Sverdrup,0.2,0.2,3.6
HIGH PROD,49200.0,233.81268626078966,4958,3019,2219,5183,3337,2824,111.70113649055729,76.24889754505084,65.13627846271692,2204.910713670028,2320.919798616802,2398.432263482312,2350.5481925141157,2397.618160328008,2448.261209046346,2110.842136972445,2331.705381683394,2,20,4 Sverdrup,3 Sverdrup,10 Sverdrup,20 Sverdrup,0.2,0.2,3.6
HIGH PROD,49300.0,233.8183874598187,4958,3019,2219,5183,3337,2824,111.70126827193211,76.24902920828725,65.13679058959654,2204.936663216929,2320.945676606888,2398.4588835841123,2350.573208757214,2397.643055176987,2448.2875751681636,2110.8683412317373,2331.7307690156354,2,20,4 Sverdrup,3 Sverdrup,10 Sverdrup,20 Sverdrup,0.2,0.2,3.6
HIGH PROD,49400.0,233.82409963727113,4958,3019,2219,5183,3337,2824,111.70140084100763,76.24916313442425,65.1368251442245,2204.962592763632,2320.971555860606,2398.4844894695925,2350.5982070228847,2397.6679556417553,2448.31191925383,2110.894199036102,2331.755702794812,2,20,4 Sverdrup,3 Sverdrup,10 Sverdrup,20 Sverdrup,0.2,0.2,3.6
HIGH PROD,49500.0,233.82992087434428,4958,3019,2219,5183,3337,2824,111.70149870893702,76.2492877328574,65.13616409834594,2204.988381412547,2320.9973860569153,2398.508618804902,2350.623012127253,2397.692790878803,2448.3333368846625,2110.9194822732393,2331.779815013943,2,20,4 Sverdrup,3 Sverdrup,10 Sverdrup,20 Sverdrup,0.2,0.2,3.6
HIGH PROD,49600.0,233.8356603680953,4958,3019,2219,5183,3337,2824,111.70161774778546,76.24941608128557,65.13674836864114,2205.0142655682157,2321.0232342634263,2398.5353821369567,2350.6479445324003,2397.717650814605,2448.3600100065396,2110.9457090193837,2331.8052040573084,2,20,4 Sverdrup,3 Sverdrup,10 Sverdrup,20 Sverdrup,0.2,0.2,3.6
HIGH PROD,49700.0,233.84139781857283,4958,3019,2219,5183,3337,2824,111.70173938118668,76.24954559193432,65.13684903142929,2205.040152728198,2321.049084116198,2398.561109674855,2350.6728839886423,2397.742514575681,2448.384614037627,2110.9716069560686,2331.830168806384,2,20,4 Sverdrup,3 Sverdrup,10 Sverdrup,20 Sverdrup,0.2,0.2,3.6
HIGH PROD,49800.0,233.84723414997399,4958,3019,2219,5183,3337,2824,111.70182819196187,76.24966535367446,65.13624386084821,2205.065913306467,2321.0748874989927,2398.585341606463,2350.69764711756,2397.767314751135,2448.4062510643084,2110.99691347548,2331.854299434911,2,20,4 Sverdrup,3 Sverdrup,10 Sverdrup,20 Sverdrup,0.2,0.2,3.6
HIGH PROD,49900.0,233.85298050139394,4958,3019,2219,5183,3337,2824,111.70194014308531,76.24978896131043,65.13687530873457,2205.0917781919006,2321.1007122197157,2398.612190964192,2350.7225492669004,2397.7921429904522,2448.433108964783,2111.0231525191753,2331.8797002617816,2,20,4 Sverdrup,3 Sverdrup,10 Sverdrup,20 Sverdrup,0.2,0.2,3.6
HIGH PROD,50000.0,233.85871819931464,4958,3019,2219,5183,3337,2824,111.70205676427616,76.24991422792287,65.13701599456655,2205.1176518798784,2321.126542068983,2398.6379904337136,2350.747467487095,2397.81697935419,2448.4578686453456,2111.049057782581,2331.9046761294153,2,20,4 Sverdrup,3 Sverdrup,10 Sverdrup,20 Sverdrup,0.2,0.2,3.6
HIGH PROD,50100.0,233.86454962377547,4958,3019,2219,5183,3337,2824,111.7021426923008,76.2500305414503,65.13644485112923,2205.143403247022,2321.152328857839,2398.662282487686,2350.7722170222282,2397.841756950093,2448.4796370417557,2111.074370374981,2331.928820577573,2,20,4 Sverdrup,3 Sverdrup,10 Sverdrup,20 Sverdrup,0.2,0.2,3.6
HIGH PROD,50200.0,233.87028714005427,4958,3019,2219,5183,3337,2824,111.70225386433133,76.2501517020334,65.13710532817119,2205.1692624216366,2321.178140248588,2398.689182174125,2350.797112453829,2397.866567693465,2448.5066061956495,2111.1006162637427,2331.954239351629,2,20,4 Sverdrup,3 Sverdrup,10 Sverdrup,20 Sverdrup,0.2,0.2,3.6
HIGH PROD,50300.0,233.8760130438024,4958,3019,2219,5183,3337,2824,111.70237171531849,76.2502756460632,65.13727103192595,2205.1951335087,2321.203959870071,2398.7150239866846,2350.8220302915292,2397.891391731214,2448.531460680855,2111.12653008171,2331.979237561812,2,20,4 Sverdrup,3 Sverdrup,10 Sverdrup,20 Sverdrup,0.2,0.2,3.6
HIGH PROD,50400.0,233.881830518912,4958,3019,2219,5183,3337,2824,111.70246073066266,76.25039181579274,65.13672157333131,2205.2208851166974,2321.2297393591875,2398.7393519083066,2350.846785271241,2397.9161621113867,2448.5533104766264,2111.1518531086194,2332.0034083567307,2,20,4 Sverdrup,3 Sverdrup,10 Sverdrup,20 Sverdrup,0.2,0.2,3.6
HIGH PROD,50500.0,233.88771648741474,4958,3019,2219,5183,3337,2824,111.70252079917927,76.2504964752658,65.13626139030744,2205.246546079425,2321.2554711824005,2398.763860587898,2350.8714050999065,2397.940864386502,2448.575540322139,2111.1771889194297,2332.027543387652,2,20,4 Sverdrup,3 Sverdrup,10 Sverdrup,20 Sverdrup,0.2,0.2,3.6
HIGH PROD,50600.0,233.89348927333617,4958,3019,2219,5183,3337,2824,111.70260977750002,76.25060506501572,65.13702025274866,2205.272342717309,2321.281230387363,2398.790942490462,2350.896203623898,2397.965600670708,2448.602897502376,2111.2034722350963,2332.0529829062584,2,20,4 Sverdrup,3 Sverdrup,10 Sverdrup,20 Sverdrup,0.2,0.2,3.6
HIGH PROD,50700.0,233.89923533164176,4958,3019,2219,5183,3337,2824,111.70270927765034,76.25071655560455,65.13726878198435,2205.298169331234,2321.307002947161,2398.8169367183627,2350.9210482600615,2397.990355372194,2448.628077488117,2111.229406375492,2332.077992950504,2,20,4 Sverdrup,3 Sverdrup,10 Sverdrup,20 Sverdrup,0.2,0.2,3.6
HIGH PROD,50800.0,233.9050609301995,4958,3019,2219,5183,3337,2824,111.70278389516486,76.25082116091926,65.13678903619943,2205.3238884962675,2321.3327412854414,2398.8413916162826,2350.945748164631,2398.015063805186,2448.650200040551,2111.25474011265,2332.1021736911234,2,20,4 Sverdrup,3 Sverdrup,10 Sverdrup,20 Sverdrup,0.2,0.2,3.6
HIGH PROD,50900.0,233.91094557139084,4958,3019,2219,5183,3337,2824,111.70283355913583,76.25091571060653,65.136387670732,2205.3495257810337,2321.358438019313,2398.8660059135314,2350.970327992948,2398.0397127777624,2448.672658630704,2111.2800836862743,2332.1263227962068,2,20,4 Sverdrup,3 Sverdrup,10 Sverdrup,20 Sverdrup,0.2,0.2,3.6
HIGH PROD,51000.0,233.91670970159274,4958,3019,2219,5183,3337,2824,111.70291604791491,76.25101602943687,65.1371963902288,2205.3753057996983,2321.384168087552,2398.893175593799,2350.995099815903,2398.064405053487,2448.7002078545124,2111.3063757029954,2332.151783319486,2,20,4 Sverdrup,3 Sverdrup,10 Sverdrup,20 Sverdrup,0.2,0.2,3.6
HIGH PROD,51100.0,233.92244165504545,4958,3019,2219,5183,3337,2824,111.70301279225482,76.2511213250974,65.1374872914802,2205.401121903377,2321.409917239606,2398.919243349245,2351.019929863643,2398.0891252965957,2448.7255505005564,2111.332321246532,2332.1768222242295,2,20,4 Sverdrup,3 Sverdrup,10 Sverdrup,20 Sverdrup,0.2,0.2,3.6
HIGH PROD,51200.0,233.9282490800327,4958,3019,2219,5183,3337,2824,111.7030881078945,76.25122191636103,65.13704402470451,2205.426836068903,2321.4356376266073,2398.9437600546694,2351.044626234361,2398.1138087644244,2448.7478114343344,2111.357669751652,2332.20103908464,2,20,4 Sverdrup,3 Sverdrup,10 Sverdrup,20 Sverdrup,0.2,0.2,3.6
HIGH PROD,51300.0,233.93411257063732,4958,3019,2219,5183,3337,2824,111.70314157619953,76.25131463210023,65.13667424614125,2205.452473350792,2321.461321546466,2398.968426604039,2351.0692124982243,2398.1384419562714,2448.770388473923,2111.3830312457108,2332.225230386302,2,20,4 Sverdrup,3 Sverdrup,10 Sverdrup,20 Sverdrup,0.2,0.2,3.6
HIGH PROD,51400.0,233.93985346583693,4958,3019,2219,5183,3337,2824,111.7032305974586,76.25141521886287,65.13751043937143,2205.478257842108,2321.4870435739826,2398.9956409742467,2351.093999601785,2398.163127134385,2448.798040222883,2111.4093437891693,2332.250737918142,2,20,4 Sverdrup,3 Sverdrup,10 Sverdrup,20 Sverdrup,0.2,0.2,3.6
HIGH PROD,51500.0,233.94556074573634,4958,3019,2219,5183,3337,2824,111.70333621618143,76.251522747908,65.13782563870642,2205.50408236688,2321.512789062999,2399.021747449725,2351.1188526220817,2398.1878483174373,2448.8234726737587,2111.435311917182,2332.2758273870872,2,20,4 Sverdrup,3 Sverdrup,10 Sverdrup,20 Sverdrup,0.2,0.2,3.6
HIGH PROD,51600.0,233.95134258133155,4958,3019,2219,5183,3337,2824,111.70342237640722,76.25162736616952,65.13740405113596,2205.5298083466096,2321.5385097374037,2399.0462981606775,2351.1435785082867,2398.212540017723,2448.8458132376395,2111.4606844078617,2332.3000972330065,2,20,4 Sverdrup,3 Sverdrup,10 Sverdrup,20 Sverdrup,0.2,0.2,3.6
HIGH PROD,51700.0,233.95717994741682,4958,3019,2219,5183,3337,2824,111.70348831239681,76.25172571010009,65.13705382005874,2205.5554602849124,2321.5641974507507,2399.070994991329,2351.168199722964,2398.2371879318835,2448.868461755792,2111.4860707535736,2332.3243429824447,2,20,4 Sverdrup,3 Sverdrup,10 Sverdrup,20 Sverdrup,0.2,0.2,3.6
HIGH PROD,51800.0,233.96289445300346,4958,3019,2219,5183,3337,2824,111.7035911056382,76.25183332435417,65.13790781818703,2205.5812617482497,2321.589926329661,2399.0982366913477,2351.193026177004,2398.2618934985003,2448.8961784254307,2111.512408575321,2332.3499056467153,2,20,4 Sverdrup,3 Sverdrup,10 Sverdrup,20 Sverdrup,0.2,0.2,3.6
HIGH PROD,51900.0,233.96857525591457,4958,3019,2219,5183,3337,2824,111.70371152321835,76.251949080801,65.13823950245107,2205.6071050795927,2321.6156812907598,2399.124368227657,2351.2179220145294,2398.286639925575,2448.9216706545817,2111.538402090588,2332.375050368402,2,20,4 Sverdrup,3 Sverdrup,10 Sverdrup,20 Sverdrup,0.2,0.2,3.6
HIGH PROD,52000.0,233.97433069380406,4958,3019,2219,5183,3337,2824,111.70381326857596,76.25206293670196,65.1378332867189,2205.6328512555674,2321.6414136357735,2399.148942225055,2351.242693360239,2398.3113609501565,2448.94406690357,2111.563799762388,2332.399375151884,2,20,4 Sverdrup,3 Sverdrup,10 Sverdrup,20 Sverdrup,0.2,0.2,3.6
HIGH PROD,52100.0,233.9801418570058,4958,3019,2219,5183,3337,2824,111.70389536866041,76.25217135181371,65.1374975076873,2205.65852438987,2321.667114822533,2399.173660924298,2351.267361960248,2398.336041544886,2448.9667677870852,2111.589210890299,2332.4236751947515,2,20,4 Sverdrup,3 Sverdrup,10 Sverdrup,20 Sverdrup,0.2,0.2,3.6
HIGH PROD,52200.0,233.98599439695369,4958,3019,2219,5183,3337,2824,111.70395888433424,76.25227218058447,65.13722576542867,2205.6841466697238,2321.692783608089,2399.1985019225367,2351.291950815202,2398.360676316228,2448.9897247453355,2111.6146507511303,2332.4479779977373,2,20,4 Sverdrup,3 Sverdrup,10 Sverdrup,20 Sverdrup,0.2,0.2,3.6
HIGH PROD,52300.0,233.99171301102965,4958,3019,2219,5183,3337,2824,111.70406104687318,76.25238169449038,65.13814687695515,2205.7099326157795,2321.7184962000847,2399.2258666334237,2351.316761434045,2398.385370112357,2449.0177048887253,2111.6410237811074,2332.473584101623,2,20,4 Sverdrup,3 Sverdrup,10 Sverdrup,20 Sverdrup,0.2,0.2,3.6
HIGH PROD,52400.0,233.99738898969602,4958,3019,2219,5183,3337,2824,111.70418278419243,76.25249932930325,65.13853618134178,2205.73576896052,2321.744238171786,2399.252102834848,2351.341652857195,2398.4101078736194,2449.0434222770023,2111.667040910008,2332.498765376347,2,20,4 Sverdrup,3 Sverdrup,10 Sverdrup,20 Sverdrup,0.2,0.2,3.6
HIGH PROD,52500.0,234.0031325399685,4958,3019,2219,5183,3337,2824,111.70428795075286,76.25261548490278,65.13817957096455,2205.761513676721,2321.7699609256815,2399.2767658593425,2351.3664285950285,2398.434824303692,2449.0660113725885,2111.6924569472158,2332.5231261415734,2,20,4 Sverdrup,3 Sverdrup,10 Sverdrup,20 Sverdrup,0.2,0.2,3.6
HIGH PROD,52600.0,234.00892636272496,4958,3019,2219,5183,3337,2824,111.70437564977945,76.25272695239526,65.1378867151379,2205.7871893949164,2321.7956558247806,2399.301560441632,2351.39110910663,2398.4595049369846,2449.088878086039,2111.7178851639787,2332.5474650689816,2,20,4 Sverdrup,3 Sverdrup,10 Sverdrup,20 Sverdrup,0.2,0.2,3.6
HIGH PROD,52700.0,234.0147574399043,4958,3019,2219,5183,3337,2824,111.7044469264561,76.2528318154466,65.13765240001743,2205.8128176057567,2321.82132147914,2399.3264664197063,2351.415716696592,2398.484144689787,2449.111978487742,2111.743342962088,2332.5718110831135,2,20,4 Sverdrup,3 Sverdrup,10 Sverdrup,20 Sverdrup,0.2,0.2,3.6
HIGH PROD,52800.0,234.0206155317543,4958,3019,2219,5183,3337,2824,111.70450306846438,76.25292895572261,65.1374669864538,2205.8384114290884,2321.8469589303795,2399.3514657255446,2351.4402660678516,2398.508742361012,2449.1352742840363,2111.7688134346413,2332.596151619179,2,20,4 Sverdrup,3 Sverdrup,10 Sverdrup,20 Sverdrup,0.2,0.2,3.6
HIGH PROD,52900.0,234.02632831126257,4958,3019,2219,5183,3337,2824,111.70460144094544,76.25303541280344,65.13846164645578,2205.8641798047834,2321.8726451983503,2399.3789639500073,2351.4650536238673,2398.5334050838765,2449.1635419495683,2111.7952079438046,2332.621793563216,2,20,4 Sverdrup,3 Sverdrup,10 Sverdrup,20 Sverdrup,0.2,0.2,3.6
HIGH PROD,53000.0,234.03198955228967,4958,3019,2219,5183,3337,2824,111.70472303667464,76.25315119005381,65.13891393254457,2205.8900064521667,2321.8983660597482,2399.4053126745584,2351.4899356215064,2398.5581191052206,2449.1895037026475,2111.8212436164595,2332.6470143305914,2,20,4 Sverdrup,3 Sverdrup,10 Sverdrup,20 Sverdrup,0.2,0.2,3.6
HIGH PROD,53100.0,234.03771153039145,4958,3019,2219,5183,3337,2824,111.70483164904861,76.25326707676611,65.13861161444657,2205.9157478097927,2321.9240728783734,2399.4300710182865,2351.5147140036333,2398.582819857855,2449.2123018437983,2111.846679032811,2332.6714210354785,2,20,4 Sverdrup,3 Sverdrup,10 Sverdrup,20 Sverdrup,0.2,0.2,3.6
HIGH PROD,53200.0,234.04347867134769,4958,3019,2219,5183,3337,2824,111.70492621214694,76.25338010428453,65.13836587377185,2205.941425669016,2321.949756865088,2399.4549468030764,2351.5394081455524,2398.607493203088,2449.235348580501,2111.872129118118,2332.695813000956,2,20,4 Sverdrup,3 Sverdrup,10 Sverdrup,20 Sverdrup,0.2,0.2,3.6
HIGH PROD,53300.0,234.04927934412885,4958,3019,2219,5183,3337,2824,111.70500751158116,76.25348847062381,65.13817276152272,2205.9670609591,2321.9754164098104,2399.4799223799155,2351.564039376917,2398.6321340701165,2449.2586050640143,2111.89761170925,2332.7202185670667,2,20,4 Sverdrup,3 Sverdrup,10 Sverdrup,20 Sverdrup,0.2,0.2,3.6
HIGH PROD,53400.0,234.05510438573845,4958,3019,2219,5183,3337,2824,111.7050765076508,76.25359106819323,65.1380237052955,2205.992666328687,2322.001052285059,2399.5049818938833,2351.5886214010206,2398.656741021378,2449.2820374501184,2111.923109751593,2332.7446240807394,2,20,4 Sverdrup,3 Sverdrup,10 Sverdrup,20 Sverdrup,0.2,0.2,3.6
HIGH PROD,53500.0,234.06094627408416,4958,3019,2219,5183,3337,2824,111.70513436630984,76.2536873415551,65.13791143464728,2206.0182491971505,2322.0266661888977,2399.5301113729934,2351.6131632677857,2398.6813145868423,2449.305616595046,2111.9486119067064,2332.7690218998837,2,20,4 Sverdrup,3 Sverdrup,10 Sverdrup,20 Sverdrup,0.2,0.2,3.6
HIGH PROD,53600.0,234.06679890795547,4958,3019,2219,5183,3337,2824,111.70518247105238,76.25377718434741,65.1378298518819,2206.0438141973164,2322.05226015374,2399.555298789319,2351.637671727897,2398.705856498294,2449.3293177633927,2111.9741128118403,2332.7934105276204,2,20,4 Sverdrup,3 Sverdrup,10 Sverdrup,20 Sverdrup,0.2,0.2,3.6
HIGH PROD,53700.0,234.07249341366804,4958,3019,2219,5183,3337,2824,111.70527820725323,76.2538783720466,65.13891319851648,2206.0695656880753,2322.0779113319345,2399.5829554910792,2351.662438828224,2398.7304754596057,2449.3579297339247,2112.000533259451,2332.819105391355,2,20,4 Sverdrup,3 Sverdrup,10 Sverdrup,20 Sverdrup,0.2,0.2,3.6
HIGH PROD,53800.0,234.07812661672753,4958,3019,2219,5183,3337,2824,111.70540243575117,76.25399140554678,65.1394417315708,2206.095384940719,2322.103605269391,2399.6094379708975,2351.6873182846,2398.755158479891,2449.3841849521664,2112.026595579479,2332.8443878779667,2,20,4 Sverdrup,3 Sverdrup,10 Sverdrup,20 Sverdrup,0.2,0.2,3.6
HIGH PROD,53900.0,234.08381327451696,4958,3019,2219,5183,3337,2824,111.70551868254532,76.25410737028413,65.1392053027762,2206.121127030218,2322.1292929552824,2399.634309750633,2351.712110276985,2398.779841213395,2449.407234713922,2112.052060878523,2332.868866129927,2,20,4 Sverdrup,3 Sverdrup,10 Sverdrup,20 Sverdrup,0.2,0.2,3.6
HIGH PROD,54000.0,234.08953974858585,4958,3019,2219,5183,3337,2824,111.70562548040115,76.25422341880903,65.13901698589446,2206.146812875538,2322.1549651653063,2399.6592825094444,2351.7368326642086,2398.8045093415612,2449.4304990161836,2112.077544971417,2332.893338837808,2,20,4 Sverdrup,3 Sverdrup,10 Sverdrup,20 Sverdrup,0.2,0.2,3.6
HIGH PROD,54100.0,234.0952959471664,4958,3019,2219,5183,3337,2824,111.70572312523007,76.25433773057655,65.13887442564408,2206.1724626789146,2322.1806198047625,2399.684341769458,2351.7615052642345,2398.8291572948406,2449.453945388238,2112.1030654894216,2332.9178328471244,2,20,4 Sverdrup,3 Sverdrup,10 Sverdrup,20 Sverdrup,0.2,0.2,3.6
HIGH PROD,54200.0,234.10107389603849,4958,3019,2219,5183,3337,2824,111.70581205137584,76.25444907544477,65.13877029813372,2206.198088370805,2322.206257114114,2399.7094742962586,2351.786140211694,2398.8537828861113,2449.4775452568124,2112.1286046914634,2332.9423327317763,2,20,4 Sverdrup,3 Sverdrup,10 Sverdrup,20 Sverdrup,0.2,0.2,3.6
HIGH PROD,54300.0,234.10686697726615,4958,3019,2219,5183,3337,2824,111.70589289140563,76.25455670076745,65.13869838068119,2206.223696626814,2322.23187821719,2399.734668260305,2351.8107449514982,2398.8783857090266,2449.501273800107,2112.154150403549,2332.9668291142752,2,20,4 Sverdrup,3 Sverdrup,10 Sverdrup,20 Sverdrup,0.2,0.2,3.6
HIGH PROD,54400.0,234.11266977057733,4958,3019,2219,5183,3337,2824,111.7059665136669,76.25466025471346,65.13865343266635,2206.249291318134,2322.2574845399595,2399.7599133676454,2351.8353246431357,2398.902966433714,2449.525109799771,2112.1796964372306,2332.9913189561134,2,20,4 Sverdrup,3 Sverdrup,10 Sverdrup,20 Sverdrup,0.2,0.2,3.6
HIGH PROD,54500.0,234.1184779472264,4958,3019,2219,5183,3337,2824,111.70603398423998,76.25475971433842,65.13863107167286,2206.2748749799775,2322.2830775948605,2399.785200848546,2351.8598834996724,2398.92752645964,2449.549035359466,2112.2052405354525,2333.015803075454,2,20,4 Sverdrup,3 Sverdrup,10 Sverdrup,20 Sverdrup,0.2,0.2,3.6
HIGH PROD,54600.0,234.1242881294838,4958,3019,2219,5183,3337,2824,111.70609649484413,76.25485531481257,65.13862765542035,2206.3004495956416,2322.308658917572,2399.810523354105,2351.8844254160786,2398.9520677159194,2449.573035548509,2112.230782701736,2333.0402842262397,2,20,4 Sverdrup,3 Sverdrup,10 Sverdrup,20 Sverdrup,0.2,0.2,3.6
HIGH PROD,54700.0,234.13009773197766,4958,3019,2219,5183,3337,2824,111.70615528642662,76.2549474818651,65.13864017314027,2206.3260169625646,2322.3342300545887,2399.835874806254,2351.908954191109,2398.9765925164174,2449.5970980220286,2112.2563240668405,2333.0647658620933,2,20,4 Sverdrup,3 Sverdrup,10 Sverdrup,20 Sverdrup,0.2,0.2,3.6
HIGH PROD,54800.0,234.13590480824186,4958,3019,2219,5183,3337,2824,111.70621158351136,76.25503677037332,65.13866614820695,2206.351578825362,2322.3597925579365,2399.861250231573,2351.9334735446296,2399.0011034338077,2449.621212650421,2112.281866185893,2333.0892514198918,2,20,4 Sverdrup,3 Sverdrup,10 Sverdrup,20 Sverdrup,0.2,0.2,3.6
HIGH PROD,54900.0,234.1417079154997,4958,3019,2219,5183,3337,2824,111.70626654484835,76.25512381130464,65.13870355244582,2206.3771368927532,2322.3853479726986,2399.886645597192,2351.9579870513194,2399.025603183294,2449.645371176362,2112.3074106388517,2333.1137439535314,2,20,4 Sverdrup,3 Sverdrup,10 Sverdrup,20 Sverdrup,0.2,0.2,3.6
HIGH PROD,55000.0,234.14750600100325,4958,3019,2219,5183,3337,2824,111.70632123057904,76.25520926799275,65.1387507325723,2206.4026928069306,2322.410897816399,2399.9120576587366,2351.9824980565627,2399.0500945171625,2449.6695669079213,2112.3329588292795,2333.138245985881,2,20,4 Sverdrup,3 Sverdrup,10 Sverdrup,20 Sverdrup,0.2,0.2,3.6
HIGH PROD,55100.0,234.15329831372367,4958,3019,2219,5183,3337,2824,111.7063765840777,76.25529380249839,65.1388063433166,2206.4282481013784,2322.4364435537304,2399.9374838244485,2352.0070096057925,2399.0745801338876,2449.6937944499305,2112.3585119007075,2333.162759486432,2,20,4 Sverdrup,3 Sverdrup,10 Sverdrup,20 Sverdrup,0.2,0.2,3.6
HIGH PROD,55200.0,234.1590843304008,4958,3019,2219,5183,3337,2824,111.70643342447775,76.25537805000006,65.13886929617966,2206.4538041655446,2322.4619865713735,2399.9629220373595,2352.0315243986856,2399.0990626046882,2449.718049473182,2112.3840707259146,2333.1872859146083,2,20,4 Sverdrup,3 Sverdrup,10 Sverdrup,20 Sverdrup,0.2,0.2,3.6
HIGH PROD,55300.0,234.16486369905152,4958,3019,2219,5183,3337,2824,111.70649244780651,76.25546260152402,65.13893871301947,2206.479362221909,2322.4875281561417,2399.988370674683,2352.0560447690204,2399.123544318664,2449.742328518343,2112.4096359284545,2333.21182629168,2,20,4 Sverdrup,3 Sverdrup,10 Sverdrup,20 Sverdrup,0.2,0.2,3.6
HIGH PROD,55400.0,234.17063619674616,4958,3019,2219,5183,3337,2824,111.70655423369662,76.25554799335579,65.13901388600881,2206.504923315861,2322.5130694784034,2400.0138284629684,2352.080572686196,2399.1480274458877,2449.766628830919,2112.4352079184805,2333.2363812799813,2,20,4 Sverdrup,3 Sverdrup,10 Sverdrup,20 Sverdrup,0.2,0.2,3.6
HIGH PROD,55500.0,234.17640169625736,4958,3019,2219,5183,3337,2824,111.7066192552228,76.25563470139448,65.13909424594122,2206.5304883167105,2322.538611581621,2400.039294407464,2352.1051097728246,2399.17251391657,2449.7909482236755,2112.460786933688,2333.2609512581844,2,20,4 Sverdrup,3 Sverdrup,10 Sverdrup,20 Sverdrup,0.2,0.2,3.6
HIGH PROD,55600.0,234.18216014075608,4958,3019,2219,5183,3337,2824,111.70668789049958,76.25572313957866,65.1391793354412,2206.556057926804,2322.56415537783,2400.064767733803,2352.129657332912,2399.197005413709,2449.8152849627722,2112.4863730775132,2333.2855363874146,2,20,4 Sverdrup,3 Sverdrup,10 Sverdrup,20 Sverdrup,0.2,0.2,3.6
HIGH PROD,55700.0,234.1879115246459,4958,3019,2219,5183,3337,2824,111.70676043480918,76.2558136612119,65.13926878686331,2206.581632695908,2322.589701648325,2400.090247840277,2352.1542163859312,2399.2215033763946,2449.8396376741907,2112.5119663524038,2333.310136666513,2,20,4 Sverdrup,3 Sverdrup,10 Sverdrup,20 Sverdrup,0.2,0.2,3.6
HIGH PROD,55800.0,234.19365587912426,4958,3019,2219,5183,3337,2824,111.70683711246487,76.25590656227338,65.13936230417093,2206.607213038461,2322.6152510485326,2400.1157342590695,2352.1787877031975,2399.2460090109957,2449.86400526737,2112.537566687371,2333.3347519766216,2,20,4 Sverdrup,3 Sverdrup,10 Sverdrup,20 Sverdrup,0.2,0.2,3.6
HIGH PROD,55900.0,234.19939326137086,4958,3019,2219,5183,3337,2824,111.70691808791219,76.25600208597916,65.13945964816212,2206.6327992518613,2322.640804115977,2400.1412266250513,2352.2033718439366,2399.270523307751,2449.8883868733174,2112.5631739599744,2333.3593821162003,2,20,4 Sverdrup,3 Sverdrup,10 Sverdrup,20 Sverdrup,0.2,0.2,3.6
HIGH PROD,56000.0,234.20512374650735,4958,3019,2219,5183,3337,2824,111.7070034757891,76.25610042802045,65.13956062449725,2206.658391534477,2322.6663612803077,2400.166724650853,2352.2279691893577,2399.295047060638,2449.9127817948115,2112.588788013358,2333.3840268278864,2,20,4 Sverdrup,3 Sverdrup,10 Sverdrup,20 Sverdrup,0.2,0.2,3.6
HIGH PROD,56100.0,234.21084742166272,4958,3019,2219,5183,3337,2824,111.70709334982323,76.2562017420523,65.13966507405375,2206.683990002539,2322.6919228744873,2400.192228107152,2352.2525799736923,2399.3195808888463,2449.9371894666215,2112.6144086691156,2333.40868581869,2,20,4 Sverdrup,3 Sverdrup,10 Sverdrup,20 Sverdrup,0.2,0.2,3.6
HIGH PROD,56200.0,234.21656438163245,4958,3019,2219,5183,3337,2824,111.70718775054506,76.25630614512926,65.13977286520242,2206.709594705414,2322.717489146397,2400.2177368072225,2352.2772043117075,2399.3441252585294,2449.961609423984,2112.640035736773,2333.433358774854,2,20,4 Sverdrup,3 Sverdrup,10 Sverdrup,20 Sverdrup,0.2,0.2,3.6
HIGH PROD,56300.0,234.22227472573695,4958,3019,2219,5183,3337,2824,111.70728669186538,76.25641372287798,65.13988388766194,2206.7352056390373,2322.74306027031,2400.2432505949773,2352.301842222555,2399.368680503919,2449.9860412778285,2112.6656690205923,2333.4580453725503,2,20,4 Sverdrup,3 Sverdrup,10 Sverdrup,20 Sverdrup,0.2,0.2,3.6
HIGH PROD,56400.0,234.22797855557812,4958,3019,2219,5183,3337,2824,111.70739016660853,76.2565245342806,65.13999804763776,2206.7608227574433,2322.7686363578155,2400.26876933581,2352.3264936500573,2399.393246847139,2450.010484695473,2112.691308324315,2333.4827452853897,2,20,4 Sverdrup,3 Sverdrup,10 Sverdrup,20 Sverdrup,0.2,0.2,3.6
HIGH PROD,56500.0,234.23367597346186,4958,3019,2219,5183,3337,2824,111.70749815110759,76.25663861599723,65.1401152640047,2206.7864459824796,2322.7942174679283,2400.2942929096953,2352.351158479683,2399.4178244163395,2450.034939385743,2112.7169534543295,2333.5074581895174,2,20,4 Sverdrup,3 Sverdrup,10 Sverdrup,20 Sverdrup,0.2,0.2,3.6
HIGH PROD,56600.0,234.23936708131077,4958,3019,2219,5183,3337,2824,111.70761060897982,76.25675598619758,65.14023546532836,2206.812075211841,2322.8198036162225,2400.319821206073,2352.375836552542,2399.4424132619392,2450.0594050876052,2112.7426042216916,2333.532183766927,2,20,4 Sverdrup,3 Sverdrup,10 Sverdrup,20 Sverdrup,0.2,0.2,3.6
HIGH PROD,56700.0,234.2450519799376,4958,3019,2219,5183,3337,2824,111.70772749419606,76.25687664790675,65.14035858755732,2206.8377103256075,2322.8453947829266,2400.3453541201334,2352.4005276767716,2399.4670133709114,2450.083881561607,2112.768260443295,2333.5569217074803,2,20,4 Sverdrup,3 Sverdrup,10 Sverdrup,20 Sverdrup,0.2,0.2,3.6
HIGH PROD,56800.0,234.25073076857714,4958,3019,2219,5183,3337,2824,111.70784875354967,76.25700059188485,65.14048457224898,2206.863351191481,2322.870990919963,2400.3708915501893,2352.4252316366765,2399.491624679156,2450.1083685835115,2112.793921942441,2333.5816717099897,2,20,4 Sverdrup,3 Sverdrup,10 Sverdrup,20 Sverdrup,0.2,0.2,3.6
HIGH PROD,56900.0,234.25640354460404,4958,3019,2219,5183,3337,2824,111.70797432862716,76.2571277990775,65.14061336521752,2206.8889976689165,2322.896591956984,2400.396433395886,2352.4499481999705,2399.5162470820665,2450.1328659396395,2112.8195885490054,2333.606433482664,2,20,4 Sverdrup,3 Sverdrup,10 Sverdrup,20 Sverdrup,0.2,0.2,3.6
HIGH PROD,57000.0,234.2620704024975,4958,3019,2219,5183,3337,2824,111.70810415777513,76.25725824287497,65.14074491561436,2206.9146496124763,2322.922197806525,2400.4219795570834,2352.47467712345,2399.5408804434496,2450.15737342355,2112.845260099995,2333.631206743126,2,20,4 Sverdrup,3 Sverdrup,10 Sverdrup,20 Sverdrup,0.2,0.2,3.6
HIGH PROD,57100.0,234.26773143649442,4958,3019,2219,5183,3337,2824,111.70823817587761,76.25739189013991,65.14087917480389,2206.9403068738575,2322.9478083680924,2400.4475299330293,2352.499418157357,2399.5655246029,2450.181890833665,2112.8709364368333,2333.6559912181183,2,20,4 Sverdrup,3 Sverdrup,10 Sverdrup,20 Sverdrup,0.2,0.2,3.6
HIGH PROD,57200.0,234.27338673826574,4958,3019,2219,5183,3337,2824,111.70837631687604,76.25752870337134,65.14101609618444,2206.9659693040103,2322.9734235317196,2400.4730844220744,2352.524171048707,2399.5901793819244,2450.206417971709,2112.8966174077864,2333.680786643079,2,20,4 Sverdrup,3 Sverdrup,10 Sverdrup,20 Sverdrup,0.2,0.2,3.6
HIGH PROD,57300.0,234.27903639659377,4958,3019,2219,5183,3337,2824,111.70851851429536,76.2576686417853,65.14115563473165,2206.991636754591,2322.9990431808487,2400.4986429215965,2352.5489355437744,2399.614844588924,2450.230954641701,2112.922302867052,2333.705592761616,2,20,4 Sverdrup,3 Sverdrup,10 Sverdrup,20 Sverdrup,0.2,0.2,3.6
HIGH PROD,57400.0,234.284680498571,4958,3019,2219,5183,3337,2824,111.7086647011326,76.25781166193795,65.1412977465347,2207.0173090787644,2323.0246671945574,2400.524205327999,2352.5737113899067,2399.63952002318,2450.255500649331,2112.947992673194,2333.7304093249427,2,20,4 Sverdrup,3 Sverdrup,10 Sverdrup,20 Sverdrup,0.2,0.2,3.6
HIGH PROD,57500.0,234.29031912943384,4958,3019,2219,5183,3337,2824,111.70881481056549,76.25795771861569,65.14144238865593,2207.0429861318557,2323.0502954493336,2400.5497715368606,2352.598498336835,2399.6642054780373,2450.2800558016334,2112.973686689299,2333.755236091321,2,20,4 Sverdrup,3 Sverdrup,10 Sverdrup,20 Sverdrup,0.2,0.2,3.6
HIGH PROD,57600.0,234.295952372604,4958,3019,2219,5183,3337,2824,111.70896877625077,76.25810676543708,65.14158951898067,2207.068667771781,2323.07592782046,2400.575341443144,2352.623296137566,2399.688900743396,2450.3046199068576,2112.999384782569,2333.780072825524,2,20,4 Sverdrup,3 Sverdrup,10 Sverdrup,20 Sverdrup,0.2,0.2,3.6
HIGH PROD,57700.0,234.30158030975562,4958,3019,2219,5184,3337,2824,111.70912653253714,76.25825875532757,65.14173909611578,2207.094353859298,2323.1015641830736,2400.60091494144,2352.648104548987,2399.7136056076583,2450.3291927744767,2113.0250868239555,2333.8049192983462,2,20,4 Sverdrup,3 Sverdrup,10 Sverdrup,20 Sverdrup,0.2,0.2,3.6
HIGH PROD,57800.0,234.3072030208879,4958,3019,2219,5184,3337,2824,111.70928801461393,76.2584136408894,65.14189107932229,2207.1200442581307,2323.1272044129505,2400.6264919262144,2352.67292333223,2399.738319859203,2450.3537742152753,2113.0507926878304,2333.8297752861577,2,20,4 Sverdrup,3 Sverdrup,10 Sverdrup,20 Sverdrup,0.2,0.2,3.6
HIGH PROD,57900.0,234.31282058439564,4958,3019,2219,5184,3337,2824,111.70945315861172,76.25857137468732,65.14204542847123,2207.14573883501,2323.1528483870893,2400.6520722920554,2352.6977522528787,2399.7630432875,2450.3783640414877,2113.0765022516985,2333.8546405705006,2,20,4 Sverdrup,3 Sverdrup,10 Sverdrup,20 Sverdrup,0.2,0.2,3.6
HIGH PROD,58000.0,234.31843307713655,4958,3019,2219,5184,3337,2824,111.70962190166645,76.25873190946723,65.14220210401659,2207.171437459642,2323.178495984117,2400.6776559339005,2352.7225910810466,2399.7877756839307,2450.4029620669535,2113.1022153959475,2333.8795149377434,2,20,4 Sverdrup,3 Sverdrup,10 Sverdrup,20 Sverdrup,0.2,0.2,3.6
HIGH PROD,58100.0,234.3240405744932,4958,3019,2219,5184,3337,2824,111.70979418195617,76.25889519832091,65.14236106698016,2207.1971400046446,2323.2041470845706,2400.703242747245,2352.7474395913773,2399.812516842375,2450.4275681072845,2113.1279320036374,2333.9043981787736,2,20,4 Sverdrup,3 Sverdrup,10 Sverdrup,20 Sverdrup,0.2,0.2,3.6
HIGH PROD,58200.0,234.3296431504289,4958,3019,2219,5184,3337,2824,111.70996993871819,76.25906119480787,65.1425222789437,2207.2228463454535,2323.2298015710726,2400.7288326283265,2352.772297562981,2399.837266559621,2450.4521819800193,2113.15365196031,2333.92929008873,2,20,4 Sverdrup,3 Sverdrup,10 Sverdrup,20 Sverdrup,0.2,0.2,3.6
HIGH PROD,58300.0,234.33524087753906,4958,3019,2219,5184,3337,2824,111.71014911225205,76.25922985304337,65.1426857020449,2207.248556360215,2323.2554593284317,2400.754425474283,2352.7971647793397,2399.8620246356363,2450.476803504767,2113.179375153838,2333.9541904667767,2,20,4 Sverdrup,3 Sverdrup,10 Sverdrup,20 Sverdrup,0.2,0.2,3.6
HIGH PROD,58400.0,234.34083382709818,4958,3019,2219,5184,3337,2824,111.71033164391257,76.25940112776125,65.14285129897645,2207.2742699296755,2323.2811202436915,2400.7800211832855,2352.8220410281906,2399.8867908737307,2450.5014325033303,2113.2051014742906,2333.9790991159052,2,20,4 Sverdrup,3 Sverdrup,10 Sverdrup,20 Sverdrup,0.2,0.2,3.6
HIGH PROD,58500.0,234.34642206910132,4958,3020,2219,5184,3337,2825,111.71051747609668,76.25957497435579,65.14301903298596,2207.2999869370674,2323.3067842061287,2400.8056196546536,2352.8469261013915,2399.911565080644,2450.5260687998148,2113.2308308138226,2334.004015842765,2,20,4 Sverdrup,3 Sverdrup,10 Sverdrup,20 Sverdrup,0.2,0.2,3.6
HIGH PROD,58600.0,234.35200567230274,4958,3020,2219,5184,3337,2825,111.71070655222644,76.25975134890898,65.1431888678761,2207.3257072680035,2323.332451107236,2400.831220788941,2352.871819794792,2399.936347066578,2450.5507122207114,2113.2565630665763,2334.0289404575196,2,20,4 Sverdrup,3 Sverdrup,10 Sverdrup,20 Sverdrup,0.2,0.2,3.6
HIGH PROD,58700.0,234.35741103734063,4958,3020,2219,5184,3337,2825,111.71095796396199,76.26308803334486,65.14356353999105,2207.3516481784086,2323.3641468760006,2400.8572848155286,2352.897029363014,2399.9731405223174,2450.576246437984,2113.283295213402,2334.05528309431,2,20,4 Sverdrup,3 Sverdrup,10 Sverdrup,20 Sverdrup,0.2,0.2,3.6
HIGH PROD,58800.0,234.3625657785912,4958,3020,2220,5184,3338,2825,111.71131491732821,76.26760546880624,65.14419516904448,2207.377929434983,2323.398117345688,2400.88393934198,2352.922741554543,2400.0143980270004,2450.602904129016,2113.310797319248,2334.082798236338,2,20,4 Sverdrup,3 Sverdrup,10 Sverdrup,20 Sverdrup,0.2,0.2,3.6
HIGH PROD,58900.0,234.3675268347029,4958,3020,2220,5184,3338,2825,111.71177957455825,76.2710492099682,65.14498537387753,2207.4045085616285,2323.4301240579493,2400.910973976387,2352.948919006532,2400.051638270983,2450.630267899826,2113.338444929966,2334.110644615276,2,20,4 Sverdrup,3 Sverdrup,10 Sverdrup,20 Sverdrup,0.2,0.2,3.6
HIGH PROD,59000.0,234.3725124264944,4958,3020,2220,5184,3338,2825,111.71228765876194,76.27064480636199,65.14566955211072,2207.431119730907,2323.454893249,2400.9377958482128,2352.9751992709466,2400.0743679483853,2450.657193438057,2113.36517103876,2334.137293676205,2,20,4 Sverdrup,3 Sverdrup,10 Sverdrup,20 Sverdrup,0.2,0.2,3.6
HIGH PROD,59100.0,234.3774633122674,4958,3020,2220,5184,3338,2825,111.71284345910341,76.27160610733279,65.14634875358097,2207.4578038191216,2323.4823271556056,2400.9646280798565,2353.001629246954,2400.102396284474,2450.684119523842,2113.3921166931036,2334.164260679799,2,20,4 Sverdrup,3 Sverdrup,10 Sverdrup,20 Sverdrup,0.2,0.2,3.6
HIGH PROD,59200.0,234.38245222678674,4958,3020,2220,5184,3338,2825,111.7134166514646,76.27129434465121,65.14694284051099,2207.4844590970506,2323.507335948303,2400.991284742265,2353.0280605505977,2400.1255728486194,2450.710691453867,2113.418668626202,2334.1906967457912,2,20,4 Sverdrup,3 Sverdrup,10 Sverdrup,20 Sverdrup,0.2,0.2,3.6
HIGH PROD,59300.0,234.3874104496642,4958,3020,2220,5184,3338,2825,111.71401869398183,76.27234372104463,65.14754984070805,2207.511151813831,2323.534943098466,2401.0179818588504,2353.054576104436,2400.153940434969,2450.737331599673,2113.4454956391764,2334.2175145118913,2,20,4 Sverdrup,3 Sverdrup,10 Sverdrup,20 Sverdrup,0.2,0.2,3.6
HIGH PROD,59400.0,234.39240825824095,4958,3020,2220,5184,3338,2825,111.71462436409674,76.27210190116638,65.14808601681995,2207.5377954399364,2323.560073303329,2401.0445272824495,2353.0810505822774,2400.1773701531934,2450.763671470548,2113.471963173054,2334.2438416468144,2,20,4 Sverdrup,3 Sverdrup,10 Sverdrup,20 Sverdrup,0.2,0.2,3.6
HIGH PROD,59500.0,234.3973762536595,4958,3020,2220,5184,3338,2825,111.71524896614183,76.27320592499525,65.14864650672354,2207.564466988219,2323.587762585475,2401.071132337093,2353.1075836284185,2400.205923388433,2450.7901226565245,2113.498734880446,2334.270584782179,2,20,4 Sverdrup,3 Sverdrup,10 Sverdrup,20 Sverdrup,0.2,0.2,3.6
HIGH PROD,59600.0,234.40238445322717,4958,3020,2220,5184,3338,2825,111.71587001712592,76.2730064591726,65.14914523799402,2207.591086485832,2323.6129462180484,2401.097601140979,2353.13406076345,2400.229487264478,2450.8163080281747,2113.525167668095,2334.296861359541,2,20,4 Sverdrup,3 Sverdrup,10 Sverdrup,20 Sverdrup,0.2,0.2,3.6
HIGH PROD,59700.0,234.40753187035722,4958,3020,2220,5184,3338,2825,111.7164473009635,76.27107667864114,65.14947859719882,2207.6175232590067,2323.634818123605,2401.123695053935,2353.160289514556,2400.246482050462,2450.841774092778,2113.5509489939077,2334.322199137398,2,20,4 Sverdrup,3 Sverdrup,10 Sverdrup,20 Sverdrup,0.2,0.2,3.6
HIGH PROD,59800.0,234.41279016211237,4958,3020,2220,5184,3338,2825,111.7169750547413,76.2697579565304,65.14970519649489,2207.6437931891674,2323.657812650695,2401.1495384508203,2353.1862757272743,2400.265781786769,2450.8667697597807,2113.576620444671,2334.3473153452687,2,20,4 Sverdrup,3 Sverdrup,10 Sverdrup,20 Sverdrup,0.2,0.2,3.6
HIGH PROD,59900.0,234.41796390647897,4958,3020,2220,5184,3338,2825,111.71751115657655,76.26890882423754,65.15103637914977,2207.670129833023,2323.6816776685805,2401.1777058854536,2353.212340253098,2400.2868344316003,2450.896407831355,2113.6031963959354,2334.373660786549,2,20,4 Sverdrup,3 Sverdrup,10 Sverdrup,20 Sverdrup,0.2,0.2,3.6
HIGH PROD,60000.0,234.42296641877945,4958,3020,2220,5184,3338,2825,111.71809529958297,76.26841876959124,65.15290810321648,2207.6966425264454,2323.7062376071694,2401.207011180871,2353.2386539672625,2400.3092545414456,2450.9282993893253,2113.6303405934204,2334.4008683594707,2,20,4 Sverdrup,3 Sverdrup,10 Sverdrup,20 Sverdrup,0.2,0.2,3.6
HIGH PROD,60100.0,234.42783687154127,4958,3020,2220,5184,3338,2825,111.71872957935555,76.26820238245354,65.15453508999236,2207.7232870591956,2323.7313330082343,2401.2358079413557,2353.2651777741326,2400.332722408693,2450.959159929799,2113.6574580445235,2334.4281457858833,2,20,4 Sverdrup,3 Sverdrup,10 Sverdrup,20 Sverdrup,0.2,0.2,3.6
HIGH PROD,60200.0,234.4326066005533,4959,3020,2220,5184,3338,2825,111.71941343924199,76.268196597587,65.15596339288193,2207.750034592382,2323.7568421187107,2401.2642001787867,2353.2918831428424,2400.356998210376,2450.989202491472,2113.6845750486114,2334.4555024316164,2,20,4 Sverdrup,3 Sverdrup,10 Sverdrup,20 Sverdrup,0.2,0.2,3.6
HIGH PROD,60300.0,234.43746841901336,4959,3020,2220,5184,3338,2825,111.72008816016712,76.26833679357586,65.15607454337905,2207.7766657259313,2323.7825975739497,2401.2898072816924,2353.3184613892536,2400.381795286414,2451.0137017848883,2113.7107886472522,2334.4816246800447,2,20,4 Sverdrup,3 Sverdrup,10 Sverdrup,20 Sverdrup,0.2,0.2,3.6
HIGH PROD,60400.0,234.44234074735107,4959,3020,2220,5184,3338,2825,111.72077159455345,76.26858784902113,65.15664809005997,2207.803295429324,2323.8085482382826,2401.3163974606014,2353.3450530310124,2400.4069961424757,2451.040174274275,2113.737413220538,2334.5082643720043,2,20,4 Sverdrup,3 Sverdrup,10 Sverdrup,20 Sverdrup,0.2,0.2,3.6
HIGH PROD,60500.0,234.4472876097887,4959,3020,2220,5184,3338,2825,111.72144129091217,76.26891493702716,65.15675972275973,2207.8298617342903,2323.834618332327,2401.3419971178587,2353.371560829401,2400.4324600281307,2451.0646814973684,2113.7637521102256,2334.534471417431,2,20,4 Sverdrup,3 Sverdrup,10 Sverdrup,20 Sverdrup,0.2,0.2,3.6
HIGH PROD,60600.0,234.4523984311228,4959,3020,2220,5184,3338,2825,111.72205950475164,76.26928321656703,65.15618635117713,2207.8562567655276,2323.8607202337676,2401.3661360556907,2353.3978182670335,2400.458034880781,2451.0862997471895,2113.7895327687306,2334.559830790755,2,20,4 Sverdrup,3 Sverdrup,10 Sverdrup,20 Sverdrup,0.2,0.2,3.6
HIGH PROD,60700.0,234.45763668225007,4959,3020,2220,5184,3338,2825,111.72262501659722,76.26967104428557,65.15574100193962,2207.8825223500617,2323.886819467557,2401.390530632056,2353.4238636208484,2400.4836454065753,2451.108453812769,2113.815334017449,2334.585115382745,2,20,4 Sverdrup,3 Sverdrup,10 Sverdrup,20 Sverdrup,0.2,0.2,3.6
HIGH PROD,60800.0,234.4629733712146,4959,3020,2220,5184,3338,2825,111.72313941088181,76.27006318652266,65.15540799164381,2207.908688960768,2323.9128966624908,2401.4151413372324,2353.4497287060312,2400.5092432354595,2451.131058757556,2113.841145601018,2334.610333829748,2,20,4 Sverdrup,3 Sverdrup,10 Sverdrup,20 Sverdrup,0.2,0.2,3.6
HIGH PROD,60900.0,234.4683851906673,4959,3020,2220,5184,3338,2825,111.72360534142433,76.27044912004362,65.15516858633332,2207.93477371955,2323.938940102841,2401.439932049321,2353.475434353969,2400.534796545418,2451.154039054921,2113.86693675032,2334.6354675633734,2,20,4 Sverdrup,3 Sverdrup,10 Sverdrup,20 Sverdrup,0.2,0.2,3.6
HIGH PROD,61000.0,234.47385333035675,4959,3020,2220,5184,3338,2825,111.72402636689337,76.27082193714111,65.1550066084153,2207.9607866430974,2323.9649427876225,2401.4648707607016,2353.5009961179153,2400.560285112104,2451.177328973863,2113.8926919950686,2334.660513203791,2,20,4 Sverdrup,3 Sverdrup,10 Sverdrup,20 Sverdrup,0.2,0.2,3.6
HIGH PROD,61100.0,234.47936283176585,4959,3020,2220,5184,3338,2825,111.72440672375025,76.27117749152218,65.15490833336497,2207.9867346857773,2323.9909009302364,2401.4899297958173,2353.5264277559972,2400.585697200418,2451.20087225985,2113.9184073048177,2334.6854780698613,2,20,4 Sverdrup,3 Sverdrup,10 Sverdrup,20 Sverdrup,0.2,0.2,3.6
HIGH PROD,61200.0,234.48490199653398,4959,3020,2220,5184,3338,2825,111.72475104228509,76.27151370923987,65.15486222333965,2208.012623832549,2324.0168131031774,2401.515085676896,2353.551742755511,2400.611027394652,2451.2246214219463,2113.944085187196,2334.710374677384,2,20,4 Sverdrup,3 Sverdrup,10 Sverdrup,20 Sverdrup,0.2,0.2,3.6
HIGH PROD,61300.0,234.4904618070457,4959,3020,2220,5184,3338,2825,111.72506407474026,76.27183003053244,65.15485865567662,2208.0384599927547,2324.0426796765523,2401.5403187880133,2353.576954732047,2400.6362749659465,2451.2485368199577,2113.9697312803023,2334.735217102157,2,20,4 Sverdrup,3 Sverdrup,10 Sverdrup,20 Sverdrup,0.2,0.2,3.6
HIGH PROD,61400.0,234.4960353948802,4959,3020,2220,5184,3338,2825,111.72535047231881,76.27212696141893,65.1548896624839,2208.0642492396114,2324.068502388895,2401.565612946003,2353.602077285484,2400.661442581729,2451.2725856877114,2113.9953522451747,2334.7600188876977,2,20,4 Sverdrup,3 Sverdrup,10 Sverdrup,20 Sverdrup,0.2,0.2,3.6
HIGH PROD,61500.0,234.5016175824631,4959,3020,2220,5184,3338,2825,111.7256146225183,76.27240571905574,65.1549486898375,2208.0899977386352,2324.0942839841864,2401.5909549461844,2353.6271236598222,2400.6865352627224,2451.296741175457,2114.020954578423,2334.784792001434,2,20,4 Sverdrup,3 Sverdrup,10 Sverdrup,20 Sverdrup,0.2,0.2,3.6
HIGH PROD,61600.0,234.50720450442435,4959,3020,2220,5184,3338,2825,111.72586054406783,76.27266795703126,65.15503038063552,2208.11571156354,2324.1200278940073,2401.616334122243,2353.6521063918944,2400.7115595402497,2451.3209814575107,2114.0465440244548,2334.8095464435496,2,20,4 Sverdrup,3 Sverdrup,10 Sverdrup,20 Sverdrup,0.2,0.2,3.6
HIGH PROD,61700.0,234.51279330342777,4959,3020,2220,5184,3338,2825,111.72609183030069,76.27291555793532,65.15513038236321,2208.1413965037427,2324.1457379619096,2401.6417419408986,2353.677037033104,2400.7365227860873,2451.345288927427,2114.0721253528923,2334.834290230616,2,20,4 Sverdrup,3 Sverdrup,10 Sverdrup,20 Sverdrup,0.2,0.2,3.6
HIGH PROD,61800.0,234.5183818902373,4959,3020,2220,5184,3338,2825,111.72631162990072,76.27315048149934,65.1552451793393,2208.167057910328,2324.171418212004,2401.667171640469,2353.7019259703884,2400.7614326937482,2451.369649488368,2114.0977023424866,2334.8590295725394,2,20,4 Sverdrup,3 Sverdrup,10 Sverdrup,20 Sverdrup,0.2,0.2,3.6
HIGH PROD,61900.0,234.52396875627542,4959,3020,2220,5184,3338,2825,111.72652265399955,76.27337465732356,65.15537194847292,2208.1927005951206,2324.1970726630725,2401.6926179165143,2353.726782342718,2400.7862968914765,2451.394051939506,2114.1232778706903,2334.883769131743,2,20,4 Sverdrup,3 Sverdrup,10 Sverdrup,20 Sverdrup,0.2,0.2,3.6
HIGH PROD,62000.0,234.5295528305073,4959,3020,2220,5184,3338,2825,111.72672720309612,76.27358991469622,65.15550843453111,2208.218328780497,2324.222705186967,2401.718076648968,2353.7516140357516,2400.8111226672563,2451.4184874447064,2114.148854045487,2334.9085122981437,2,20,4 Sverdrup,3 Sverdrup,10 Sverdrup,20 Sverdrup,0.2,0.2,3.6
HIGH PROD,62100.0,234.53513336776166,4959,3020,2220,5184,3338,2825,111.72692720106421,76.27379793717017,65.15565284639949,2208.2439460913365,2324.248319407773,2401.743544674407,2353.776427734373,2400.835916786368,2451.4429490895086,2114.174432348485,2334.9332614493514,2,20,4 Sverdrup,3 Sverdrup,10 Sverdrup,20 Sverdrup,0.2,0.2,3.6
HIGH PROD,62200.0,234.54070986387975,4959,3020,2220,5184,3338,2825,111.72712423652716,76.27400023917318,65.15580376969302,2208.2695555778555,2324.27391863659,2401.7690195947675,2353.801229013464,2400.8606853831857,2451.467431508688,2114.200013768533,2334.9580181785786,2,20,4 Sverdrup,3 Sverdrup,10 Sverdrup,20 Sverdrup,0.2,0.2,3.6
HIGH PROD,62300.0,234.5462819920293,4959,3020,2220,5184,3338,2825,111.72731960613163,76.27419815794818,65.1559600932581,2208.295159758696,2324.299505835807,2401.7944996171173,2353.8260224503356,2400.8854339103787,2451.4919305737208,2114.225598917472,2334.9827834847765,2,20,4 Sverdrup,3 Sverdrup,10 Sverdrup,20 Sverdrup,0.2,0.2,3.6
HIGH PROD,62400.0,234.5518495542714,4959,3020,2220,5184,3338,2825,111.72751435550259,76.27439285508163,65.15612094875118,2208.320760675697,2324.325083606737,2401.819983422481,2353.8508117463166,2400.9101671307862,2451.5164431362437,2114.2511881268188,2335.0075579270456,2,20,4 Sverdrup,3 Sverdrup,10 Sverdrup,20 Sverdrup,0.2,0.2,3.6
HIGH PROD,62500.0,234.55741244527363,4959,3020,2220,5184,3338,2825,111.72770931778072,76.27458532518897,65.15628566099798,2208.3463599536735,2324.350654194819,2401.8454700588672,2353.875599848442,2400.934889139583,2451.5409668180964,2114.27678152548,2335.0323417467157,2,20,4 Sverdrup,3 Sverdrup,10 Sverdrup,20 Sverdrup,0.2,0.2,3.6
HIGH PROD,62600.0,234.5629706252723,4959,3021,2220,5184,3338,2825,111.72790514849666,76.27477640883943,65.15645370750154,2208.371958860415,2324.3762195072754,2401.870958854818,2353.9003890652157,2400.9596034066126,2451.5654998408204,2114.3023791005717,2335.057134961822,2,20,4 Sverdrup,3 Sverdrup,10 Sverdrup,20 Sverdrup,0.2,0.2,3.6
HIGH PROD,62700.0,234.56852410007244,4959,3021,2220,5184,3338,2825,111.72810235639867,76.27496680774111,65.15662468562972,2208.397558363751,2324.4017811389394,2401.8964493501876,2353.92518117277,2400.984312830923,2451.5900408882944,2114.3279807439403,2335.081937438843,2,20,4 Sverdrup,3 Sverdrup,10 Sverdrup,20 Sverdrup,0.2,0.2,3.6
HIGH PROD,62800.0,234.57407290637738,4959,3021,2220,5184,3338,2825,111.72830133019434,76.27515710076163,65.15679828620517,2208.4231591837574,2324.427340402773,2401.9219412412635,2353.949977509542,2401.0090198014013,2451.6145889969634,2114.3535862869517,2335.1067489461584,2,20,4 Sverdrup,3 Sverdrup,10 Sverdrup,20 Sverdrup,0.2,0.2,3.6
HIGH PROD,62900.0,234.57961710113162,4959,3021,2221,5184,3338,2825,111.72850236138554,76.27534775980388,65.15697427238756,2208.4487618391313,2324.4528983624245,2401.9474343377224,2353.974779058819,2401.033726259043,2451.639143468867,2114.3791955259358,2335.1315691931163,2,20,4 Sverdrup,3 Sverdrup,10 Sverdrup,20 Sverdrup,0.2,0.2,3.6
HIGH PROD,63000.0,234.5851567538705,4959,3021,2221,5184,3338,2825,111.72870566350565,76.27553916489151,65.15715246290283,2208.474366687408,2324.4784558648357,2401.972928529257,2353.9995865193887,2401.0584337577075,2451.663703803335,2114.404808240333,2335.1563978579684,2,20,4 Sverdrup,3 Sverdrup,10 Sverdrup,20 Sverdrup,0.2,0.2,3.6
HIGH PROD,63100.0,234.59069194130524,4959,3021,2221,5184,3338,2825,111.72891138813604,76.27573161807372,65.15733271881581,2208.4999739591494,2324.504013571535,2401.9984237600524,2354.0244003650164,2401.08314352129,2451.6882696438756,2114.430424205241,2335.1812346073193,2,20,4 Sverdrup,3 Sverdrup,10 Sverdrup,20 Sverdrup,0.2,0.2,3.6
HIGH PROD,63200.0,234.59622274355866,4959,3021,2221,5184,3338,2826,111.72911963809929,76.27592535594358,65.15751493317221,2208.525583786498,2324.529571987698,2402.023920009545,2354.0492208938217,2401.107856496035,2451.7128407372957,2114.456043199759,2335.206079109223,2,20,4 Sverdrup,3 Sverdrup,10 Sverdrup,20 Sverdrup,0.2,0.2,3.6
HIGH PROD,63300.0,234.60174924160987,4959,3021,2221,5184,3338,2826,111.72933047821911,76.27612056069776,65.1576990229473,2208.551196226644,2324.5551314884733,2402.0494172781887,2354.0740482687143,2401.1325733973645,2451.7374169026093,2114.4816650122198,2335.230931041581,2,20,4 Sverdrup,3 Sverdrup,10 Sverdrup,20 Sverdrup,0.2,0.2,3.6
HIGH PROD,63400.0,234.60727151561426,4959,3021,2221,5184,3338,2826,111.72954394401518,76.27631736975476,65.1578849228379,2208.57681128083,2324.5806923423083,2402.074915577148,2354.0988825501063,2401.157294751027,2451.761998007695,2114.5072894431773,2335.2557900971487,2,20,4 Sverdrup,3 Sverdrup,10 Sverdrup,20 Sverdrup,0.2,0.2,3.6
HIGH PROD,63500.0,234.61278964385045,4959,3021,2221,5184,3338,2826,111.72976004866759,76.2765158840084,65.15807258051495,2208.602428909515,2324.6062547312677,2402.1004149210376,2354.1237237220635,2401.1820209286716,2451.786583952044,2114.532916306797,2335.2806559861233,2,20,4 Sverdrup,3 Sverdrup,10 Sverdrup,20 Sverdrup,0.2,0.2,3.6
HIGH PROD,63600.0,234.61830370210873,4959,3021,2221,5184,3338,2826,111.72997878854572,76.27671617482426,65.15826195302624,2208.6280490443,2324.6318187684287,2402.125915323004,2354.148571712954,2401.206752178185,2451.8111746542295,2114.558545431169,2335.305528437076,2,20,4 Sverdrup,3 Sverdrup,10 Sverdrup,20 Sverdrup,0.2,0.2,3.6
HIGH PROD,63700.0,234.6238137633858,4959,3021,2221,5184,3338,2826,111.73020014755869,76.27691828991026,65.15845300409836,2208.6536715971693,2324.6573845125727,2402.1514167915657,2354.1734264115544,2401.23148864923,2451.8357700430242,2114.584176657901,2335.3304071967755,2,20,4 Sverdrup,3 Sverdrup,10 Sverdrup,20 Sverdrup,0.2,0.2,3.6
HIGH PROD,63800.0,234.62931989778605,4959,3021,2221,5184,3338,2826,111.73042410054927,76.2771222581925,65.15864570213618,2208.6792964675255,2324.682951980417,2402.176919328764,2354.1982876794577,2401.2562304144776,2451.8603700512704,2114.6098098412713,2335.3552920293014,2,20,4 Sverdrup,3 Sverdrup,10 Sverdrup,20 Sverdrup,0.2,0.2,3.6
HIGH PROD,63900.0,234.63482217202935,4959,3021,2221,5184,3338,2826,111.73065061611248,76.27732809390172,65.1588400187867,2208.7049235475474,2324.7085211567023,2402.2024229292865,2354.223155360495,2401.280977487087,2451.8849746118303,2114.635444847542,2335.3801827147695,2,20,4 Sverdrup,3 Sverdrup,10 Sverdrup,20 Sverdrup,0.2,0.2,3.6
HIGH PROD,64000.0,234.64032065119545,4959,3021,2221,5184,3338,2826,111.73087965790779,76.27753579959084,65.15903592777713,2208.7305527257986,2324.734092002261,2402.2279275801525,2354.2480292877763,2401.3057298348945,2451.909583655035,2114.6610815523118,2335.4050790478336,2,20,4 Sverdrup,3 Sverdrup,10 Sverdrup,20 Sverdrup,0.2,0.2,3.6
HIGH PROD,64100.0,234.64563630514877,4959,3021,2221,5184,3339,2826,111.73117211268541,76.28099905745856,65.1594423188787,2208.7564079069953,2324.7658738132704,2402.253907603163,2354.2732260962975,2401.3428564099445,2451.935107838637,2114.687747424375,2335.431434057511,2,20,4 Sverdrup,3 Sverdrup,10 Sverdrup,20 Sverdrup,0.2,0.2,3.6
HIGH PROD,64200.0,234.65069445835033,4959,3021,2221,5184,3339,2826,111.73157250590286,76.28567822772307,65.16011290112797,2208.782612522282,2324.799998246911,2402.280494567252,2354.298938242186,2401.3845802446044,2451.96178701226,2114.7152054880407,2335.458994760271,2,20,4 Sverdrup,3 Sverdrup,10 Sverdrup,20 Sverdrup,0.2,0.2,3.6
HIGH PROD,64300.0,234.65571998736365,4959,3021,2221,5185,3339,2826,111.73202654953243,76.28623053628323,65.16075245831983,2208.8089149230855,2324.8263360645888,2402.307031585614,2354.3248332726384,2401.410684453928,2451.988346070487,2114.74185865341,2335.485545812453,2,20,4 Sverdrup,3 Sverdrup,10 Sverdrup,20 Sverdrup,0.2,0.2,3.6
HIGH PROD,64400.0,234.66054248975692,4959,3022,2221,5185,3339,2826,111.73258480356255,76.29013538562839,65.1615806935497,2208.8355078696322,2324.859156747901,2402.3340166698426,2354.3511811478593,2401.449672393504,2452.0157468061584,2114.7694938110676,2335.513518078521,2,20,4 Sverdrup,3 Sverdrup,10 Sverdrup,20 Sverdrup,0.2,0.2,3.6
HIGH PROD,64500.0,234.66502636619705,4959,3022,2221,5185,3340,2826,111.73330608817156,76.29646780045067,65.16273241933499,2208.8625771757993,2324.8966503875213,2402.3617619415454,2354.3782581463124,2401.497876962934,2452.0445789864707,2114.7982718577687,2335.5432105010677,2,20,4 Sverdrup,3 Sverdrup,10 Sverdrup,20 Sverdrup,0.2,0.2,3.6
HIGH PROD,64600.0,234.66908344895205,4959,3022,2221,5185,3340,2826,111.73424417323768,76.30436753634015,65.16427181224778,2208.8902629143304,2324.9372456386022,2402.3904269397176,2354.406288219356,2401.5521113971045,2452.0751333641533,2114.8281687891094,2335.5746593298472,2,20,4 Sverdrup,3 Sverdrup,10 Sverdrup,20 Sverdrup,0.2,0.2,3.6
HIGH PROD,64700.0,234.67271323083585,4959,3023,2221,5185,3341,2826,111.73542658907326,76.31233083754714,65.1661596045758,2208.918598003156,2324.9781245370455,2402.4199392195173,2354.435348725471,2401.6067184031385,2452.107253424452,2114.8588331500277,2335.607416082836,2,20,4 Sverdrup,3 Sverdrup,10 Sverdrup,20 Sverdrup,0.2,0.2,3.6
HIGH PROD,64800.0,234.67607344874685,4959,3023,2221,5185,3341,2826,111.73677179880563,76.3189777318244,65.16898981840582,2208.9473517656866,2325.016619798464,2402.4515263343424,2354.4650824949454,2401.65642972624,2452.143438022702,2114.890163874671,2335.641239413655,2,20,4 Sverdrup,3 Sverdrup,10 Sverdrup,20 Sverdrup,0.2,0.2,3.6
HIGH PROD,64900.0,234.67902249799357,4959,3023,2222,5185,3341,2827,111.73839835757094,76.31934428784223,65.17284503229321,2208.97678513342,2325.0434502069907,2402.48533797137,2354.495937065201,2401.682591913461,2452.1839270614437,2114.9213181485106,2335.67514634991,2,20,4 Sverdrup,3 Sverdrup,10 Sverdrup,20 Sverdrup,0.2,0.2,3.6
HIGH PROD,65000.0,234.68210380517425,4959,3023,2222,5185,3341,2827,111.74014655356663,76.31880690713254,65.17432567085089,2209.0061487601506,2325.0687408249896,2402.5142099900213,2354.5269271974985,2401.7056194930788,2452.2145075486155,2114.9500733557743,2335.7059162802443,2,20,4 Sverdrup,3 Sverdrup,10 Sverdrup,20 Sverdrup,0.2,0.2,3.6
HIGH PROD,65100.0,234.68532990256753,4960,3023,2222,5185,3341,2827,111.7419202588112,76.31878077786119,65.17565926080958,2209.035332239095,2325.0949491478013,2402.5428030886915,2354.5577875265753,2401.730525406961,2452.244534045113,2114.978610630027,2335.7363109946614,2,20,4 Sverdrup,3 Sverdrup,10 Sverdrup,20 Sverdrup,0.2,0.2,3.6
HIGH PROD,65200.0,234.68867604872565,4960,3023,2222,5185,3341,2827,111.74369858531765,76.31912816165796,65.17689955464407,2209.064357176617,2325.121794314178,2402.571197048957,2354.5885038366123,2401.7567715283403,2452.274168318111,2115.007066866632,2335.766510696736,2,20,4 Sverdrup,3 Sverdrup,10 Sverdrup,20 Sverdrup,0.2,0.2,3.6
HIGH PROD,65300.0,234.69212274868212,4960,3024,2222,5185,3341,2827,111.74546806489451,76.31974618680859,65.17807452640459,2209.0932469299782,2325.149075759532,2402.5994478140997,2354.619075957307,2401.783964730194,2452.3035242109477,2115.035471703459,2335.796565598584,2,20,4 Sverdrup,3 Sverdrup,10 Sverdrup,20 Sverdrup,0.2,0.2,3.6
HIGH PROD,65400.0,234.69565418691926,4960,3024,2222,5185,3341,2827,111.7472202332715,76.32055828291462,65.17920363477116,2209.122022909312,2325.176651161713,2402.627594187255,2354.649510218992,2401.811819038547,2452.3326809939053,2115.06383956614,2335.826505348838,2,20,4 Sverdrup,3 Sverdrup,10 Sverdrup,20 Sverdrup,0.2,0.2,3.6
HIGH PROD,65500.0,234.69925750527239,4960,3024,2222,5185,3341,2827,111.74894999735997,76.32150766069019,65.18030029293844,2209.1507032102204,2325.204420120255,2402.655662753867,2354.679815417808,2401.840127267244,2452.361693152279,2115.09217666079,2335.856347588691,2,20,4 Sverdrup,3 Sverdrup,10 Sverdrup,20 Sverdrup,0.2,0.2,3.6
HIGH PROD,65600.0,234.70290602577018,4960,3024,2222,5185,3341,2827,111.75066268918282,76.32253263741201,65.18137884132726,2209.179323707109,2325.232289720056,2402.6836860127896,2354.7100348055865,2401.8686797874166,2452.3906227991624,2115.120493433572,2335.8861271350925,2,20,4 Sverdrup,3 Sverdrup,10 Sverdrup,20 Sverdrup,0.2,0.2,3.6
HIGH PROD,65700.0,234.70669513252827,4960,3023,2223,5185,3341,2827,111.75232811928453,76.31787331999662,65.18322869025157,2209.207778222628,2325.249284949373,2402.7133147442814,2354.740015914136,2401.8755518782987,2452.4227903902397,2115.1480813573153,2335.914862353298,2,20,4 Sverdrup,3 Sverdrup,10 Sverdrup,20 Sverdrup,0.2,0.2,3.6
HIGH PROD,65800.0,234.7102313798652,4960,3023,2223,5185,3341,2828,111.754044398057,76.31167532477886,65.19057617424194,2209.236526591194,2325.2635544769446,2402.7544709767712,2354.7703650559315,2401.8769634423843,2452.4779671180922,2115.179157753657,2335.9482851659577,2,20,4 Sverdrup,3 Sverdrup,10 Sverdrup,20 Sverdrup,0.2,0.2,3.6
HIGH PROD,65900.0,234.7132228073425,4960,3023,2224,5186,3340,2828,111.75593901716982,76.3081562281957,65.19624206992496,2209.265799391432,2325.282948807491,2402.7921154128057,2354.801514342367,2401.888518864268,2452.526046330266,2115.2094613122244,2335.9811736236684,2,20,4 Sverdrup,3 Sverdrup,10 Sverdrup,20 Sverdrup,0.2,0.2,3.6
HIGH PROD,66000.0,234.71588538913724,4960,3023,2224,5186,3340,2829,111.75797159231676,76.30608351347966,65.20121190485553,2209.2953051386357,2325.3050998072085,2402.8283361765607,2354.8331176061142,2401.9055413702495,2452.5712589341238,2115.23973953191,2336.0143060410237,2,20,4 Sverdrup,3 Sverdrup,10 Sverdrup,20 Sverdrup,0.2,0.2,3.6
HIGH PROD,66100.0,234.71825403789674,4960,3023,2224,5186,3340,2829,111.76015486049327,76.30502690627617,65.20593812978764,2209.3250750994584,2325.3291948437013,2402.8640770215784,2354.8652261586044,2401.926412069273,2452.615489098313,2115.2704572483804,2336.0482271051515,2,20,4 Sverdrup,3 Sverdrup,10 Sverdrup,20 Sverdrup,0.2,0.2,3.6
HIGH PROD,66200.0,234.72034290686457,4960,3023,2225,5186,3340,2829,111.76250598245379,76.30475123731968,65.210541543359,2209.355172175973,2325.354802479223,2402.8995963005364,2354.8979288363553,2401.950258135498,2452.6592418948517,2115.3017277153695,2336.0830609583268,2,20,4 Sverdrup,3 Sverdrup,10 Sverdrup,20 Sverdrup,0.2,0.2,3.6
HIGH PROD,66300.0,234.72266445673694,4961,3023,2225,5186,3340,2829,111.76486800735125,76.30764381784084,65.21080008122723,2209.3850420300378,2325.386335582378,2402.925954537037,2354.9304310895945,2401.986021762621,2452.6847264932744,2115.330782504107,2336.114844272612,2,20,4 Sverdrup,3 Sverdrup,10 Sverdrup,20 Sverdrup,0.2,0.2,3.6
HIGH PROD,66400.0,234.72575893608044,4961,3023,2224,5186,3340,2829,111.76703179122418,76.30984184487494,65.20734192842781,2209.4140895120972,2325.4163068437097,2402.944445827846,2354.9618130007634,2402.0188760070664,2452.694624763023,2115.3568800711855,2336.1422074260577,2,20,4 Sverdrup,3 Sverdrup,10 Sverdrup,20 Sverdrup,0.2,0.2,3.6
HIGH PROD,66500.0,234.72960552633316,4961,3023,2224,5186,3340,2829,111.76893838755132,76.30925091087973,65.20438669676642,2209.442376070193,2325.4407878826246,2402.963923698645,2354.9920358933555,2402.0409778902203,2452.706628399041,2115.3824371334076,2336.1682728251585,2,20,4 Sverdrup,3 Sverdrup,10 Sverdrup,20 Sverdrup,0.2,0.2,3.6
HIGH PROD,66600.0,234.73404625440998,4961,3023,2224,5186,3340,2829,111.77058318979367,76.30910833744396,65.2019028856381,2209.4700784528454,2325.465975440209,2402.9842881670147,2355.0212615370206,2402.064680870795,2452.72050405851,2115.408044031439,2336.193921256163,2,20,4 Sverdrup,3 Sverdrup,10 Sverdrup,20 Sverdrup,0.2,0.2,3.6
HIGH PROD,66700.0,234.73894729468176,4961,3023,2224,5186,3340,2828,111.7719721162916,76.30926226009119,65.19982804293483,2209.497305390139,2325.4915810328685,2403.00542783774,2355.0496039246123,2402.0893647056337,2452.736009033244,2115.4335655077243,2336.2190953326904,2,20,4 Sverdrup,3 Sverdrup,10 Sverdrup,20 Sverdrup,0.2,0.2,3.6
HIGH PROD,66800.0,234.7441989283902,4961,3023,2224,5186,3340,2828,111.7731186809427,76.30958728930983,65.19810299821006,2209.5241234997784,2325.51740315802,2403.027230043759,2355.0771494896385,2402.114590019391,2452.752907057292,2115.4589171194657,2336.243782630648,2,20,4 Sverdrup,3 Sverdrup,10 Sverdrup,20 Sverdrup,0.2,0.2,3.6
HIGH PROD,66900.0,234.74971339772495,4961,3023,2224,5186,3340,2828,111.77404202822126,76.309995448986,65.1966737923699,2209.5505798962126,2325.5433032796245,2403.0495885757036,2355.1039754295566,2402.1400521204055,2452.7709794076336,2115.4840760213374,2336.2680272170223,2,20,4 Sverdrup,3 Sverdrup,10 Sverdrup,20 Sverdrup,0.2,0.2,3.6
HIGH PROD,67000.0,234.75542188156896,4961,3023,2224,5186,3340,2828,111.77476476860673,76.3104270984944,65.19549243475232,2209.5767138295064,2325.5691885132183,2403.0724076115644,2355.130157202967,2402.1655454767315,2452.7900302755224,2115.509053253233,2336.2918983130066,2,20,4 Sverdrup,3 Sverdrup,10 Sverdrup,20 Sverdrup,0.2,0.2,3.6
HIGH PROD,67100.0,234.76127118387996,4961,3023,2223,5186,3340,2828,111.77531104393715,76.31084347468087,65.19451704392957,2209.6025617587998,2325.594999295902,2403.0956032338245,2355.155770141241,2402.1909373069357,2452.8098885076556,2115.5338752630178,2336.3154707935796,2,20,4 Sverdrup,3 Sverdrup,10 Sverdrup,20 Sverdrup,0.2,0.2,3.6
HIGH PROD,67200.0,234.7672206308409,4961,3023,2223,5186,3340,2828,111.77570501487793,76.31122096395333,65.19371161919918,2209.6281590246904,2325.620700336354,2403.119103541415,2355.1808885183386,2402.2161477036657,2452.8304072093674,2115.5585733789826,2336.3388151396884,2,20,4 Sverdrup,3 Sverdrup,10 Sverdrup,20 Sverdrup,0.2,0.2,3.6
HIGH PROD,67300.0,234.77309728335922,4961,3023,2223,5186,3341,2828,111.77601804780988,76.31156187910624,65.19403030565903,2209.6537138823846,2325.646338725162,2403.144942029661,2355.205831436721,2402.2412264031736,2452.8556212369895,2115.5839761150473,2336.3631286734485,2,20,4 Sverdrup,3 Sverdrup,10 Sverdrup,20 Sverdrup,0.2,0.2,3.6
HIGH PROD,67400.0,234.7789222123303,4961,3023,2223,5186,3341,2828,111.7762681161403,76.31186543281429,65.19426243645724,2209.6792065018667,2325.671914208322,2403.1705563335,2355.230609572112,2402.2661715912986,2452.880410982766,2115.609245481016,2336.387315718903,2,20,4 Sverdrup,3 Sverdrup,10 Sverdrup,20 Sverdrup,0.2,0.2,3.6
HIGH PROD,67500.0,234.78469085005088,4961,3023,2223,5186,3341,2828,111.77647535298372,76.31213530355497,65.19455954822865,2209.704649631998,2325.6974338981045,2403.196287276472,2355.2552688618584,2402.2909973499018,2452.90545758028,2115.6345110888383,2336.4115486996993,2,20,4 Sverdrup,3 Sverdrup,10 Sverdrup,20 Sverdrup,0.2,0.2,3.6
HIGH PROD,67600.0,234.7904225228158,4961,3023,2223,5186,3341,2828,111.77664980895307,76.31237504814678,65.19476331164425,2209.730036267922,2325.722898566468,2403.2217966662793,2355.279819348509,2402.3157114234273,2452.930086746349,2115.659695075467,2336.4357089008336,2,20,4 Sverdrup,3 Sverdrup,10 Sverdrup,20 Sverdrup,0.2,0.2,3.6
HIGH PROD,67700.0,234.7961116072083,4961,3023,2223,5186,3341,2828,111.77680587440383,76.31259064552106,65.1950349477674,2209.755392946206,2325.7483194258884,2403.2474296497317,2355.304310546368,2402.3403362980025,2452.954984728922,2115.6849442932707,2336.4599874249952,2,20,4 Sverdrup,3 Sverdrup,10 Sverdrup,20 Sverdrup,0.2,0.2,3.6
HIGH PROD,67800.0,234.8017763147841,4961,3023,2223,5186,3341,2828,111.77694826834852,76.31278632588126,65.1952159512448,2209.78071739693,2325.7737002209005,2403.272850399593,2355.328748094921,2402.364883850606,2452.9794800515856,2115.710153141126,2336.4842325291447,2,20,4 Sverdrup,3 Sverdrup,10 Sverdrup,20 Sverdrup,0.2,0.2,3.6
HIGH PROD,67900.0,234.80740949490885,4961,3023,2224,5186,3341,2828,111.777086689155,76.31296769897376,65.19546762401674,2209.8060352839916,2325.799053463081,2403.298405005683,2355.3531728209255,2402.3893770618697,2453.004260050845,2115.7354474838016,2336.508611259625,2,20,4 Sverdrup,3 Sverdrup,10 Sverdrup,20 Sverdrup,0.2,0.2,3.6
HIGH PROD,68000.0,234.8130276640567,4961,3023,2224,5186,3341,2828,111.77722195004327,76.31313803335661,65.19563143648347,2209.831340794007,2325.824382720771,2403.323757705461,2355.377580441222,2402.4138257379655,2453.0286532469386,2115.7607085963464,2336.5329575203646,2,20,4 Sverdrup,3 Sverdrup,10 Sverdrup,20 Sverdrup,0.2,0.2,3.6
HIGH PROD,68100.0,234.81862204216608,4961,3023,2224,5186,3341,2828,111.77736063303358,76.31330170002762,65.19586857119418,2209.8566551820713,2325.8496992660334,2403.3492541312016,2355.402002356252,2402.4382492352197,2453.0533462898106,2115.7860548306944,2336.5574307117613,2,20,4 Sverdrup,3 Sverdrup,10 Sverdrup,20 Sverdrup,0.2,0.2,3.6
HIGH PROD,68200.0,234.82420769624636,4961,3023,2224,5186,3341,2828,111.77750114858118,76.31346065918515,65.19602033421471,2209.8819683478823,2325.8750047903427,2403.3745577849536,2355.4264261668413,2402.4626529943243,2453.0776666321935,2115.8113636121807,2336.581861321874,2,20,4 Sverdrup,3 Sverdrup,10 Sverdrup,20 Sverdrup,0.2,0.2,3.6
HIGH PROD,68300.0,234.82991673568543,4961,3023,2223,5186,3341,2828,111.77760002849016,76.31360288857137,65.19526313705319,2209.9071239098807,2325.9002435144625,2403.397919521571,2355.4506291533016,2402.486960042928,2453.0981408464713,2115.835953836537,2336.605272194302,2,20,4 Sverdrup,3 Sverdrup,10 Sverdrup,20 Sverdrup,0.2,0.2,3.6
HIGH PROD,68400.0,234.83557685104978,4961,3023,2224,5186,3341,2828,111.7777060167757,76.31373981158043,65.19560800682913,2209.9323353377245,2325.9254746428705,2403.4236078184213,2355.4748979111137,2402.5112495482604,2453.1232694494197,2115.8613656596985,2336.6297768792797,2,20,4 Sverdrup,3 Sverdrup,10 Sverdrup,20 Sverdrup,0.2,0.2,3.6
HIGH PROD,68500.0,234.8412087455799,4961,3023,2224,5186,3341,2828,111.77781870221078,76.31387414419703,65.19585631672024,2209.9575832010014,2325.950706322969,2403.4490725156274,2355.4992127224705,2402.5355345120115,2453.147953973501,2115.8867442198225,2336.654256888426,2,20,4 Sverdrup,3 Sverdrup,10 Sverdrup,20 Sverdrup,0.2,0.2,3.6
HIGH PROD,68600.0,234.84694855831893,4961,3023,2223,5186,3341,2828,111.77789410905412,76.31399411606033,65.19517923293905,2209.982695982403,2325.9758831990853,2403.4725682631383,2355.523335537741,2402.559738856212,2453.1687314089468,2115.9113724516005,2336.67769099819,2,20,4 Sverdrup,3 Sverdrup,10 Sverdrup,20 Sverdrup,0.2,0.2,3.6
HIGH PROD,68700.0,234.85262687281624,4961,3023,2224,5186,3341,2828,111.77798070569487,76.31411130489545,65.19559170852058,2210.0078779493224,2326.00106337887,2403.498367380162,2355.547543696495,2402.5839410086396,2453.1941118598274,2115.9368025925755,2336.7022052909338,2,20,4 Sverdrup,3 Sverdrup,10 Sverdrup,20 Sverdrup,0.2,0.2,3.6
HIGH PROD,68800.0,234.85826698555474,4961,3023,2224,5187,3341,2828,111.77807795321114,76.31422852854125,65.19589603492102,2210.033104703276,2326.026253545792,2403.523923362717,2355.5718125183143,2402.608152776427,2453.2190053792674,2115.9621900012457,2336.726691716077,2,20,4 Sverdrup,3 Sverdrup,10 Sverdrup,20 Sverdrup,0.2,0.2,3.6
HIGH PROD,68900.0,234.86386510031136,4961,3023,2224,5187,3341,2828,111.77818998871952,76.3143492051423,65.19625088378777,2210.058376182687,2326.051461868576,2403.5495881458455,2355.5961489258643,2402.63238868028,2453.2441152783103,2115.987621914493,2336.7512705591175,2,20,4 Sverdrup,3 Sverdrup,10 Sverdrup,20 Sverdrup,0.2,0.2,3.6
HIGH PROD,69000.0,234.8694400864649,4961,3023,2224,5187,3341,2828,111.778313456836,76.31447431651614,65.19650130848073,2210.0836689075663,2326.07668559868,2403.575031086362,2355.6205247778166,2402.6566480063457,2453.2687836136565,2116.0129908485887,2336.775787901336,2,20,4 Sverdrup,3 Sverdrup,10 Sverdrup,20 Sverdrup,0.2,0.2,3.6
HIGH PROD,69100.0,234.87512730904365,4961,3023,2224,5187,3341,2828,111.77840357589142,76.31459090995237,65.19582702326603,2210.108818706675,2326.101864530754,2403.598508354462,2355.6447077079324,2402.680847734724,2453.28954960465,2116.0376279613806,2336.7992788051947,2,20,4 Sverdrup,3 Sverdrup,10 Sverdrup,20 Sverdrup,0.2,0.2,3.6
HIGH PROD,69200.0,234.88075715663456,4961,3023,2224,5187,3341,2828,111.77850799167292,76.31470953271192,65.19624313289758,2210.134034618391,2326.127053960736,2403.624293020506,2355.6689782476005,2402.7050615896183,2453.314924394804,2116.0630810243797,2336.82386360743,2,20,4 Sverdrup,3 Sverdrup,10 Sverdrup,20 Sverdrup,0.2,0.2,3.6
HIGH PROD,69300.0,234.88635256770354,4961,3023,2224,5187,3341,2828,111.7786253410829,76.31483208199364,65.19655213303693,2210.159294640806,2326.15225875246,2403.6498388895557,2355.6933126155973,2402.7292978313917,2453.3398185393153,2116.0884992754413,2336.8484269328064,2,20,4 Sverdrup,3 Sverdrup,10 Sverdrup,20 Sverdrup,0.2,0.2,3.6
HIGH PROD,69400.0,234.89205146747082,4961,3023,2224,5187,3341,2828,111.77871077533743,76.31494602236376,65.19592759408316,2210.1844256674676,2326.1774208610964,2403.673403888105,2355.717469778937,2402.7534763142285,2453.3607764557687,2116.113167583884,2336.8719484486883,2,20,4 Sverdrup,3 Sverdrup,10 Sverdrup,20 Sverdrup,0.2,0.2,3.6
HIGH PROD,69500.0,234.8976858522335,4961,3023,2224,5187,3341,2828,111.77881194266918,76.31506221374856,65.19638588925912,2210.2096308593314,2326.2025961989807,2403.699262859117,2355.7417246623145,2402.777671965788,2453.3863140276994,2116.1386388123424,2336.896553861758,2,20,4 Sverdrup,3 Sverdrup,10 Sverdrup,20 Sverdrup,0.2,0.2,3.6
HIGH PROD,69600.0,234.9032800044813,4961,3023,2224,5187,3341,2828,111.77892755643789,76.315182804897,65.19673084607844,2210.2348849804293,2326.227789661673,2403.7248714759853,2355.766050515181,2402.801893570672,2453.411346278236,2116.1640684465624,2336.921134287931,2,20,4 Sverdrup,3 Sverdrup,10 Sverdrup,20 Sverdrup,0.2,0.2,3.6
HIGH PROD,69700.0,234.9089730823014,4961,3023,2224,5187,3341,2828,111.77901283485542,76.31529545710565,65.19613705806053,2210.2600132856774,2326.2529430383415,2403.748489454262,2355.790204850043,2402.8260612116046,2453.432421640305,2116.1887454401644,2336.944673373818,2,20,4 Sverdrup,3 Sverdrup,10 Sverdrup,20 Sverdrup,0.2,0.2,3.6
HIGH PROD,69800.0,234.91474030360234,4961,3023,2224,5187,3341,2828,111.77906719944053,76.31539603217925,65.19563675094618,2210.285044226359,2326.278047143522,2403.7722993475763,2355.8142143138584,2402.8501580922193,2453.453900689803,2116.2134271262644,2336.968163173455,2,20,4 Sverdrup,3 Sverdrup,10 Sverdrup,20 Sverdrup,0.2,0.2,3.6
HIGH PROD,69900.0,234.92042042985025,4961,3023,2224,5187,3341,2828,111.77914094171798,76.31549735171915,65.19620581594172,2210.3101787755327,2326.3031663939514,2403.79836412368,2355.838355773342,2402.8742710223923,2453.4798758210377,2116.238933327493,2336.992778112093,2,20,4 Sverdrup,3 Sverdrup,10 Sverdrup,20 Sverdrup,0.2,0.2,3.6
HIGH PROD,70000.0,234.92604266367806,4961,3023,2224,5187,3341,2828,111.7792331656481,76.31560281827805,65.19664377390099,2210.335381237157,2326.3283083939714,2403.8241446595016,2355.862593114199,2402.898413827662,2453.505274407453,2116.2643793965763,2337.017359387202,2,20,4 Sverdrup,3 Sverdrup,10 Sverdrup,20 Sverdrup,0.2,0.2,3.6
HIGH PROD,70100.0,234.93174977377458,4961,3023,2224,5187,3341,2828,111.77929934314176,76.31570104617987,65.19612805437542,2210.3604704910617,2326.3534159449578,2403.847905592919,2355.8866781787688,2402.9225094281587,2453.5266559655925,2116.2890625652158,2337.040898224395,2,20,4 Sverdrup,3 Sverdrup,10 Sverdrup,20 Sverdrup,0.2,0.2,3.6
HIGH PROD,70200.0,234.93737784653004,4961,3023,2224,5187,3341,2828,111.7793872692579,76.3158037484265,65.19667829928781,2210.3856455808414,2326.3785450852365,2403.873927979392,2355.910882214055,2402.9466345516157,2453.552549742353,2116.314545555237,2337.0655290172776,2,20,4 Sverdrup,3 Sverdrup,10 Sverdrup,20 Sverdrup,0.2,0.2,3.6
HIGH PROD,70300.0,234.9429545392114,4961,3023,2224,5187,3341,2828,111.77949559929681,76.3159136637682,65.19710147427058,2210.410879262873,2326.4037005724367,2403.8996731196057,2355.9351764381627,2402.970799007954,2453.5778825092534,2116.3399894124263,2337.0901467559843,2,20,4 Sverdrup,3 Sverdrup,10 Sverdrup,20 Sverdrup,0.2,0.2,3.6
HIGH PROD,70400.0,234.94862176824452,4961,3023,2224,5187,3341,2828,111.77957928375106,76.31601880896511,65.19657461731589,2210.4359957612014,2326.428823953384,2403.9234056245346,2355.9593169234895,2402.9949233456127,2453.599212742325,2116.3646855633165,2337.113735767857,2,20,4 Sverdrup,3 Sverdrup,10 Sverdrup,20 Sverdrup,0.2,0.2,3.6
HIGH PROD,70500.0,234.9543569708874,4961,3023,2224,5187,3341,2828,111.77963731695121,76.31611520393189,65.19613191881503,2210.4610228405254,2326.453905730102,2403.94731217538,2355.9833289484236,2403.018990780492,2453.620909410186,2116.389391889428,2337.1372869949646,2,20,4 Sverdrup,3 Sverdrup,10 Sverdrup,20 Sverdrup,0.2,0.2,3.6
HIGH PROD,70600.0,234.96000060282088,4961,3023,2224,5187,3341,2828,111.77971946556696,76.31621566992959,65.1967509720993,2210.4861608464753,2326.4790099390457,2403.9734591845477,2356.007487888259,2403.0430877549475,2453.647071880517,2116.414927798164,2337.1619729304566,2,20,4 Sverdrup,3 Sverdrup,10 Sverdrup,20 Sverdrup,0.2,0.2,3.6
HIGH PROD,70700.0,234.9655832615583,4961,3023,2224,5187,3341,2828,111.77982425121532,76.31632348817705,65.19723276318662,2210.5113733804224,2326.504143723646,2403.999310443626,2356.031756000432,2403.0672274186386,2453.672633436418,2116.440407670077,2337.186632652635,2,20,4 Sverdrup,3 Sverdrup,10 Sverdrup,20 Sverdrup,0.2,0.2,3.6
HIGH PROD,70800.0,234.9712487310444,4961,3023,2224,5187,3341,2828,111.77990655481493,76.31642706465419,65.19675592701839,2210.5364785667243,2326.529249359103,2404.0231329734293,2356.0558834127896,2403.0913317793106,2453.6941584325095,2116.465127791686,2337.210255363356,2,20,4 Sverdrup,3 Sverdrup,10 Sverdrup,20 Sverdrup,0.2,0.2,3.6
HIGH PROD,70900.0,234.97697594940095,4961,3023,2224,5187,3341,2828,111.77996536042745,76.31652270716309,65.19635607613856,2210.5615007176725,2326.554317409669,2404.0471158222163,2356.079892069152,2403.115384674745,2453.716021183428,2116.4898520880915,2337.2338380323536,2,20,4 Sverdrup,3 Sverdrup,10 Sverdrup,20 Sverdrup,0.2,0.2,3.6
HIGH PROD,71000.0,234.98260674516422,4961,3023,2224,5187,3341,2828,111.78005039978522,76.31662343860573,65.1970120100869,2210.586638318172,2326.5794117143273,2404.073327596842,2356.104055517442,2403.139472757902,2453.7423257858336,2116.51540381548,2337.2585567318306,2,20,4 Sverdrup,3 Sverdrup,10 Sverdrup,20 Sverdrup,0.2,0.2,3.6
HIGH PROD,71100.0,234.98817286293217,4961,3023,2224,5187,3341,2828,111.78016012080744,76.31673266849408,65.1975258124272,2210.6118539943286,2326.6045391442476,2404.0992340940634,2356.1283349522487,2403.1636091698824,2453.7680097110483,2116.5408995553457,2337.283252219655,2,20,4 Sverdrup,3 Sverdrup,10 Sverdrup,20 Sverdrup,0.2,0.2,3.6
HIGH PROD,71200.0,234.99381905478364,4961,3023,2224,5187,3341,2828,111.78024927921727,76.31683886637195,65.19707696742131,2210.6369653255488,2326.629641691406,2404.123104067095,2356.15247977016,2403.187715772649,2453.7896408745937,2116.5656365928294,2337.3069141558562,2,20,4 Sverdrup,3 Sverdrup,10 Sverdrup,20 Sverdrup,0.2,0.2,3.6
HIGH PROD,71300.0,234.99952503978122,4961,3023,2224,5187,3341,2828,111.78031668778783,76.31693834763547,65.19670176426831,2210.6619962654386,2326.6547096435957,2404.1471280019055,2356.1765112898847,2403.211776155882,2453.8115965219545,2116.5903791625024,2337.3305392658185,2,20,4 Sverdrup,3 Sverdrup,10 Sverdrup,20 Sverdrup,0.2,0.2,3.6
HIGH PROD,71400.0,235.0051332334626,4961,3023,2224,5187,3341,2828,111.7804118768505,76.31704409698189,65.19737961017555,2210.687145009195,2326.6798065720104,2404.17337570166,2356.2007024451095,2403.235876642273,2453.837983176829,2116.6159504782663,2337.3553030465173,2,20,4 Sverdrup,3 Sverdrup,10 Sverdrup,20 Sverdrup,0.2,0.2,3.6
HIGH PROD,71500.0,235.01067581680758,4961,3023,2224,5187,3341,2828,111.7805330834925,76.31715945236985,65.19791314804989,2210.7123739073704,2326.7049390846846,2404.1993140015215,2356.2250138072754,2403.2600299798282,2453.863740414804,2116.641466896839,2337.3800456007066,2,20,4 Sverdrup,3 Sverdrup,10 Sverdrup,20 Sverdrup,0.2,0.2,3.6
HIGH PROD,71600.0,235.0162978988523,4961,3023,2224,5187,3341,2828,111.78063485391525,76.31727278946211,65.19748225581178,2210.737500249707,2326.730048908065,2404.223212491725,2356.249194145221,2403.284157591964,2453.885437857877,2116.6662253630775,2337.403755944154,2,20,4 Sverdrup,3 Sverdrup,10 Sverdrup,20 Sverdrup,0.2,0.2,3.6
HIGH PROD,71700.0,235.02197947715416,4961,3023,2224,5187,3341,2828,111.78071579736256,76.31738031516561,65.19712350627262,2210.76254769187,2326.7551260622654,2404.2472622888654,2356.273264157231,2403.308242600485,2453.907454049282,2116.6909897839223,2337.427430208112,2,20,4 Sverdrup,3 Sverdrup,10 Sverdrup,20 Sverdrup,0.2,0.2,3.6
HIGH PROD,71800.0,235.02770534462408,4961,3023,2224,5187,3341,2828,111.78077702407413,76.31747976234598,65.19683177370082,2210.787540194287,2326.7801689558746,2404.2714398910434,2356.297248623439,2403.332279040876,2453.9297379564823,2116.7157852130244,2337.451107814598,2,20,4 Sverdrup,3 Sverdrup,10 Sverdrup,20 Sverdrup,0.2,0.2,3.6
HIGH PROD,71900.0,235.03332138292777,4961,3023,2224,5187,3341,2828,111.78086821314088,76.31758493435862,65.19758069179105,2210.812666385048,2326.80524364295,2404.2978182272623,2356.3214115727747,2403.3563572080084,2453.9564040047303,2116.741390954701,2337.475910997373,2,20,4 Sverdrup,3 Sverdrup,10 Sverdrup,20 Sverdrup,0.2,0.2,3.6
HIGH PROD,72000.0,235.0388621107651,4961,3023,2224,5187,3341,2828,111.78098773660115,76.31769979232295,65.19817497442128,2210.83788252298,2326.830357578285,2404.323867212851,2356.345707972101,2403.3804918805195,2453.9823990209807,2116.76692974042,2337.5006860926133,2,20,4 Sverdrup,3 Sverdrup,10 Sverdrup,20 Sverdrup,0.2,0.2,3.6
HIGH PROD,72100.0,235.04447464536656,4961,3023,2224,5187,3341,2828,111.78109026943115,76.31781319355403,65.19779617636011,2210.8630025854377,2326.855452679896,2404.3478594187573,2356.3698836394383,2403.4046056109705,2454.0042992063377,2116.791705172371,2337.5244286845236,2,20,4 Sverdrup,3 Sverdrup,10 Sverdrup,20 Sverdrup,0.2,0.2,3.6
HIGH PROD,72200.0,235.05014073175334,4961,3023,2224,5187,3341,2828,111.78117447374325,76.31792170037413,65.19748227481061,2210.8880485454606,2326.8805189071204,2404.3719886880444,2356.3939577586207,2403.4286821630735,2454.026488880245,2116.816485320959,2337.548138542258,2,20,4 Sverdrup,3 Sverdrup,10 Sverdrup,20 Sverdrup,0.2,0.2,3.6
HIGH PROD,72300.0,235.05584660324166,4961,3023,2224,5187,3341,2828,111.78124141735194,76.31802328673992,65.19722945722498,2210.913043538751,2326.9055545253786,2404.396233967917,2356.4179542484353,2403.452715909902,2454.0489220603345,2116.8412974924536,2337.5718565692455,2,20,4 Sverdrup,3 Sverdrup,10 Sverdrup,20 Sverdrup,0.2,0.2,3.6
HIGH PROD,72400.0,235.06158150556016,4961,3023,2224,5187,3341,2828,111.78129242399629,76.318116762934,65.1970275884573,2210.938001802543,2326.930560517342,2404.420576488836,2356.44188893755,2403.4767054527415,2454.07155886049,2116.8661240045626,2337.595569574243,2,20,4 Sverdrup,3 Sverdrup,10 Sverdrup,20 Sverdrup,0.2,0.2,3.6
HIGH PROD,72500.0,235.06719442185454,4961,3023,2224,5187,3341,2828,111.78137728204545,76.31821672955957,65.19785301718167,2210.963105843715,2326.9556038523397,2404.4470936057437,2356.46602017334,2403.5007435227453,2454.0985236358133,2116.8917509609932,2337.620405838857,2,20,4 Sverdrup,3 Sverdrup,10 Sverdrup,20 Sverdrup,0.2,0.2,3.6
HIGH PROD,72600.0,235.0727225657936,4961,3023,2224,5187,3341,2828,111.78149440031352,76.31832773277957,65.19851240156711,2210.988308553504,2326.980692205105,2404.4732593869744,2356.4902997878357,2403.524846262727,2454.124772122135,2116.917307603108,2337.6452176998055,2,20,4 Sverdrup,3 Sverdrup,10 Sverdrup,20 Sverdrup,0.2,0.2,3.6
HIGH PROD,72700.0,235.07831526609624,4961,3023,2224,5187,3341,2828,111.78159838168563,76.31843903172,65.19818954846622,2211.013422146058,2327.005767428566,2404.497350152907,2356.5144717891058,2403.548936952934,2454.1468883160514,2116.942101524929,2337.669003683735,2,20,4 Sverdrup,3 Sverdrup,10 Sverdrup,20 Sverdrup,0.2,0.2,3.6
HIGH PROD,72800.0,235.08395602229706,4961,3023,2224,5187,3341,2828,111.78168769935579,76.3185474312065,65.19792420409459,2211.038467638867,2327.0308192972443,2404.5215629997147,2356.538554110493,2403.5729996530736,2454.169263168873,2116.9669027384316,2337.6927643161034,2,20,4 Sverdrup,3 Sverdrup,10 Sverdrup,20 Sverdrup,0.2,0.2,3.6
HIGH PROD,72900.0,235.08963255438402,4961,3023,2224,5187,3341,2828,111.78176313746027,76.3186510168265,65.19771357883538,2211.06346752322,2327.0558458162736,2404.54587965334,2356.562569584375,2403.5970287065616,2454.191856316604,2116.9917390215587,2337.716540002569,2,20,4 Sverdrup,3 Sverdrup,10 Sverdrup,20 Sverdrup,0.2,0.2,3.6
HIGH PROD,73000.0,235.09533525836085,4961,3023,2224,5187,3341,2828,111.78182566908067,76.31874860306861,65.19754880045672,2211.0884355073454,2327.0808476586367,2404.570283684907,2356.5865329487656,2403.6210224274882,2454.2146325802933,2117.016592576985,2337.7403164459947,2,20,4 Sverdrup,3 Sverdrup,10 Sverdrup,20 Sverdrup,0.2,0.2,3.6
HIGH PROD,73100.0,235.10105624532795,4961,3023,2224,5187,3341,2828,111.78187647118837,76.3188395794133,65.197422290709,2211.1133796181607,2327.105826535356,2404.5947605812603,2356.610453852951,2403.64498124971,2454.237561623328,2117.0414510523033,2337.764085041986,2,20,4 Sverdrup,3 Sverdrup,10 Sverdrup,20 Sverdrup,0.2,0.2,3.6
HIGH PROD,73200.0,235.10678909956724,4961,3023,2224,5187,3341,2828,111.78191694593981,76.31892380365672,65.19732768937023,2211.138304823793,2327.130784534698,2404.6192978236722,2356.634339399467,2403.6689068877977,2454.2606176660897,2117.066308443515,2337.78784375768,2,20,4 Sverdrup,3 Sverdrup,10 Sverdrup,20 Sverdrup,0.2,0.2,3.6
HIGH PROD,73300.0,235.11238648407715,4961,3023,2224,5187,3341,2828,111.78199689251365,76.31901663854597,65.19824448737097,2211.16338855934,2327.155788764927,2404.645978598413,2356.658443112725,2403.6928937060156,2454.2879376029164,2117.0919608387,2337.8127300526885,2,20,4 Sverdrup,3 Sverdrup,10 Sverdrup,20 Sverdrup,0.2,0.2,3.6
HIGH PROD,73400.0,235.11788869327074,4961,3023,2224,5187,3341,2828,111.7821145972309,76.31912314848687,65.19898224770789,2211.188581040168,2327.180846654874,2404.6722822994047,2356.682714044151,2403.7169586280975,2454.3144882560855,2117.11754339766,2337.83760080925,2,20,4 Sverdrup,3 Sverdrup,10 Sverdrup,20 Sverdrup,0.2,0.2,3.6
HIGH PROD,73500.0,235.123447658736,4961,3023,2224,5187,3341,2828,111.78222438640819,76.31923290058236,65.19872704310866,2211.2136929928965,2327.205899654823,2404.6964898859515,2356.706894314603,2403.741025153964,2454.336863108109,2117.142366489578,2337.8614558714557,2,20,4 Sverdrup,3 Sverdrup,10 Sverdrup,20 Sverdrup,0.2,0.2,3.6
HIGH PROD,73600.0,235.12904898842655,4961,3023,2224,5187,3341,2828,111.78232432211838,76.3193428290603,65.1985204589056,2211.238744470379,2327.2309370642392,2404.7208023637577,2356.7310002554354,2403.765077145385,2454.3594610252076,2117.167201037452,2337.8852951859067,2,20,4 Sverdrup,3 Sverdrup,10 Sverdrup,20 Sverdrup,0.2,0.2,3.6
HIGH PROD,73700.0,235.13468200971852,4961,3023,2224,5187,3341,2828,111.78241469089168,76.31945100480759,65.19836141608633,2211.263757194278,2327.2559563697337,2404.745204775836,2356.755053123161,2403.7891084204266,2454.3822483195213,2117.19207474911,2337.9091576761007,2,20,4 Sverdrup,3 Sverdrup,10 Sverdrup,20 Sverdrup,0.2,0.2,3.6
HIGH PROD,73800.0,235.14033837295358,4961,3023,2224,5187,3341,2828,111.78249592313398,76.31955611828681,65.19824234438755,2211.2887441237763,2327.280957680768,2404.7696834359363,2356.7790660295423,2403.813116510617,2454.4051953315675,2117.216969151999,2337.933027237907,2,20,4 Sverdrup,3 Sverdrup,10 Sverdrup,20 Sverdrup,0.2,0.2,3.6
HIGH PROD,73900.0,235.1460111456377,4961,3023,2224,5187,3341,2828,111.78256864371835,76.31965735676079,65.19815676309716,2211.3137125149206,2327.305942104549,2404.794226074394,2356.8030469616606,2403.8371008753315,2454.4282762523376,2117.241871044573,2337.95689347575,2,20,4 Sverdrup,3 Sverdrup,10 Sverdrup,20 Sverdrup,0.2,0.2,3.6
HIGH PROD,74000.0,235.1516946335541,4961,3024,2224,5187,3341,2828,111.78263372021289,76.31975432494534,65.1980992100847,2211.338666547436,2327.3309110945265,2404.818821988983,2356.827001372757,2403.8610621253374,2454.4514689878424,2117.2667735715213,2337.980752753795,2,20,4 Sverdrup,3 Sverdrup,10 Sverdrup,20 Sverdrup,0.2,0.2,3.6
HIGH PROD,74100.0,235.15738427598095,4961,3024,2224,5187,3341,2828,111.78269222944213,76.31984697141822,65.19806511492101,2211.363608918044,2327.3558662046767,2404.8434620458415,2356.850933648345,2403.8850016437464,2454.474754881921,2117.291674109923,2338.0046056275223,2,20,4 Sverdrup,3 Sverdrup,10 Sverdrup,20 Sverdrup,0.2,0.2,3.6
HIGH PROD,74200.0,235.16307650530948,4961,3024,2224,5187,3341,2828,111.78274538522723,76.31993551608187,65.19805067710507,2211.38854170044,2327.3808090152497,2404.8681385805626,2356.874847806825,2403.9089213723164,2454.498118355915,2117.3165724986256,2338.028454798469,2,20,4 Sverdrup,3 Sverdrup,10 Sverdrup,20 Sverdrup,0.2,0.2,3.6
HIGH PROD,74300.0,235.16876858468058,4961,3024,2224,5187,3341,2828,111.78279445913459,76.32002038036929,65.19805275438705,2211.413466753379,2327.405741117632,2404.892845247606,2356.8987477573532,2403.932823659901,2454.521546520004,2117.3414698253787,2338.052303783921,2,20,4 Sverdrup,3 Sverdrup,10 Sverdrup,20 Sverdrup,0.2,0.2,3.6
HIGH PROD,74400.0,235.1744584493501,4961,3024,2224,5187,3341,2828,111.7828407128377,76.32010212429208,65.1980687595842,2211.4383858743645,2327.430664109215,2404.917576850487,2356.922637331671,2403.956711132351,2454.5450287912495,2117.366367667962,2338.0761561379345,2,20,4 Sverdrup,3 Sverdrup,10 Sverdrup,20 Sverdrup,0.2,0.2,3.6
HIGH PROD,74500.0,235.18014456577276,4961,3024,2224,5187,3341,2828,111.78288534474308,76.32018139068148,65.19809657342024,2211.463300825023,2327.4555795815454,2404.942329172805,2356.946520220885,2403.980586572495,2454.5685565387626,2117.3912676593245,2338.10001504714,2,20,4 Sverdrup,3 Sverdrup,10 Sverdrup,20 Sverdrup,0.2,0.2,3.6
HIGH PROD,74600.0,235.18582581298298,4961,3024,2224,5187,3341,2828,111.78292945422793,76.3202588592327,65.19813446823244,2211.488213302437,2327.4804890998757,2404.967098820908,2356.970399889178,2404.0044528108606,2454.592122765384,2117.4161712650066,2338.123883161729,2,20,4 Sverdrup,3 Sverdrup,10 Sverdrup,20 Sverdrup,0.2,0.2,3.6
HIGH PROD,74700.0,235.1913591058557,4961,3024,2224,5187,3341,2828,111.78302224006327,76.3203503416536,65.1991657769769,2211.513298859572,2327.5054590829996,2404.9939768026215,2356.9945270477892,2404.0284044347086,2454.619880236713,2117.441877673119,2338.148898088157,2,20,4 Sverdrup,3 Sverdrup,10 Sverdrup,20 Sverdrup,0.2,0.2,3.6
HIGH PROD,74800.0,235.19678817832278,4961,3024,2224,5187,3341,2828,111.78316117825234,76.32046104732889,65.20000332143515,2211.5385063240847,2327.530496160138,2405.0204492534217,2357.0188480698284,2404.052457889819,2454.64680936448,2117.4675224292687,2338.1739145140086,2,20,4 Sverdrup,3 Sverdrup,10 Sverdrup,20 Sverdrup,0.2,0.2,3.6
HIGH PROD,74900.0,235.2022676363871,4961,3024,2224,5187,3341,2828,111.78329965819512,76.3205804486387,65.19983602508833,2211.5636451417113,2327.5555408863725,2405.044802741111,2357.043102278491,2404.0765356333145,2454.669514910557,2117.492415004957,2338.1979290576733,2,20,4 Sverdrup,3 Sverdrup,10 Sverdrup,20 Sverdrup,0.2,0.2,3.6
HIGH PROD,75000.0,235.20778509342725,4961,3024,2224,5187,3341,2828,111.78343474238041,76.32070520317735,65.1997076598011,2211.5887340430054,2327.5805815747067,2405.0692427830572,2357.0673030572034,2404.1006200383767,2454.6924048210617,2117.5173248523197,2338.2219381788327,2,20,4 Sverdrup,3 Sverdrup,10 Sverdrup,20 Sverdrup,0.2,0.2,3.6
HIGH PROD,75100.0,235.2133314312834,4961,3024,2224,5187,3341,2828,111.78356572088772,76.32083298086073,65.19961887882705,2211.61379334734,2327.6056146392034,2405.093758145498,2357.0914686560654,2404.124703110333,2454.715452936169,2117.542277989967,2338.245977584722,2,20,4 Sverdrup,3 Sverdrup,10 Sverdrup,20 Sverdrup,0.2,0.2,3.6
HIGH PROD,75200.0,235.21889945714017,4961,3024,2224,5187,3341,2828,111.78369207494596,76.32096199378192,65.1995636395762,2211.6388345862338,2327.6306390577133,2405.118338146969,2357.1156092322594,2404.1487803595687,2454.7386357093505,2117.56725442666,2338.2700284025796,2,20,4 Sverdrup,3 Sverdrup,10 Sverdrup,20 Sverdrup,0.2,0.2,3.6
HIGH PROD,75300.0,235.22448309846058,4961,3024,2224,5187,3341,2828,111.7838135554757,76.32109091226121,65.19953667414786,2211.663863613333,2327.6556547765076,2405.142972918922,2357.1397299686396,2404.17284912095,2454.7619322583255,2117.592239649062,2338.2940779719406,2,20,4 Sverdrup,3 Sverdrup,10 Sverdrup,20 Sverdrup,0.2,0.2,3.6
HIGH PROD,75400.0,235.23007729385887,4961,3024,2224,5187,3341,2828,111.78393024671895,76.3212188155816,65.1995334998123,2211.688883280382,2327.680662091095,2405.167653660682,2357.163833737413,2404.1969078673133,2454.7853244328426,2117.617225740854,2338.3181208765345,2,20,4 Sverdrup,3 Sverdrup,10 Sverdrup,20 Sverdrup,0.2,0.2,3.6
HIGH PROD,75500.0,235.2356779428698,4961,3024,2224,5187,3341,2828,111.78404253875371,76.32134514059697,65.19955033333883,2211.7138950669673,2327.70566143069,2405.192372730544,2357.1879226109277,2404.220955902772,2454.8087967121232,2117.642209259578,2338.3421563195484,2,20,4 Sverdrup,3 Sverdrup,10 Sverdrup,20 Sverdrup,0.2,0.2,3.6
HIGH PROD,75600.0,235.24128180784493,4961,3024,2224,5187,3341,2828,111.78415105451019,76.32146962459204,65.1995840037688,2211.738899962556,2327.7306533092346,2405.217123623723,2357.2119985820846,2404.2449932033246,2454.8323359929486,2117.6671894366023,2338.3661860089073,2,20,4 Sverdrup,3 Sverdrup,10 Sverdrup,20 Sverdrup,0.2,0.2,3.6
HIGH PROD,75700.0,235.24688638434068,4961,3024,2224,5187,3341,2828,111.78425656576188,76.32159224548056,65.19963186910738,2211.7638988839294,2327.7556383293436,2405.2419008864704,2357.236063822561,2404.269020302692,2454.8559313258615,2117.6921669279836,2338.3902127575598,2,20,4 Sverdrup,3 Sverdrup,10 Sverdrup,20 Sverdrup,0.2,0.2,3.6
HIGH PROD,75800.0,235.2524897670974,4961,3024,2224,5187,3341,2828,111.78435991656742,76.32171316354403,65.19969173968335,2211.7888928285024,2327.7806171898687,2405.266700000372,2357.2601207012267,2404.2930381847295,2454.879573637735,2117.717143020367,2338.414239641734,2,20,4 Sverdrup,3 Sverdrup,10 Sverdrup,20 Sverdrup,0.2,0.2,3.6
HIGH PROD,75900.0,235.25809052789197,4961,3024,2224,5187,3341,2828,111.78446196187888,76.32183266815994,65.19976180937067,2211.8138828923675,2327.8055906808418,2405.291517258038,2357.2841716987523,2404.317048173711,2454.9032554633995,2117.742119163824,2338.4382695431323,2,20,4 Sverdrup,3 Sverdrup,10 Sverdrup,20 Sverdrup,0.2,0.2,3.6
HIGH PROD,76000.0,235.26368761169152,4961,3024,2224,5187,3341,2828,111.78456352289172,76.32195113169021,65.19984059492572,2211.8388702298903,2327.830559664776,2405.3163496423062,2357.3082192943816,2404.3410518257715,2454.9269706983873,2117.7670967217314,2338.462304935887,2,20,4 Sverdrup,3 Sverdrup,10 Sverdrup,20 Sverdrup,0.2,0.2,3.6
HIGH PROD,76100.0,235.26928025185805,4961,3024,2224,5187,3341,2828,111.78466535763707,76.32206897148865,65.19992688316378,2211.8638559970414,2327.8555250489558,2405.341194715216,2357.3322658626903,2404.3650508277833,2454.9507143780843,2117.7920768558347,2338.4863478191132,2,20,4 Sverdrup,3 Sverdrup,10 Sverdrup,20 Sverdrup,0.2,0.2,3.6
HIGH PROD,76200.0,235.27486790257294,4961,3024,2224,5187,3341,2828,111.78476814407395,76.3221866200522,65.20001968541895,2211.8888412992524,2327.8804877543207,2405.3660505193884,2357.356313595556,2404.389046909037,2454.9744824845993,2117.817060490269,2338.5103997293386,2,20,4 Sverdrup,3 Sverdrup,10 Sverdrup,20 Sverdrup,0.2,0.2,3.6
HIGH PROD,76300.0,235.2804501850913,4961,3024,2224,5187,3341,2828,111.78487247281303,76.32230450271399,65.20011819878636,2211.91382715218,2327.905448685561,2405.3909154924395,2357.3803644522936,2404.413041768874,2454.998271780431,2117.842048318662,2338.5344617916567,2,20,4 Sverdrup,3 Sverdrup,10 Sverdrup,20 Sverdrup,0.2,0.2,3.6
HIGH PROD,76400.0,235.2860268484816,4962,3024,2224,5187,3341,2828,111.78497884620361,76.32242302190977,65.20022177252942,2211.938814456523,2327.930408705261,2405.4157883937114,2357.4044201349384,2404.43703702126,2455.022079666773,2117.867040829347,2338.5585347852248,2,20,4 Sverdrup,3 Sverdrup,10 Sverdrup,20 Sverdrup,0.2,0.2,3.6
HIGH PROD,76500.0,235.29159773684142,4962,3024,2224,5187,3341,2828,111.78508768252262,76.32254254693616,65.20032988068782,2211.9638039860642,2327.955368613858,2405.4406682425283,2357.428482083402,2404.461034155589,2455.0459040640535,2117.8920383408577,2338.582619209683,2,20,4 Sverdrup,3 Sverdrup,10 Sverdrup,20 Sverdrup,0.2,0.2,3.6
HIGH PROD,76600.0,235.29716276359295,4962,3024,2224,5187,3341,2828,111.7851993228443,76.32266340808819,65.20044209901857,2211.9887963859474,2327.980329135801,2405.465554266647,2357.452551484882,2404.4850345119344,2455.069743312023,2117.9170410368874,2338.6067153457384,2,20,4 Sverdrup,3 Sverdrup,10 Sverdrup,20 Sverdrup,0.2,0.2,3.6
HIGH PROD,76700.0,235.3027218943377,4962,3024,2224,5187,3341,2828,111.78531403891725,76.32278589414072,65.20055808507695,2212.013792177741,2328.0052909113683,2405.490445859418,2357.476629292559,2404.5090392683824,2455.0935960867155,2117.9420489957397,2338.6308233071272,2,20,4 Sverdrup,3 Sverdrup,10 Sverdrup,20 Sverdrup,0.2,0.2,3.6
HIGH PROD,76800.0,235.30827513252322,4962,3024,2224,5187,3341,2828,111.78543204194379,76.32291025229357,65.200677562349,2212.0387917692874,2328.0302544934925,2405.515342544608,2357.500716249543,2404.5330494379373,2455.117461331983,2117.9670622173053,2338.654943083415,2,20,4 Sverdrup,3 Sverdrup,10 Sverdrup,20 Sverdrup,0.2,0.2,3.6
HIGH PROD,76900.0,235.3138225087836,4962,3024,2224,5187,3341,2829,111.78555349114357,76.32303668982807,65.20080030705505,2212.063795467085,2328.055220348595,2405.540243947707,2357.524812915058,2404.5570658726033,2455.1413382034343,2117.9920806445607,2338.679074574217,2,20,4 Sverdrup,3 Sverdrup,10 Sverdrup,20 Sverdrup,0.2,0.2,3.6
HIGH PROD,77000.0,235.31936407295973,4962,3024,2224,5187,3341,2829,111.78567850181476,76.32316537687487,65.20092613736404,2212.088803489683,2328.0801888604155,2405.5651497727144,2357.5489196907456,2404.581089272497,2455.165226022827,2118.0171041805665,2338.70321761591,2,20,4 Sverdrup,3 Sverdrup,10 Sverdrup,20 Sverdrup,0.2,0.2,3.6
HIGH PROD,77100.0,235.3248998881604,4962,3024,2224,5187,3341,2829,111.78580715266763,76.32329644982812,65.2010549046315,2212.113815981007,2328.105160335912,2405.59005978351,2357.573036845687,2404.6051201982073,2455.189124241251,2118.042132701575,2338.7273720020758,2,20,4 Sverdrup,3 Sverdrup,10 Sverdrup,20 Sverdrup,0.2,0.2,3.6
HIGH PROD,77200.0,235.33043002637234,4962,3024,2224,5187,3341,2829,111.78593949232872,76.32343001505606,65.20118648632601,2212.1388330229406,2328.1301350124436,2405.614973789044,2357.597164539317,2404.629159084939,2455.2130324096192,2118.067166066912,2338.7515374988343,2,20,4 Sverdrup,3 Sverdrup,10 Sverdrup,20 Sverdrup,0.2,0.2,3.6
HIGH PROD,77300.0,235.33595456524367,4962,3024,2224,5187,3341,2829,111.78607554499285,76.3235661526552,65.20132078035256,2212.163854646744,2328.155113065574,2405.6398916316753,2357.6213028418015,2404.6532062573515,2455.2369501551907,2118.092204126251,2338.775713856142,2,20,4 Sverdrup,3 Sverdrup,10 Sverdrup,20 Sverdrup,0.2,0.2,3.6
HIGH PROD,77400.0,235.34147358575171,4962,3024,2224,5187,3341,2829,111.78621531525344,76.32370492007814,65.20145770052665,2212.1888808431286,2328.1800946170165,2405.6648131780835,2357.645451751754,2404.67726194426,2455.2608771630685,2118.1172467248557,2338.7999008159413,2,20,4 Sverdrup,3 Sverdrup,10 Sverdrup,20 Sverdrup,0.2,0.2,3.6
HIGH PROD,77500.0,235.34698717053223,4962,3024,2224,5187,3341,2829,111.78635879217106,76.32384635552103,65.2015971729881,2212.2139115709338,2328.20507974235,2405.689738312279,2357.6696112113364,2404.7013262926585,2455.2848131617247,2118.142293707237,2338.824098117899,2,20,4 Sverdrup,3 Sverdrup,10 Sverdrup,20 Sverdrup,0.2,0.2,3.6
HIGH PROD,77600.0,235.35249540270084,4962,3024,2224,5187,3341,2829,111.78650595265788,76.32399048100874,65.20173913337779,2212.238946764454,2328.230068478256,2405.714666930296,2357.6937811189246,2404.7253993806853,2455.308757911798,2118.167344919632,2338.84830550333,2,20,4 Sverdrup,3 Sverdrup,10 Sverdrup,20 Sverdrup,0.2,0.2,3.6
HIGH PROD,77700.0,235.35799836503952,4962,3024,2224,5187,3341,2829,111.78665676426255,76.32413730514662,65.20188352463174,2212.2639863395043,2328.2550608291353,2405.7395989362217,2357.717961339574,2404.7494812293367,2455.3327111975063,2118.19240021159,2338.8725227177665,2,20,4 Sverdrup,3 Sverdrup,10 Sverdrup,20 Sverdrup,0.2,0.2,3.6
HIGH PROD,77800.0,235.36349613944822,4962,3024,2224,5187,3341,2829,111.78681118743751,76.32428682553355,65.20203029526814,2212.2890301983857,2328.2800567730183,2405.7645342392952,2357.742151713551,2404.773571812844,2455.356672820153,2118.217459436918,2338.8967495125507,2,20,4 Sverdrup,3 Sverdrup,10 Sverdrup,20 Sverdrup,0.2,0.2,3.6
HIGH PROD,77900.0,235.36898880658984,4962,3024,2224,5187,3341,2829,111.78696917736596,76.32443903084835,65.20217939806827,2212.314078233859,2328.305056266733,2405.789472751823,2357.766352063194,2404.7976710677076,2455.3806425932657,2118.2425224541676,2338.9209856457155,2,20,4 Sverdrup,3 Sverdrup,10 Sverdrup,20 Sverdrup,0.2,0.2,3.6
HIGH PROD,78000.0,235.37447644567385,4962,3024,2224,5187,3341,2829,111.78713068542048,76.32459390262991,65.20233078906789,2212.339130332299,2328.3300592503765,2405.8144143877375,2357.7905621983664,2404.8217789004484,2455.4046203390267,2118.2675891267986,2338.9452308823747,2,20,4 Sverdrup,3 Sverdrup,10 Sverdrup,20 Sverdrup,0.2,0.2,3.6
HIGH PROD,78100.0,235.37995913433738,4962,3024,2224,5187,3341,2829,111.78729566031801,76.32475141677949,65.20248442679367,2212.3641863761454,2328.3550656510924,2405.839359061638,2357.8147819207306,2404.845895194168,2455.4286058856915,2118.2926593231364,2338.969484994774,2,20,4 Sverdrup,3 Sverdrup,10 Sverdrup,20 Sverdrup,0.2,0.2,3.6
HIGH PROD,78200.0,235.38543694859305,4962,3024,2224,5187,3341,2829,111.78746404902296,76.32491154481514,65.2026402716901,2212.389246245781,2328.3800753862415,2405.8643066881896,2357.8390110270575,2404.870019814031,2455.4525990657703,2118.317732916189,2338.993747762132,2,20,4 Sverdrup,3 Sverdrup,10 Sverdrup,20 Sverdrup,0.2,0.2,3.6
HIGH PROD,78300.0,235.39090996225917,4962,3024,2224,5187,3341,2829,111.7876357976898,76.32507425501844,65.20279828574259,2212.4143098210398,2328.4050883660548,2405.8892571818246,2357.8632493117448,2404.894152611806,2455.476599714791,2118.3428097838146,2339.018018970344,2,20,4 Sverdrup,3 Sverdrup,10 Sverdrup,20 Sverdrup,0.2,0.2,3.6
HIGH PROD,78400.0,235.39637824854756,4962,3024,2224,5187,3341,2829,111.78781085142373,76.32523951293298,65.20295843200478,2212.439376982004,2328.430104495675,2405.9142104565212,2357.8874965687114,2404.9182934295404,2455.500607670455,2118.3678898069957,2339.0422984116008,2,20,4 Sverdrup,3 Sverdrup,10 Sverdrup,20 Sverdrup,0.2,0.2,3.6
HIGH PROD,78500.0,235.40184187925254,4962,3024,2224,5187,3341,2829,111.78798915532266,76.3254072823377,65.20312067450155,2212.464447609837,2328.455123676874,2405.939166425811,2357.9117525927827,2404.942442102549,2455.5246227721314,2118.392972870771,2339.066585883988,2,20,4 Sverdrup,3 Sverdrup,10 Sverdrup,20 Sverdrup,0.2,0.2,3.6
HIGH PROD,78600.0,235.407300923736,4962,3024,2224,5187,3341,2829,111.78817065513131,76.3255775259675,65.20328497814056,2212.48952158749,2328.4801458094853,2405.9641250029094,2357.9360171806948,2404.966598461813,2455.5486448605902,2118.418058864496,2339.090881191092,2,20,4 Sverdrup,3 Sverdrup,10 Sverdrup,20 Sverdrup,0.2,0.2,3.6
HIGH PROD,78700.0,235.41275545016285,4962,3024,2224,5187,3341,2829,111.78835529674616,76.32575020563266,65.2034513084504,2212.51459879989,2328.5051707924194,2405.989086100806,2357.960290131791,2404.990762335847,2455.572673777864,2118.4431476801947,2339.1151841416045,2,20,4 Sverdrup,3 Sverdrup,10 Sverdrup,20 Sverdrup,0.2,0.2,3.6
HIGH PROD,78800.0,235.4182055253454,4962,3024,2224,5187,3341,2829,111.78854302664493,76.32592528268371,65.20361963155584,2212.539679134154,2328.5301985244814,2406.0140496324175,2357.9845712484853,2405.0149335521596,2455.5967093672202,2118.4682392128407,2339.139494548958,2,20,4 Sverdrup,3 Sverdrup,10 Sverdrup,20 Sverdrup,0.2,0.2,3.6
HIGH PROD,78900.0,235.42365121476902,4962,3024,2224,5187,3341,2829,111.7887337919987,76.32610271828564,65.20378991412517,2212.5647624797034,2328.555228904972,2406.0390155107584,2358.0088603365543,2405.0391119383708,2455.620751473208,2118.4933333601134,2339.163812230995,2,20,4 Sverdrup,3 Sverdrup,10 Sverdrup,20 Sverdrup,0.2,0.2,3.6
HIGH PROD,79000.0,235.42909258263646,4962,3024,2224,5187,3341,2829,111.78892754074677,76.32628247362882,65.20396212333493,2212.5898487283007,2328.5802618341427,2406.063983649105,2358.033157205303,2405.063297323059,2455.6447999417373,2118.5184300221786,2339.188137009674,2,20,4 Sverdrup,3 Sverdrup,10 Sverdrup,20 Sverdrup,0.2,0.2,3.6
HIGH PROD,79100.0,235.43452969191503,4962,3024,2224,5187,3341,2829,111.7891242216444,76.32646451009188,65.2041362268484,2212.614937774042,2328.6052972135167,2406.0889539611553,2358.0574616676345,2405.087489536385,2455.6688546201813,2118.5435291015015,2339.2124687108017,2,20,4 Sverdrup,3 Sverdrup,10 Sverdrup,20 Sverdrup,0.2,0.2,3.6
HIGH PROD,79200.0,235.439962604382,4962,3024,2224,5187,3341,2829,111.78932378429074,76.32664878936349,65.20431219280222,2212.640029513313,2328.6303349461054,2406.113926361172,2358.081773540054,2405.111688410538,2455.6929153574874,2118.5686305026816,2339.236807163808,2,20,4 Sverdrup,3 Sverdrup,10 Sverdrup,20 Sverdrup,0.2,0.2,3.6
HIGH PROD,79300.0,235.44539138066725,4962,3024,2224,5187,3341,2829,111.7895261791413,76.32683527353215,65.20448998979892,2212.6651238447253,2328.6553749365594,2406.138900764117,2358.1060926426308,2405.135893780057,2455.716982004281,2118.593734132316,2339.261152201541,2,20,4 Sverdrup,3 Sverdrup,10 Sverdrup,20 Sverdrup,0.2,0.2,3.6
HIGH PROD,79400.0,235.4508160802919,4962,3024,2224,5187,3341,2829,111.78973135751008,76.32702392515206,65.20466958690257,2212.690220669041,2328.6804170912446,2406.1638770857544,2358.130418798926,2405.160105482032,2455.7410544129625,2118.6188398988797,2339.2855036600963,2,20,4 Sverdrup,3 Sverdrup,10 Sverdrup,20 Sverdrup,0.2,0.2,3.6
HIGH PROD,79500.0,235.45623676170396,4962,3024,2224,5187,3341,2829,111.78993927156425,76.32721470728914,65.20485095363726,2212.7153198890915,2328.70546131829,2406.188855242754,2358.154751835908,2405.1843233562386,2455.765132437795,2118.643947712623,2339.309861378663,2,20,4 Sverdrup,3 Sverdrup,10 Sverdrup,20 Sverdrup,0.2,0.2,3.6
HIGH PROD,79600.0,235.46165348231048,4962,3024,2224,5187,3342,2829,111.790149874314,76.32740758355159,65.20503405998578,2212.740421409693,2328.7305075275926,2406.2138351527637,2358.1790915838583,2405.208547245205,2455.789215934974,2118.6690574854865,2339.3342251993968,2,20,4 Sverdrup,3 Sverdrup,10 Sverdrup,20 Sverdrup,0.2,0.2,3.6
HIGH PROD,79700.0,235.4670662985077,4962,3024,2224,5187,3342,2829,111.79036311959875,76.32760251811033,65.20521887638839,2212.7655251375672,2328.755555630806,2406.2388167344775,2358.203437876266,2405.232776994241,2455.8133047626875,2118.694169131028,2339.3585949673047,2,20,4 Sverdrup,3 Sverdrup,10 Sverdrup,20 Sverdrup,0.2,0.2,3.6
HIGH PROD,79800.0,235.47247526570794,4962,3024,2224,5187,3342,2829,111.79057896207154,76.32779947570977,65.20540537374217,2212.7906309812656,2328.780605541311,2406.2637999076837,2358.227790549734,2405.257012451428,2455.8373987811624,2118.7192825643588,2339.3829705301478,2,20,4 Sverdrup,3 Sverdrup,10 Sverdrup,20 Sverdrup,0.2,0.2,3.6
HIGH PROD,79900.0,235.47788043836422,4962,3024,2224,5187,3342,2829,111.79079735718193,76.32799842167219,65.20559352339981,2212.8157388510963,2328.805657174174,2406.2887845933014,2358.252149443876,2405.2812534675954,2455.8614978526944,2118.7443977020894,2339.4073517383563,2,20,4 Sverdrup,3 Sverdrup,10 Sverdrup,20 Sverdrup,0.2,0.2,3.6
HIGH PROD,80000.0,235.48328186999333,4962,3024,2224,5187,3342,2829,111.79101826115938,76.3281993218984,65.20578329716722,2212.840848659058,2328.830710446106,2406.313770713411,2358.2765144012324,2405.3054998962725,2455.885601841672,2118.769514462283,2339.431738444951,2,20,4 Sverdrup,3 Sverdrup,10 Sverdrup,20 Sverdrup,0.2,0.2,3.6
HIGH PROD,80100.0,235.48867961319723,4962,3024,2224,5187,3342,2829,111.79124163099577,76.32840214286344,65.20597466730037,2212.865960318779,2328.8557652754134,2406.338758191271,2358.3008852671765,2405.3297515936397,2455.9097106145855,2118.794632764418,2339.456130505481,2,20,4 Sverdrup,3 Sverdrup,10 Sverdrup,20 Sverdrup,0.2,0.2,3.6
HIGH PROD,80200.0,235.49407371968286,4962,3024,2224,5187,3342,2829,111.79146742442904,76.32860685161121,65.20616760650253,2212.8910737454644,2328.880821581947,2406.363746951332,2358.325261889839,2405.3540084184724,2455.9338240400343,2118.819752529346,2339.4805277779565,2,20,4 Sverdrup,3 Sverdrup,10 Sverdrup,20 Sverdrup,0.2,0.2,3.6
HIGH PROD,80300.0,235.49946423988268,4962,3024,2224,5187,3342,2829,111.79169560007716,76.32881341580814,65.20636208794122,2212.916188855909,2328.9058792870883,2406.388736919257,2358.3496441200296,2405.3782702320823,2455.957941988725,2118.84487367957,2339.504930122804,2,20,4 Sverdrup,3 Sverdrup,10 Sverdrup,20 Sverdrup,0.2,0.2,3.6
HIGH PROD,80400.0,235.50485122407633,4962,3024,2224,5187,3342,2829,111.79192611693782,76.32902180353591,65.20655808517435,2212.9413055682853,2328.930938313638,2406.4137280218783,2358.3740318111672,2405.402536898249,2455.982064333452,2118.8699961382054,2339.529337402804,2,20,4 Sverdrup,3 Sverdrup,10 Sverdrup,20 Sverdrup,0.2,0.2,3.6
HIGH PROD,80500.0,235.51023472180702,4962,3024,2224,5187,3342,2829,111.79215893477418,76.32923198344622,65.2067555722047,2212.966423802163,2328.955998585781,2406.4387201872,2358.398424819218,2405.4268082831563,2456.0061909490805,2118.8951198298328,2339.553749483048,2,20,4 Sverdrup,3 Sverdrup,10 Sverdrup,20 Sverdrup,0.2,0.2,3.6
HIGH PROD,80600.0,235.51561478114317,4962,3024,2224,5187,3342,2829,111.79239401431526,76.32944392484177,65.20695452350445,2212.9915434786076,2328.9810600290975,2406.463713344434,2358.4228230026297,2405.451084255349,2456.03032171254,2118.9202446808813,2339.578166230901,2,20,4 Sverdrup,3 Sverdrup,10 Sverdrup,20 Sverdrup,0.2,0.2,3.6
HIGH PROD,80700.0,235.5209914495258,4962,3024,2224,5187,3342,2829,111.79263131679156,76.3296575974827,65.20715491394364,2213.0166645200406,2329.006122570499,2406.488707423961,2358.4472262222816,2405.4753646856707,2456.0544565027985,2118.945370618638,2339.602587515953,2,20,4 Sverdrup,3 Sverdrup,10 Sverdrup,20 Sverdrup,0.2,0.2,3.6
HIGH PROD,80800.0,235.5263647736322,4962,3024,2224,5187,3342,2829,111.79287080409263,76.32987297164254,65.20735671881039,2213.0417868502127,2329.0311861381933,2406.5137023573207,2358.471634341428,2405.49964944721,2456.078595200833,2118.9704975716218,2339.6270132099853,2,20,4 Sverdrup,3 Sverdrup,10 Sverdrup,20 Sverdrup,0.2,0.2,3.6
HIGH PROD,80900.0,235.53173479936865,4962,3024,2224,5187,3342,2829,111.79311243875412,76.33009001809945,65.20755991380372,2213.066910394177,2329.056250661648,2406.5386980771955,2358.4960472256516,2405.523938415249,2456.102737689607,2118.9956254695544,2339.651443186926,2,20,4 Sverdrup,3 Sverdrup,10 Sverdrup,20 Sverdrup,0.2,0.2,3.6
HIGH PROD,81000.0,235.5371015718771,4962,3024,2224,5187,3342,2829,111.79335618394532,76.33030870812716,65.20776447502757,2213.09203507826,2329.0813160715597,2406.563694517398,2358.5204647428154,2405.5482314672176,2456.1268838540404,2119.0207542433404,2339.67587732282,2,20,4 Sverdrup,3 Sverdrup,10 Sverdrup,20 Sverdrup,0.2,0.2,3.6
HIGH PROD,81100.0,235.54230864338248,4962,3024,2224,5187,3342,2829,111.79365505322626,76.33336446702668,65.20815240703456,2213.1173561915275,2329.111794645897,2406.5891051002077,2358.5451629048857,2405.5833097899995,2456.1518274167665,2119.0467799639955,2339.7015821809014,2,20,4 Sverdrup,3 Sverdrup,10 Sverdrup,20 Sverdrup,0.2,0.2,3.6
HIGH PROD,81200.0,235.54739746671095,4962,3025,2225,5187,3342,2829,111.79401163485626,76.33554493867341,65.20864631090626,2213.1428481159896,2329.140622061585,2406.6147623911847,2358.5701210920993,2405.6150391296487,2456.1772358138287,2119.0728846020497,2339.7274730993504,2,20,4 Sverdrup,3 Sverdrup,10 Sverdrup,20 Sverdrup,0.2,0.2,3.6
HIGH PROD,81300.0,235.55229188873437,4962,3025,2225,5187,3342,2829,111.79445971538179,76.33915507614108,65.20932596316598,2213.168613874485,2329.1722394747712,2406.64085355585,2358.595494690832,2405.652274173013,2456.203463857084,2119.099632625398,2339.754336812845,2,20,4 Sverdrup,3 Sverdrup,10 Sverdrup,20 Sverdrup,0.2,0.2,3.6
HIGH PROD,81400.0,235.55656349487833,4962,3026,2225,5187,3343,2829,111.79515864885192,76.35052497562305,65.21066839970894,2213.1952059643118,2329.218727340816,2406.6684704481368,2358.6220800527703,2405.7190449549776,2456.2325983938786,2119.1291888326145,2339.7852688675493,2,20,4 Sverdrup,3 Sverdrup,10 Sverdrup,20 Sverdrup,0.2,0.2,3.6
HIGH PROD,81500.0,235.56041924388532,4962,3026,2225,5187,3344,2829,111.79604818742571,76.36234356453411,65.2124118255108,2213.222385919773,2329.266123959602,2406.6970231513214,2358.64954724412,2405.787472915194,2456.2634984285314,2119.1597109988297,2339.8177426902025,2,20,4 Sverdrup,3 Sverdrup,10 Sverdrup,20 Sverdrup,0.2,0.2,3.6
HIGH PROD,81600.0,235.563906522563,4962,3027,2225,5187,3344,2829,111.79716921118084,76.36835910702234,65.21441056309212,2213.25017202747,2329.3026627243717,2406.7262127160707,2358.6779813542616,2405.8339851309256,2456.2955543045273,2119.1897497198606,2339.84986630254,2,20,4 Sverdrup,3 Sverdrup,10 Sverdrup,20 Sverdrup,0.2,0.2,3.6
HIGH PROD,81700.0,235.56719768139317,4962,3027,2225,5187,3344,2830,111.79849921932443,76.3696321307844,65.21643700905716,2213.2783820685136,2329.33051339397,2406.755546767494,2358.7071701820596,2405.8629423170305,2456.3278024790534,2119.2189290004912,2339.8810514563797,2,20,4 Sverdrup,3 Sverdrup,10 Sverdrup,20 Sverdrup,0.2,0.2,3.6
HIGH PROD,81800.0,235.57034615852473,4962,3027,2225,5187,3344,2830,111.80000986766034,76.37006202109647,65.21928168780381,2213.306911505104,2329.3569898964083,2406.7866869762147,2358.736966888024,2405.889011229858,2456.3635777385853,2119.2484166419918,2339.9127653079727,2,20,4 Sverdrup,3 Sverdrup,10 Sverdrup,20 Sverdrup,0.2,0.2,3.6
HIGH PROD,81900.0,235.5729295509104,4962,3027,2226,5188,3344,2830,111.80181118421447,76.37049696887846,65.22663620329357,2213.336215492204,2329.3836628256167,2406.8274547788437,2358.7679927318663,2405.9152660662994,2456.4184446831673,2119.281315343354,2339.9493144233757,2,20,4 Sverdrup,3 Sverdrup,10 Sverdrup,20 Sverdrup,0.2,0.2,3.6
HIGH PROD,82000.0,235.57399973397375,4962,3027,2227,5188,3344,2831,111.80421336932655,76.37126862802756,65.24250877917845,2213.36740168264,2329.4113871419327,2406.8863556404135,2358.8018285454987,2405.9431871800966,2456.509230185789,2119.3212397697826,2339.996065112262,2,20,4 Sverdrup,3 Sverdrup,10 Sverdrup,20 Sverdrup,0.2,0.2,3.6
HIGH PROD,82100.0,235.5723882725889,4963,3027,2229,5188,3344,2833,111.80767259514559,76.37260094276851,65.26815550639701,2213.4018578693463,2329.440912255932,2406.9661493155027,2358.8405665432138,2405.9739294555898,2456.6412241699168,2119.369914760737,2340.0561401123123,2,20,4 Sverdrup,3 Sverdrup,10 Sverdrup,20 Sverdrup,0.2,0.2,3.6
HIGH PROD,82200.0,235.5669674163464,4963,3027,2232,5188,3344,2836,111.81271650225641,76.3722761396958,65.30404176286284,2213.4409215244204,2329.4683796982476,2407.0680061452144,2358.8863697847046,2405.9993991019905,2456.816545903067,2119.4279045883213,2340.1311664905293,2,20,4 Sverdrup,3 Sverdrup,10 Sverdrup,20 Sverdrup,0.2,0.2,3.6
HIGH PROD,82300.0,235.5570025817932,4963,3027,2235,5188,3344,2839,111.81981973333097,76.36825119717533,65.34785782730087,2213.4854684669494,2329.4902455110855,2407.187181589206,2358.9408697309273,2406.012217108303,2457.0255599452325,2119.493691343985,2340.219788312163,2,20,4 Sverdrup,3 Sverdrup,10 Sverdrup,20 Sverdrup,0.2,0.2,3.6
HIGH PROD,82400.0,235.54180426220478,4964,3027,2239,5189,3344,2842,111.8295002544378,76.36628842118664,65.39426269978586,2213.5363370910172,2329.517766250065,2407.3124887347485,2359.0057342983773,2406.0346199780693,2457.245748244246,2119.5654192334587,2340.3201553748845,2,20,4 Sverdrup,3 Sverdrup,10 Sverdrup,20 Sverdrup,0.2,0.2,3.6
HIGH PROD,82500.0,235.52322224355,4964,3027,2241,5189,3344,2844,111.84162542218222,76.37044971688258,65.4237567815218,2213.5913249124687,2329.5581362859098,2407.403196143525,2359.078626339215,2406.0813930889162,2457.3960053808783,2119.629146608194,2340.4130040019813,2,20,4 Sverdrup,3 Sverdrup,10 Sverdrup,20 Sverdrup,0.2,0.2,3.6
HIGH PROD,82600.0,235.503693021421,4965,3028,2243,5190,3345,2845,111.85526452520735,76.38366990601152,65.44219490304229,2213.647729300284,2329.6158706029005,2407.4712694374202,2359.15540397924,2406.1624577928064,2457.500712012559,2119.6898956900623,2340.5027182699073,2,20,4 Sverdrup,3 Sverdrup,10 Sverdrup,20 Sverdrup,0.2,0.2,3.6
HIGH PROD,82700.0,235.48514141099227,4965,3028,2243,5190,3345,2846,111.86991208064548,76.3883619343625,65.44957524391333,2213.704050580767,2329.6572588365425,2407.516412923328,2359.2337828947916,2406.2109726866925,2457.55948878837,2119.7437557225862,2340.5826418568777,2,20,4 Sverdrup,3 Sverdrup,10 Sverdrup,20 Sverdrup,0.2,0.2,3.6
HIGH PROD,82800.0,235.46869238591185,4966,3028,2244,5191,3346,2846,111.88485570440295,76.39424021491558,65.45283196120525,2213.759379862749,2329.700515483384,2407.5530483404846,2359.311703461784,2406.26377241545,2457.6012921619026,2119.7956871589336,2340.6583008462626,2,20,4 Sverdrup,3 Sverdrup,10 Sverdrup,20 Sverdrup,0.2,0.2,3.6
HIGH PROD,82900.0,235.45447415437079,4967,3029,2243,5192,3346,2846,111.89962065785734,76.40283033621047,65.45188842793114,2213.8134182564295,2329.7483045468016,2407.5808764447997,2359.3880851911877,2406.3262402760474,2457.625561244125,2119.844862229997,2340.7285707041324,2,20,4 Sverdrup,3 Sverdrup,10 Sverdrup,20 Sverdrup,0.2,0.2,3.6
HIGH PROD,83000.0,235.4426132450127,4967,3030,2243,5192,3347,2846,111.91389283952178,76.4155418513417,65.44934877648973,2213.86603737331,2329.8032153038394,2407.605354563178,2359.4622810718242,2406.403585352629,2457.64318688677,2119.8927664088487,2340.7952881927235,2,20,4 Sverdrup,3 Sverdrup,10 Sverdrup,20 Sverdrup,0.2,0.2,3.6
HIGH PROD,83100.0,235.43334313362303,4968,3030,2243,5193,3347,2845,111.92730974699835,76.41966728938903,65.44412719942608,2213.9164499934946,2329.8412212700514,2407.624056921499,2359.5329296934083,2406.447780349447,2457.649466217849,2119.934882097449,2340.8525510099453,2,20,4 Sverdrup,3 Sverdrup,10 Sverdrup,20 Sverdrup,0.2,0.2,3.6
HIGH PROD,83200.0,235.42634716209457,4969,3031,2243,5194,3348,2845,111.93967510016678,76.42817561547594,65.4402208363143,2213.96468919057,2329.88703754362,2407.645372152559,2359.599737800458,2406.5082305454766,2457.661157948717,2119.9763219856027,2340.907208859232,2,20,4 Sverdrup,3 Sverdrup,10 Sverdrup,20 Sverdrup,0.2,0.2,3.6
HIGH PROD,83300.0,235.4215211543092,4969,3031,2242,5194,3348,2845,111.95089981884435,76.43308915907187,65.43451181517841,2214.010471218731,2329.9253969053125,2407.662633302679,2359.662284016688,2406.5543794673986,2457.665011376398,2120.013289949845,2340.954467327955,2,20,4 Sverdrup,3 Sverdrup,10 Sverdrup,20 Sverdrup,0.2,0.2,3.6
HIGH PROD,83400.0,235.41826133785997,4969,3032,2242,5194,3349,2844,111.96105871442462,76.44230455766991,65.42991671861851,2214.054226431525,2329.971463745014,2407.6820435829104,2359.721107630562,2406.6164438379474,2457.6733861666125,2120.0497748118087,2340.999937665733,2,20,4 Sverdrup,3 Sverdrup,10 Sverdrup,20 Sverdrup,0.2,0.2,3.6
HIGH PROD,83500.0,235.41615967164554,4970,3032,2241,5195,3349,2844,111.97024579678865,76.45166478173638,65.42682723029259,2214.096268367189,2330.0173758892097,2407.704402110882,2359.7766661703026,2406.678594148336,2457.6878539856757,2120.0856710836647,2341.0437841201447,2,20,4 Sverdrup,3 Sverdrup,10 Sverdrup,20 Sverdrup,0.2,0.2,3.6
HIGH PROD,83600.0,235.4147772595152,4970,3033,2241,5195,3350,2844,111.97860969984347,76.46323480308696,65.42514278757193,2214.136999304397,2330.067199990006,2407.7295324356555,2359.8295937785915,2406.7488426490127,2457.708020427821,2120.121699363247,2341.087274364259,2,20,4 Sverdrup,3 Sverdrup,10 Sverdrup,20 Sverdrup,0.2,0.2,3.6
HIGH PROD,83700.0,235.41409415207843,4971,3034,2241,5196,3351,2844,111.9861988134023,76.47818296012362,65.42190214899634,2214.1763805814535,2330.123146593192,2407.7512043606366,2359.8799338444846,2406.831587677716,2457.721454102077,2120.156239300035,2341.1283327060296,2,20,4 Sverdrup,3 Sverdrup,10 Sverdrup,20 Sverdrup,0.2,0.2,3.6
HIGH PROD,83800.0,235.41435185280938,4971,3034,2241,5196,3351,2844,111.99297362618542,76.48448021631832,65.41913453027341,2214.21410246198,2330.162400560749,2407.7736506767624,2359.927323381386,2406.881262293468,2457.7366929464347,2120.1880087908185,2341.1651384565,2,20,4 Sverdrup,3 Sverdrup,10 Sverdrup,20 Sverdrup,0.2,0.2,3.6
HIGH PROD,83900.0,235.41502765849165,4971,3035,2241,5196,3352,2843,111.99911836816575,76.49600432601862,65.41764955709303,2214.25076368692,2330.211407488375,2407.7986073928682,2359.9726451493243,2406.950651431683,2457.757129287356,2120.2208653583048,2341.2030429697256,2,20,4 Sverdrup,3 Sverdrup,10 Sverdrup,20 Sverdrup,0.2,0.2,3.6
HIGH PROD,84000.0,235.41554622428976,4971,3036,2241,5196,3353,2843,112.00488615590979,76.51410944940703,65.41768132497658,2214.2871116571646,2330.272785284488,2407.8266576723654,2360.017038367271,2407.0448187895254,2457.783819161643,2120.256089658594,2341.244105403656,2,20,4 Sverdrup,3 Sverdrup,10 Sverdrup,20 Sverdrup,0.2,0.2,3.6
HIGH PROD,84100.0,235.4162406210104,4972,3037,2241,5197,3354,2844,112.01026663015996,76.52291093303798,65.41842366262033,2214.3228227465866,2330.3164527064446,2407.856048579655,2360.060174305053,2407.1036406557387,2457.8133199899817,2120.289516204906,2341.2827313756557,2,20,4 Sverdrup,3 Sverdrup,10 Sverdrup,20 Sverdrup,0.2,0.2,3.6
HIGH PROD,84200.0,235.41715274888702,4972,3038,2241,5197,3355,2843,112.0152884049257,76.53683723547486,65.41715985712948,2214.3578510764555,2330.3697457859535,2407.881085393754,2360.102057047976,2407.1818111759644,2457.8342588288824,2120.3220954209714,2341.32011880714,2,20,4 Sverdrup,3 Sverdrup,10 Sverdrup,20 Sverdrup,0.2,0.2,3.6
HIGH PROD,84300.0,235.41861425380532,4972,3038,2241,5197,3355,2843,112.01987896895646,76.54242676593488,65.41599961326622,2214.3918467547305,2330.407116248049,2407.9061736850235,2360.1422299323813,2407.2283294772465,2457.85551207659,2120.3523868943444,2341.354158290573,2,20,4 Sverdrup,3 Sverdrup,10 Sverdrup,20 Sverdrup,0.2,0.2,3.6
HIGH PROD,84400.0,235.42002132009736,4972,3039,2241,5197,3356,2843,112.02423980470967,76.556340234667,65.41600909175203,2214.4255577405097,2330.460161513487,2407.9336208474892,2360.1817473979936,2407.306262504146,2457.881576531651,2120.3850766651176,2341.3913247159085,2,20,4 Sverdrup,3 Sverdrup,10 Sverdrup,20 Sverdrup,0.2,0.2,3.6
HIGH PROD,84500.0,235.42124643010297,4973,3040,2241,5197,3357,2843,112.02847290703913,76.56981450067948,65.41700516328864,2214.459227623501,2330.512371766602,2407.963063527623,2360.221012745723,2407.382522327788,2457.911686463618,2120.4185991090667,2341.429685696367,2,20,4 Sverdrup,3 Sverdrup,10 Sverdrup,20 Sverdrup,0.2,0.2,3.6
HIGH PROD,84600.0,235.42249807272947,4973,3041,2241,5198,3357,2844,112.03256301024392,76.57763769972179,65.41848900060423,2214.492652219903,2330.553858590298,2407.9934279463387,2360.2598041837127,2407.4373624544983,2457.9437286633706,2120.4511438425993,2341.466777181737,2,20,4 Sverdrup,3 Sverdrup,10 Sverdrup,20 Sverdrup,0.2,0.2,3.6
HIGH PROD,84700.0,235.4236477726508,4973,3041,2241,5198,3358,2844,112.03657363222527,76.59064423438431,65.41922191804805,2214.5259949463175,2330.605142035437,2408.0221523907353,2360.2983847137575,2407.5117962792665,2457.972552688778,2120.4841928947485,2341.5046011679087,2,20,4 Sverdrup,3 Sverdrup,10 Sverdrup,20 Sverdrup,0.2,0.2,3.6
HIGH PROD,84800.0,235.42492254856035,4973,3042,2241,5198,3358,2844,112.04046228662807,76.59804679782765,65.42016366672992,2214.5590293193154,2330.645823979992,2408.0512347016543,2360.3364660002767,2407.565078381819,2458.002190572259,2120.51612117906,2341.5408916274678,2,20,4 Sverdrup,3 Sverdrup,10 Sverdrup,20 Sverdrup,0.2,0.2,3.6
HIGH PROD,84900.0,235.42671194545477,4973,3043,2241,5198,3359,2843,112.04409954405548,76.60808062174237,65.41749042262556,2214.5912868424316,2330.6912855510436,2408.0725696149484,2360.373382597039,2407.628089832963,2458.0165093075475,2120.5455920787317,2341.5736303877516,2,20,4 Sverdrup,3 Sverdrup,10 Sverdrup,20 Sverdrup,0.2,0.2,3.6
HIGH PROD,85000.0,235.42835637582596,4973,3043,2241,5198,3360,2844,112.04768405568545,76.61701553851391,65.41929742050434,2214.623601913995,2330.7346846758155,2408.10332355389,2360.4102670761586,2407.6869963697254,2458.049702156332,2120.57811358127,2341.6103996582992,2,20,4 Sverdrup,3 Sverdrup,10 Sverdrup,20 Sverdrup,0.2,0.2,3.6
HIGH PROD,85100.0,235.43020854943816,4974,3044,2241,5198,3360,2844,112.05112998043909,76.62774218703312,65.41822821517891,2214.655580157041,2330.7813672838465,2408.1278731333537,2360.4465972035673,2407.7525503506595,2458.070585027009,2120.608883593119,2341.6447412812167,2,20,4 Sverdrup,3 Sverdrup,10 Sverdrup,20 Sverdrup,0.2,0.2,3.6
HIGH PROD,85200.0,235.43246288641822,4974,3044,2241,5198,3361,2843,112.05436789205926,76.63403733946677,65.41700245754015,2214.6869844848407,2330.819540682379,2408.1520185477934,2360.4820292800264,2407.801225178499,2458.09079661259,2120.63822924046,2341.6769519761715,2,20,4 Sverdrup,3 Sverdrup,10 Sverdrup,20 Sverdrup,0.2,0.2,3.6
HIGH PROD,85300.0,235.43549360271297,4974,3044,2241,5199,3360,2843,112.05724805765507,76.63100428323898,65.41584751584998,2214.717328312918,2330.8398767099197,2408.176104320154,2360.515847274183,2407.8144886066734,2458.11110878714,2120.664768970161,2341.7049801263615,2,20,4 Sverdrup,3 Sverdrup,10 Sverdrup,20 Sverdrup,0.2,0.2,3.6
HIGH PROD,85400.0,235.4390619569312,4974,3044,2241,5199,3360,2843,112.05979056154277,76.63063437205423,65.41490832888037,2214.746810711713,2330.865131179667,2408.2004564371346,2360.5482765789634,2407.837845731383,2458.1321470751736,2120.6911613523525,2341.7324280899434,2,20,4 Sverdrup,3 Sverdrup,10 Sverdrup,20 Sverdrup,0.2,0.2,3.6
HIGH PROD,85500.0,235.44296006320204,4974,3044,2241,5199,3360,2843,112.06204225376383,76.628476304969,65.41546260736423,2214.7756439241657,2330.8867518411503,2408.2277763720226,2360.5795987717634,2407.8541566404997,2458.1592868168564,2120.717665880824,2341.759778982421,2,20,4 Sverdrup,3 Sverdrup,10 Sverdrup,20 Sverdrup,0.2,0.2,3.6
HIGH PROD,85600.0,235.44714919823235,4974,3044,2241,5199,3360,2843,112.06401412281124,76.62957433512373,65.41490175966484,2214.8038455254364,2330.9143538209873,2408.2525745322387,2360.6098487504764,2407.8826442059044,2458.1815535384926,2120.743601841638,2341.7861828423656,2,20,4 Sverdrup,3 Sverdrup,10 Sverdrup,20 Sverdrup,0.2,0.2,3.6
HIGH PROD,85700.0,235.45171764611533,4974,3044,2241,5199,3360,2843,112.06568442764411,76.62838181416036,65.41411204329341,2214.831320212377,2330.937354229056,2408.2767277929347,2360.6388987017526,2407.9021608607295,2458.202722937108,2120.768469028008,2341.8109281980333,2,20,4 Sverdrup,3 Sverdrup,10 Sverdrup,20 Sverdrup,0.2,0.2,3.6
HIGH PROD,85800.0,235.45644605900483,4974,3044,2240,5199,3360,2843,112.06712752589993,76.63008781812772,65.41357637613697,2214.8583554878296,2330.9657078014925,2408.3012755876352,2360.6671488498428,2407.9325551119223,2458.2248299437447,2120.7939280988717,2341.836309387361,2,20,4 Sverdrup,3 Sverdrup,10 Sverdrup,20 Sverdrup,0.2,0.2,3.6
HIGH PROD,85900.0,235.4613484216164,4974,3044,2240,5199,3360,2843,112.06840692920686,76.6290706257337,65.41308456314435,2214.885039241439,2330.9887488536947,2408.325805866333,2360.6947887317997,2407.952443567248,2458.247012721422,2120.8187431905753,2341.860722457346,2,20,4 Sverdrup,3 Sverdrup,10 Sverdrup,20 Sverdrup,0.2,0.2,3.6
HIGH PROD,86000.0,235.4665666813641,4974,3044,2240,5199,3360,2843,112.06944185314521,76.62331292454647,65.41306031787516,2214.9111607004897,2331.002695495688,2408.351146305606,2360.7214815333027,2407.9543185778007,2458.2709839598506,2120.8425606729493,2341.883612713906,2,20,4 Sverdrup,3 Sverdrup,10 Sverdrup,20 Sverdrup,0.2,0.2,3.6
HIGH PROD,86100.0,235.47218888682485,4974,3043,2240,5199,3360,2843,112.07015015121607,76.6184329886963,65.41319794863558,2214.9365272516256,2331.018163717813,2408.376619567628,2360.7469059646273,2407.9594729341147,2458.2954462988528,2120.86594748551,2341.905660826271,2,20,4 Sverdrup,3 Sverdrup,10 Sverdrup,20 Sverdrup,0.2,0.2,3.6
HIGH PROD,86200.0,235.47809928471818,4974,3043,2240,5199,3359,2843,112.0705953266263,76.615038533137,65.41280419864687,2214.961298473074,2331.0362268544923,2408.400806557658,2360.771320870391,2407.970010419458,2458.3175208934385,2120.8889232686097,2341.9269615156086,2,20,4 Sverdrup,3 Sverdrup,10 Sverdrup,20 Sverdrup,0.2,0.2,3.6
HIGH PROD,86300.0,235.4840383024173,4974,3043,2240,5199,3359,2843,112.07092217232541,76.61237958368909,65.41317421032599,2214.985888136733,2331.0555863144664,2408.4264974520265,2360.7953647175964,2407.983224513845,2458.3426895634793,2120.912586397104,2341.9491154251577,2,20,4 Sverdrup,3 Sverdrup,10 Sverdrup,20 Sverdrup,0.2,0.2,3.6
HIGH PROD,86400.0,235.49010533590084,4974,3043,2240,5199,3359,2843,112.07107140760041,76.61059575573225,65.41251548808067,2215.0101337081464,2331.076476540835,2408.449912715173,2360.8187822302707,2407.9996175843967,2458.363449201628,2120.935553685138,2341.970278502999,2,20,4 Sverdrup,3 Sverdrup,10 Sverdrup,20 Sverdrup,0.2,0.2,3.6
HIGH PROD,86500.0,235.49600457784925,4974,3043,2240,5199,3359,2843,112.0711622655114,76.61330817014763,65.41288201597177,2215.034444693829,2331.1058448676476,2408.4754035307615,2360.8421658585703,2408.0329916997207,2458.388422156062,2120.960468305642,2341.9940537141633,2,20,4 Sverdrup,3 Sverdrup,10 Sverdrup,20 Sverdrup,0.2,0.2,3.6
HIGH PROD,86600.0,235.50171417179212,4974,3043,2240,5199,3359,2843,112.07123948448326,76.61382598521841,65.41327453136051,2215.0589276126598,2331.1310103851547,2408.5008895170517,2360.8656912644233,2408.057919659831,2458.4134443310254,2120.98534471381,2342.0179037689118,2,20,4 Sverdrup,3 Sverdrup,10 Sverdrup,20 Sverdrup,0.2,0.2,3.6
HIGH PROD,86700.0,235.5075678424385,4974,3043,2240,5199,3359,2843,112.07124343888468,76.61006379840435,65.41337720154081,2215.0832263990687,2331.148112936971,2408.525686651678,2360.8889173789353,2408.06673877435,2458.4371749880434,2121.008983002301,2342.040056301141,2,20,4 Sverdrup,3 Sverdrup,10 Sverdrup,20 Sverdrup,0.2,0.2,3.6
HIGH PROD,86800.0,235.51362755246592,4974,3042,2240,5199,3359,2843,112.07114332964095,76.6056302161304,65.41318342580739,2215.1072427994613,2331.1639570465436,2408.549775798651,2360.91169900965,2408.0730900626177,2458.459585815404,2121.0319864611834,2342.0612435324747,2,20,4 Sverdrup,3 Sverdrup,10 Sverdrup,20 Sverdrup,0.2,0.2,3.6
HIGH PROD,86900.0,235.5198435695755,4974,3042,2240,5199,3359,2843,112.07094238509147,76.60232535061698,65.41280196386775,2215.1310178563904,2331.181895201475,2408.5733957582534,2360.934081114758,2408.083681660457,2458.481143004671,2121.054895799571,2342.0821925068867,2,20,4 Sverdrup,3 Sverdrup,10 Sverdrup,20 Sverdrup,0.2,0.2,3.6
HIGH PROD,87000.0,235.5261721953976,4974,3042,2240,5199,3359,2843,112.07065062408033,76.59984364169426,65.41230831364244,2215.1546021166096,2331.201329969569,2408.5967146145417,2360.956128857144,2408.0973125784217,2458.5021705181266,2121.0777956565444,2342.1030408631123,2,20,4 Sverdrup,3 Sverdrup,10 Sverdrup,20 Sverdrup,0.2,0.2,3.6
HIGH PROD,87100.0,235.5325792856011,4974,3042,2240,5199,3358,2843,112.07028090568663,76.59795123538177,65.41175355392532,2215.178044353137,2331.221834448116,2408.6198493707616,2360.9779104211534,2408.113118168454,2458.5228906178613,2121.1007284425873,2342.123867623729,2,20,4 Sverdrup,3 Sverdrup,10 Sverdrup,20 Sverdrup,0.2,0.2,3.6
HIGH PROD,87200.0,235.53922720173261,4974,3042,2240,5199,3358,2843,112.06978299719445,76.59820019274073,65.4093119358093,2215.2011601639138,2331.246313754534,2408.638948194914,2360.9991648080436,2408.1369452828835,2458.535626309907,2121.122673337749,2342.1432309835877,2,20,4 Sverdrup,3 Sverdrup,10 Sverdrup,20 Sverdrup,0.2,0.2,3.6
HIGH PROD,87300.0,235.54590883301807,4974,3042,2240,5199,3358,2843,112.06922041180617,76.59820261264599,65.4081906919674,2215.224226876784,2331.2702796457697,2408.660809184286,2361.020264555259,2408.159761485002,2458.553923131731,2121.145563932476,2342.163776025789,2,20,4 Sverdrup,3 Sverdrup,10 Sverdrup,20 Sverdrup,0.2,0.2,3.6
HIGH PROD,87400.0,235.5524940422743,4974,3042,2240,5199,3358,2843,112.06864864723669,76.59818277877046,65.40798832651683,2215.247423808662,2331.2942443468164,2408.6845722039325,2361.0414739322855,2408.182538002957,2458.5760255307027,2121.1692279704776,2342.185378653829,2,20,4 Sverdrup,3 Sverdrup,10 Sverdrup,20 Sverdrup,0.2,0.2,3.6
HIGH PROD,87500.0,235.5592744418761,4974,3042,2240,5199,3358,2843,112.06798562579785,76.59795182757703,65.40591660902133,2215.270392181646,2331.317786204362,2408.704349541458,2361.06231122589,2408.204493391942,2458.5902129920983,2121.1913764841743,2342.2048812540384,2,20,4 Sverdrup,3 Sverdrup,10 Sverdrup,20 Sverdrup,0.2,0.2,3.6
HIGH PROD,87600.0,235.56619307175774,4974,3042,2240,5199,3358,2843,112.06723881116683,76.59771790010187,65.40408849972744,2215.293188024059,2331.3413046456053,2408.7246262582357,2361.0828433545435,2408.226424034139,2458.6054430375652,2121.213553445475,2342.2243187313147,2,20,4 Sverdrup,3 Sverdrup,10 Sverdrup,20 Sverdrup,0.2,0.2,3.6
HIGH PROD,87700.0,235.5733690912854,4974,3042,2240,5199,3358,2842,112.06636429953993,76.59449914540811,65.40228934168773,2215.3156609528633,2331.3591195476815,2408.7448959093153,2361.1028525311026,2408.2370054080716,2458.620725350563,2121.2348680570035,2342.2424520363547,2,20,4 Sverdrup,3 Sverdrup,10 Sverdrup,20 Sverdrup,0.2,0.2,3.6
HIGH PROD,87800.0,235.58076597200682,4974,3042,2239,5199,3358,2842,112.06537727833759,76.59239712619274,65.40044602931584,2215.3378362471317,2331.379105611784,2408.765019657017,2361.1223887734013,2408.251991673724,2458.635774027166,2121.25599351134,2342.2601883149996,2,20,4 Sverdrup,3 Sverdrup,10 Sverdrup,20 Sverdrup,0.2,0.2,3.6
HIGH PROD,87900.0,235.58828507104255,4974,3041,2239,5199,3358,2842,112.06427565128277,76.58795402852179,65.39873817020707,2215.3598032827076,2331.394412114416,2408.785376025194,2361.141533932114,2408.2576696041506,2458.6513363127324,2121.276727393664,2342.277311335676,2,20,4 Sverdrup,3 Sverdrup,10 Sverdrup,20 Sverdrup,0.2,0.2,3.6
HIGH PROD,88000.0,235.59587840488678,4974,3041,2239,5199,3358,2842,112.06309310915388,76.58700464081429,65.39711406874912,2215.38161583878,2331.416477746481,2408.805875433967,2361.1603963203315,2408.276904063766,2458.6672214286764,2121.2979491594897,2342.2950242765714,2,20,4 Sverdrup,3 Sverdrup,10 Sverdrup,20 Sverdrup,0.2,0.2,3.6
HIGH PROD,88100.0,235.603428625626,4974,3041,2239,5199,3358,2842,112.06185152479759,76.58631052402183,65.39669837381118,2215.4034013334135,2331.4389190217917,2408.828895106376,2361.1791346512678,2408.2969037241737,2458.688166816131,2121.32009401974,2342.313953028602,2,20,4 Sverdrup,3 Sverdrup,10 Sverdrup,20 Sverdrup,0.2,0.2,3.6
HIGH PROD,88200.0,235.61083419071582,4974,3041,2239,5199,3358,2842,112.0606000082054,76.5856338819481,65.39663719394889,2215.4252931448787,2331.461415226007,2408.852624608657,2361.1979583866373,2408.3169878956146,2458.710530027388,2121.3425969223504,2342.333447945164,2,20,4 Sverdrup,3 Sverdrup,10 Sverdrup,20 Sverdrup,0.2,0.2,3.6
HIGH PROD,88300.0,235.61799631276313,4974,3041,2239,5199,3358,2842,112.05938740782949,76.58491711231817,65.39664817428047,2215.447389166456,2331.4839027185894,2408.876514193447,2361.2170428258755,2408.336985605496,2458.733202440134,2121.365244273861,2342.3533252234847,2,20,4 Sverdrup,3 Sverdrup,10 Sverdrup,20 Sverdrup,0.2,0.2,3.6
HIGH PROD,88400.0,235.62501216146757,4974,3041,2239,5199,3358,2842,112.05822765267506,76.58417606439134,65.39660186473154,2215.469621659888,2331.5063945406973,2408.9002937790524,2361.2363463259735,2408.356940068233,2458.7556459669545,2121.387966302889,2342.3734145126273,2,20,4 Sverdrup,3 Sverdrup,10 Sverdrup,20 Sverdrup,0.2,0.2,3.6
HIGH PROD,88500.0,235.63164080365883,4974,3041,2239,5199,3357,2842,112.05721546284535,76.58345752669973,65.39834229579778,2215.4923057570445,2331.529040493056,2408.9278788688416,2361.2563295556643,2408.3770861923117,2458.785636988961,2121.4122703391895,2342.3958359874387,2,20,4 Sverdrup,3 Sverdrup,10 Sverdrup,20 Sverdrup,0.2,0.2,3.6
HIGH PROD,88600.0,235.63823518962982,4974,3041,2239,5199,3357,2842,112.05626152037004,76.58275697016025,65.39793275064207,2215.51503142978,2331.5517560852563,2408.950929082847,2361.276449240796,2408.3973339616405,2458.8065601867124,2121.4351451468656,2342.4164451492334,2,20,4 Sverdrup,3 Sverdrup,10 Sverdrup,20 Sverdrup,0.2,0.2,3.6
HIGH PROD,88700.0,235.64453118755958,4974,3041,2239,5199,3357,2842,112.0554496175214,76.58210751966683,65.39936261592703,2215.538128939916,2331.5746563042176,2408.9779192928086,2361.2971630462202,2408.417858522395,2458.8353083703996,2121.459576467898,2342.439290112314,2,20,4 Sverdrup,3 Sverdrup,10 Sverdrup,20 Sverdrup,0.2,0.2,3.6
HIGH PROD,88800.0,235.6508656593636,4974,3041,2239,5199,3357,2842,112.05468435483267,76.58149378392099,65.39870240610908,2215.5612107798297,2331.59763672222,2409.0004963980095,2361.317939070206,2408.438529534314,2458.8552368587684,2121.4826133215893,2342.460307093764,2,20,4 Sverdrup,3 Sverdrup,10 Sverdrup,20 Sverdrup,0.2,0.2,3.6
HIGH PROD,88900.0,235.65702873670602,4974,3041,2239,5198,3357,2842,112.05400512100076,76.58190953870927,65.39955264982974,2215.5845200414387,2331.6225936115143,2409.0263095462938,2361.3390772743765,2408.463106203429,2458.881601852273,2121.5071090241368,2342.4833320216953,2,20,4 Sverdrup,3 Sverdrup,10 Sverdrup,20 Sverdrup,0.2,0.2,3.6
HIGH PROD,89000.0,235.6631059367492,4974,3041,2239,5198,3357,2842,112.0534322162971,76.58286584730193,65.39891242333925,2215.6080176602004,2331.648641400405,2409.0489936238446,2361.3605730584727,2408.4898110958907,2458.901676294413,2121.5309004102146,2342.5055051453514,2,20,4 Sverdrup,3 Sverdrup,10 Sverdrup,20 Sverdrup,0.2,0.2,3.6
HIGH PROD,89100.0,235.6690252162839,4974,3041,2239,5198,3357,2842,112.05296561537925,76.58359582559821,65.39936765701275,2215.6317780199843,2331.674298136134,2409.0740492672808,2361.382498382122,2408.5156712622415,2458.926445831337,2121.5556032433133,2342.5289712621748,2,20,4 Sverdrup,3 Sverdrup,10 Sverdrup,20 Sverdrup,0.2,0.2,3.6
HIGH PROD,89200.0,235.67484470445672,4974,3041,2239,5198,3357,2842,112.05259048166192,76.58126626891132,65.40054458473297,2215.6557337901363,2331.694222317532,2409.1006376369355,2361.404763540342,2408.5300126672873,2458.9542414792304,2121.5802599662643,2342.5524554345347,2,20,4 Sverdrup,3 Sverdrup,10 Sverdrup,20 Sverdrup,0.2,0.2,3.6
HIGH PROD,89300.0,235.68097231816216,4974,3040,2239,5198,3357,2842,112.05216158741095,76.57514230770833,65.40019766445253,2215.679347381166,2331.706945159535,2409.1239734163455,2361.4266101982475,2408.530018354752,2458.9755826333244,2121.6026461330907,2342.5728008979054,2,20,4 Sverdrup,3 Sverdrup,10 Sverdrup,20 Sverdrup,0.2,0.2,3.6
HIGH PROD,89400.0,235.68719361523384,4974,3040,2239,5198,3357,2842,112.05170775586484,76.57307422225034,65.39980144633192,2215.7028237361774,2331.72734202215,2409.1472104811282,2361.448284168954,2408.5454249992194,2458.9967463661164,2121.6256302113907,2342.59385542565,2,20,4 Sverdrup,3 Sverdrup,10 Sverdrup,20 Sverdrup,0.2,0.2,3.6
HIGH PROD,89500.0,235.6933493148852,4974,3040,2239,5198,3357,2842,112.0512738063936,76.57137971060017,65.4002721238174,2215.72636389929,2331.748374586286,2409.172275518705,2361.470052853563,2408.562116777821,2459.021554868552,2121.6493992593273,2342.6159638566937,2,20,4 Sverdrup,3 Sverdrup,10 Sverdrup,20 Sverdrup,0.2,0.2,3.6
HIGH PROD,89600.0,235.69970715728107,4974,3040,2239,5198,3357,2842,112.05077529655472,76.57016207850185,65.39876634437708,2215.749648815241,2331.770235380044,2409.1931436989234,2361.491468621164,2408.5805395970324,2459.038013262658,2121.6717685830513,2342.6361136823934,2,20,4 Sverdrup,3 Sverdrup,10 Sverdrup,20 Sverdrup,0.2,0.2,3.6
HIGH PROD,89700.0,235.7062086893721,4974,3040,2239,5198,3357,2842,112.05021536203863,76.56903824006248,65.3974664711092,2215.772753806068,2331.7922022917264,2409.214443327178,2361.512609553112,2408.599241820883,2459.0553672246047,2121.6942281678807,2342.6562687566075,2,20,4 Sverdrup,3 Sverdrup,10 Sverdrup,20 Sverdrup,0.2,0.2,3.6
HIGH PROD,89800.0,235.71282165948477,4974,3040,2239,5198,3357,2842,112.04959785323925,76.56821660172272,65.39619582089091,2215.7957318256977,2331.8146898162117,2409.235777441832,2361.5335327127223,2408.6190382585537,2459.072814378989,2121.7167507315444,2342.6764107492113,2,20,4 Sverdrup,3 Sverdrup,10 Sverdrup,20 Sverdrup,0.2,0.2,3.6
HIGH PROD,89900.0,235.7196326423723,4973,3040,2239,5198,3357,2842,112.0488893715064,76.56988692394891,65.39345143800745,2215.818483158068,2331.841824756749,2409.2539839213414,2361.554086492331,2408.648196559292,2459.0840467005874,2121.738688918357,2342.695639532834,2,20,4 Sverdrup,3 Sverdrup,10 Sverdrup,20 Sverdrup,0.2,0.2,3.6
HIGH PROD,90000.0,235.72658469462277,4973,3040,2239,5198,3357,2842,112.0481011606894,76.57097480178342,65.39113129151957,2215.8410915698355,2331.8677770915083,2409.2730787803516,2361.5743702229565,2408.6750349560034,2459.0970811051993,2121.760784662348,2342.7149545758953,2,20,4 Sverdrup,3 Sverdrup,10 Sverdrup,20 Sverdrup,0.2,0.2,3.6
HIGH PROD,90100.0,235.73363838035564,4973,3040,2239,5198,3357,2842,112.04724361458237,76.5716029164421,65.3891561424778,2215.8636087077844,2331.8928467596534,2409.292875247034,2361.59445067172,2408.70013236203,2459.1115338227505,2121.7829743937177,2342.7343058361544,2,20,4 Sverdrup,3 Sverdrup,10 Sverdrup,20 Sverdrup,0.2,0.2,3.6
HIGH PROD,90200.0,235.74076291438638,4973,3040,2238,5198,3357,2841,112.04632529090263,76.57188352799578,65.38745202065903,2215.8860570925167,2331.9172556853673,2409.3132245169813,2361.6143636906386,2408.7239182500434,2459.127102417464,2121.805176155092,2342.7536182706594,2,20,4 Sverdrup,3 Sverdrup,10 Sverdrup,20 Sverdrup,0.2,0.2,3.6
HIGH PROD,90300.0,235.74793320864725,4973,3040,2238,5198,3357,2841,112.0453540780964,76.57189963211097,65.38596131673381,2215.9084447435303,2331.941166824574,2409.3340085464383,2361.6341301587863,2408.7467107219345,2459.143549211085,2121.827345949338,2342.772859049324,2,20,4 Sverdrup,3 Sverdrup,10 Sverdrup,20 Sverdrup,0.2,0.2,3.6
HIGH PROD,90400.0,235.75501460091863,4973,3040,2238,5198,3357,2841,112.04437660446717,76.57172581757038,65.38543151580468,2215.930914802276,2331.9647520911767,2409.356817736622,2361.653965385276,2408.7688201473934,2459.1640316398616,2121.8501116112934,2342.792940917561,2,20,4 Sverdrup,3 Sverdrup,10 Sverdrup,20 Sverdrup,0.2,0.2,3.6
HIGH PROD,90500.0,235.76199511543916,4973,3040,2238,5198,3357,2841,112.04341493301932,76.568638735221,65.38566435103796,2215.953491625965,2331.9827640966746,2409.381224123917,2361.673929221521,2408.779746680537,2459.187690054571,2121.8729017271858,2342.813127053376,2,20,4 Sverdrup,3 Sverdrup,10 Sverdrup,20 Sverdrup,0.2,0.2,3.6
HIGH PROD,90600.0,235.7691983016275,4973,3040,2238,5198,3356,2841,112.04236502971212,76.5610952279632,65.38532811369734,2215.9757273631385,2331.992527397583,2409.4043741048163,2361.6934183056246,2408.774222298644,2459.208894101465,2121.8937056296104,2342.8306351957976,2,20,4 Sverdrup,3 Sverdrup,10 Sverdrup,20 Sverdrup,0.2,0.2,3.6
HIGH PROD,90700.0,235.77650066309243,4973,3039,2238,5198,3356,2841,112.04122799990034,76.55719365492534,65.38510945823168,2215.9976718777452,2332.0090861746544,2409.427725497005,2361.7124834803367,2408.7823688339904,2459.230559513624,2121.9149835173753,2342.8486967745275,2,20,4 Sverdrup,3 Sverdrup,10 Sverdrup,20 Sverdrup,0.2,0.2,3.6
HIGH PROD,90800.0,235.78363821894882,4973,3039,2238,5198,3356,2841,112.0401038137317,76.5540219722312,65.38610205219943,2216.019699436656,2332.026960196539,2409.453612520585,2361.731650300439,2408.7931542839206,2459.2572940581044,2121.937384580355,2342.868326848168,2,20,4 Sverdrup,3 Sverdrup,10 Sverdrup,20 Sverdrup,0.2,0.2,3.6
HIGH PROD,90900.0,235.79060863197006,4973,3039,2238,5198,3355,2841,112.039007478123,76.5514980438653,65.38676580417169,2216.041813310083,2332.046044780858,2409.478789924027,2361.7509464660634,2408.806363894113,2459.2826120093237,2121.9598048236744,2342.888110988367,2,20,4 Sverdrup,3 Sverdrup,10 Sverdrup,20 Sverdrup,0.2,0.2,3.6
HIGH PROD,91000.0,235.79719539263752,4973,3039,2238,5198,3356,2841,112.03803690110364,76.55336263519737,65.38736046594484,2216.0642974505417,2332.0734776487498,2409.503863201031,2361.7708080190273,2408.8362118004643,2459.3076856763832,2121.983544771807,2342.9098779864976,2,20,4 Sverdrup,3 Sverdrup,10 Sverdrup,20 Sverdrup,0.2,0.2,3.6
HIGH PROD,91100.0,235.80365050385794,4973,3039,2238,5198,3356,2841,112.03714892298309,76.55199819743137,65.38776573536292,2216.0869485524477,2332.094778112042,2409.5285490159135,2361.7909671959515,2408.8537596641804,2459.3319742903896,2122.0067947779426,2342.9311047646593,2,20,4 Sverdrup,3 Sverdrup,10 Sverdrup,20 Sverdrup,0.2,0.2,3.6
HIGH PROD,91200.0,235.8098627197452,4973,3039,2238,5198,3356,2841,112.03638827676994,76.55345365076568,65.3881928515168,2216.1099329438507,2332.1215253074147,2409.5533232138196,2361.8116586413144,2408.8821283901175,2459.356397947601,2122.0309747057627,2342.9537055000364,2,20,4 Sverdrup,3 Sverdrup,10 Sverdrup,20 Sverdrup,0.2,0.2,3.6
HIGH PROD,91300.0,235.81602746140788,4973,3039,2239,5198,3356,2841,112.03570638568169,76.55182106568562,65.38844771382827,2216.133050514288,2332.1424306897857,2409.5777489227,2361.832608821254,2408.8987739399768,2459.3801110798618,2122.0545700001835,2342.975583781835,2,20,4 Sverdrup,3 Sverdrup,10 Sverdrup,20 Sverdrup,0.2,0.2,3.6
HIGH PROD,91400.0,235.82201578519906,4973,3039,2239,5198,3356,2841,112.03513913120484,76.55311672892948,65.38874365900928,2216.156456802774,2332.168984341598,2409.6023050615945,2361.854027313226,2408.926645764197,2459.4040412504582,2122.079011943689,2342.998682147014,2,20,4 Sverdrup,3 Sverdrup,10 Sverdrup,20 Sverdrup,0.2,0.2,3.6
HIGH PROD,91500.0,235.82779839297245,4973,3039,2239,5198,3356,2842,112.03470410124477,76.55520077111063,65.3891307384225,2216.1802073421254,2332.1970769510617,2409.6271070371736,2361.8759964803075,2408.95750497787,2459.428404758124,2122.103997338774,2343.022626630298,2,20,4 Sverdrup,3 Sverdrup,10 Sverdrup,20 Sverdrup,0.2,0.2,3.6
HIGH PROD,91600.0,235.83363074911512,4973,3039,2239,5198,3356,2842,112.03432297202639,76.5529000347697,65.38932029490947,2216.2039965428053,2332.216892755927,2409.651504848092,2361.8980921166303,2408.9717794177805,2459.4519481128855,2122.127925220766,2343.0451759220146,2,20,4 Sverdrup,3 Sverdrup,10 Sverdrup,20 Sverdrup,0.2,0.2,3.6
HIGH PROD,91700.0,235.8393647044724,4973,3039,2239,5198,3356,2842,112.03402472913886,76.55374728037579,65.38954027243432,2216.227972846151,2332.2427724399736,2409.676006364788,2361.920505699076,2408.998129954283,2459.4756600730952,2122.1525726765276,2343.068730002972,2,20,4 Sverdrup,3 Sverdrup,10 Sverdrup,20 Sverdrup,0.2,0.2,3.6
HIGH PROD,91800.0,235.8453370504945,4973,3039,2238,5198,3356,2841,112.03369499868263,76.55550480272285,65.38719195989002,2216.2517274206775,2332.270298180556,2409.6950984672694,2361.942653470817,2409.0278083965663,2459.4885800859065,2122.175531891824,2343.08992429016,2,20,4 Sverdrup,3 Sverdrup,10 Sverdrup,20 Sverdrup,0.2,0.2,3.6
HIGH PROD,91900.0,235.8514340876791,4973,3039,2238,5198,3356,2841,112.0333450598675,76.55296245876018,65.38682158727691,2216.2753936368413,2332.2896523628783,2409.718373204797,2361.964683035384,2409.0411686952125,2459.509869416332,2122.1988811593833,2343.1115298360533,2,20,4 Sverdrup,3 Sverdrup,10 Sverdrup,20 Sverdrup,0.2,0.2,3.6
HIGH PROD,92000.0,235.85775251574202,4973,3039,2238,5198,3356,2841,112.03292495297647,76.55359044256865,65.38472616211293,2216.2988279052183,2332.3150075646754,2409.7379731535184,2361.9863728559462,2409.066588967023,2459.523837324608,2122.2214834122656,2343.13200096734,2,20,4 Sverdrup,3 Sverdrup,10 Sverdrup,20 Sverdrup,0.2,0.2,3.6
HIGH PROD,92100.0,235.86428664999147,4973,3039,2238,5198,3356,2841,112.03241677975257,76.55514522096188,65.3821767687368,2216.322024010535,2332.3420112765702,2409.7566205441594,2362.0076873376916,2409.0953714289562,2459.535930231662,2122.2438252074,2343.151969078364,2,20,4 Sverdrup,3 Sverdrup,10 Sverdrup,20 Sverdrup,0.2,0.2,3.6
HIGH PROD,92200.0,235.87133865587913,4973,3039,2238,5198,3355,2841,112.03170479357621,76.54963962412201,65.37961484579394,2216.344603273512,2332.3555002934113,2409.7751578169054,2362.028069683678,2409.0972742690738,2459.547898099009,2122.264191806946,2343.1690077778767,2,20,4 Sverdrup,3 Sverdrup,10 Sverdrup,20 Sverdrup,0.2,0.2,3.6
HIGH PROD,92300.0,235.87854424295003,4973,3039,2238,5197,3355,2841,112.0308668324602,76.54985721912706,65.37740099324736,2216.366948937845,2332.379835076027,2409.794390889933,2362.0480185219812,2409.1209536768847,2459.561293413943,2122.2856995340267,2343.187401589051,2,20,4 Sverdrup,3 Sverdrup,10 Sverdrup,20 Sverdrup,0.2,0.2,3.6
HIGH PROD,92400.0,235.88609631479855,4973,3038,2237,5197,3355,2841,112.02983882133263,76.54535911221734,65.3751801004247,2216.388817518866,2332.3950425997486,2409.8135268810956,2362.0671923616233,2409.12650627482,2459.5745748951704,2122.3058567785743,2343.2037954457087,2,20,4 Sverdrup,3 Sverdrup,10 Sverdrup,20 Sverdrup,0.2,0.2,3.6
HIGH PROD,92500.0,235.89388594166633,4973,3038,2237,5197,3355,2840,112.02863605808056,76.54218336235,65.37302775298285,2216.41029402999,2332.4127092349827,2409.8327382816947,2362.0856989206363,2409.137093650539,2459.5880792925323,2122.3259269032287,2343.2199084150816,2,20,4 Sverdrup,3 Sverdrup,10 Sverdrup,20 Sverdrup,0.2,0.2,3.6
HIGH PROD,92600.0,235.90141347992966,4973,3038,2237,5197,3355,2840,112.02742263511763,76.54038262931385,65.37368492653539,2216.4319736108346,2332.432970554279,2409.857861517689,2362.1043833814624,2409.152856355877,2459.613385283181,2122.3483349116095,2343.2392310241453,2,20,4 Sverdrup,3 Sverdrup,10 Sverdrup,20 Sverdrup,0.2,0.2,3.6
HIGH PROD,92700.0,235.9086023242418,4972,3038,2237,5197,3355,2841,112.0262639912474,76.53885248238761,65.37496227405119,2216.4539585017424,2332.453787558846,2409.8842720068656,2362.1234520723415,2409.1696653148724,2459.641229399001,2122.371414974439,2343.2596779793175,2,20,4 Sverdrup,3 Sverdrup,10 Sverdrup,20 Sverdrup,0.2,0.2,3.6
HIGH PROD,92800.0,235.91551792876936,4972,3038,2238,5197,3355,2841,112.02517550060001,76.53753081041684,65.37594598501624,2216.476174448271,2332.4750580922414,2409.9100793439275,2362.1428593084684,2409.187316163519,2459.667845005576,2122.3944597361883,2343.280299604651,2,20,4 Sverdrup,3 Sverdrup,10 Sverdrup,20 Sverdrup,0.2,0.2,3.6
HIGH PROD,92900.0,235.92200369236855,4972,3038,2238,5197,3355,2841,112.02423741652198,76.54018915316448,65.37693346590714,2216.498840810366,2332.5039693239846,2409.9359562174955,2362.1629498439506,2409.2201335453874,2459.694540559209,2122.418741775394,2343.302841190273,2,20,4 Sverdrup,3 Sverdrup,10 Sverdrup,20 Sverdrup,0.2,0.2,3.6
HIGH PROD,93000.0,235.92837452975277,4972,3038,2238,5197,3355,2841,112.02336906969514,76.5392630538953,65.37730151959592,2216.5216343045036,2332.5260673377193,2409.960552213737,2362.1832780525697,2409.2392743944015,2459.7186626963926,2122.4420678952606,2343.3242383386464,2,20,4 Sverdrup,3 Sverdrup,10 Sverdrup,20 Sverdrup,0.2,0.2,3.6
HIGH PROD,93100.0,235.9346524918617,4972,3038,2238,5197,3355,2841,112.02258443294642,76.53878366394736,65.37745951500413,2216.544543641035,2332.5492036517526,2409.9846884527615,2362.203857210359,2409.2604460457273,2459.741857819709,2122.4654385544477,2343.3457671670712,2,20,4 Sverdrup,3 Sverdrup,10 Sverdrup,20 Sverdrup,0.2,0.2,3.6
HIGH PROD,93200.0,235.94068796749733,4972,3038,2238,5197,3355,2841,112.02193091562192,76.54099442249682,65.37820565117397,2216.5677699429643,2332.577372180908,2410.0101549341753,2362.224959563466,2409.2916095443716,2459.7676697581137,2122.4901185317585,2343.3691576157485,2,20,4 Sverdrup,3 Sverdrup,10 Sverdrup,20 Sverdrup,0.2,0.2,3.6
HIGH PROD,93300.0,235.94654887369947,4972,3038,2238,5197,3355,2841,112.02140285809422,76.53947161159043,65.37887432214502,2216.591285994995,2332.598520815614,2410.035466869443,2362.2465486498895,2409.3086559968488,2459.7931279865884,2122.5143338540734,2343.3920683880638,2,20,4 Sverdrup,3 Sverdrup,10 Sverdrup,20 Sverdrup,0.2,0.2,3.6
HIGH PROD,93400.0,235.95244578331247,4972,3038,2238,5197,3355,2841,112.02094083090724,76.53863038557384,65.37834149287156,2216.6148386385557,2332.6211495243165,2410.0582293907146,2362.2682826735977,2409.32863486393,2459.813481238296,2122.537728461291,2343.413906086795,2,20,4 Sverdrup,3 Sverdrup,10 Sverdrup,20 Sverdrup,0.2,0.2,3.6
HIGH PROD,93500.0,235.95835548032338,4972,3038,2238,5197,3355,2841,112.02052741198749,76.53799962827384,65.37878580037818,2216.6384215230437,2332.6440549418144,2410.0831477923007,2362.2901272223717,2409.349162501989,2459.8381389550946,2122.561835705073,2343.4366611010128,2,20,4 Sverdrup,3 Sverdrup,10 Sverdrup,20 Sverdrup,0.2,0.2,3.6
HIGH PROD,93600.0,235.9641883425707,4972,3038,2238,5197,3355,2841,112.02017841090132,76.54001751286035,65.37838762163598,2216.6621528545725,2332.6720296029125,2410.1062855947243,2362.3122215331337,2409.379802580507,2459.859206948393,2122.586083281885,2343.4596412759497,2,20,4 Sverdrup,3 Sverdrup,10 Sverdrup,20 Sverdrup,0.2,0.2,3.6
HIGH PROD,93700.0,235.96982937388563,4972,3038,2238,5197,3355,2841,112.01993410909486,76.54116270660914,65.37859149284238,2216.6861921869713,2332.6982983620023,2410.130698039673,2362.334785887498,2409.406967027029,2459.882767010115,2122.611017586076,2343.483623971946,2,20,4 Sverdrup,3 Sverdrup,10 Sverdrup,20 Sverdrup,0.2,0.2,3.6
HIGH PROD,93800.0,235.97555553881043,4972,3038,2238,5197,3355,2841,112.01972305463528,76.53816495654326,65.37909266587003,2216.7102189844545,2332.7169044477127,2410.155793539218,2362.3573933037,2409.4187903247075,2459.9076857080026,2122.634993486402,2343.5063420103093,2,20,4 Sverdrup,3 Sverdrup,10 Sverdrup,20 Sverdrup,0.2,0.2,3.6
HIGH PROD,93900.0,235.9813522315048,4972,3038,2238,5197,3355,2841,112.0195196003723,76.53646095147232,65.37891096773347,2216.7341981437276,2332.7378780169165,2410.1794367637235,2362.37996764392,2409.435354131485,2459.929699284305,2122.6586742575632,2343.5286240353544,2,20,4 Sverdrup,3 Sverdrup,10 Sverdrup,20 Sverdrup,0.2,0.2,3.6
HIGH PROD,94000.0,235.98773017683803,4972,3038,2238,5197,3354,2841,112.01914506476591,76.53122123462818,65.3761615237489,2216.7574749334467,2332.7521196628372,2410.197601794453,2362.401582188146,2409.4386120792387,2459.9408636664207,2122.6791873533743,2343.5464083733305,2,20,4 Sverdrup,3 Sverdrup,10 Sverdrup,20 Sverdrup,0.2,0.2,3.6
HIGH PROD,94100.0,235.99471912415748,4972,3037,2237,5197,3354,2840,112.01852208312019,76.52731853900067,65.37258496403288,2216.7799524017064,2332.76866050364,2410.2139382868213,2362.422015957235,2409.4466918484586,2459.9485023531706,2122.6988332653914,2343.5626156498415,2,20,4 Sverdrup,3 Sverdrup,10 Sverdrup,20 Sverdrup,0.2,0.2,3.6
HIGH PROD,94200.0,236.00223515649213,4972,3037,2237,5197,3354,2840,112.01762094794569,76.52440417574887,65.36931949002003,2216.8017174601814,2332.786826570059,2410.2308287652745,2362.4413028940603,2409.4582589202028,2459.9573726824037,2122.71849078784,2343.5784247351075,2,20,4 Sverdrup,3 Sverdrup,10 Sverdrup,20 Sverdrup,0.2,0.2,3.6
HIGH PROD,94300.0,236.01006714082448,4972,3037,2237,5197,3354,2840,112.0164959921084,76.52201762743643,65.36632520328207,2216.8230318504893,2332.805822330065,2410.2482009428727,2362.4597843453034,2409.471651364492,2459.967292393886,2122.738169832944,2343.5940106307676,2,20,4 Sverdrup,3 Sverdrup,10 Sverdrup,20 Sverdrup,0.2,0.2,3.6
HIGH PROD,94400.0,236.01798728456168,4972,3037,2237,5197,3354,2840,112.01521755176567,76.52305593676613,65.36374109574979,2216.8441599296275,2332.831217994128,2410.266386043274,2362.4778313821926,2409.497933015312,2459.978883929879,2122.7587408135223,2343.610669068696,2,20,4 Sverdrup,3 Sverdrup,10 Sverdrup,20 Sverdrup,0.2,0.2,3.6
HIGH PROD,94500.0,236.02587777552537,4972,3037,2236,5197,3354,2840,112.01384770361594,76.52379638284498,65.3615634867227,2216.865267598087,2332.855945311813,2410.2853970279325,2362.4957062540225,2409.5229010371645,2459.992146399099,2122.7796416851916,2343.627760972025,2,20,4 Sverdrup,3 Sverdrup,10 Sverdrup,20 Sverdrup,0.2,0.2,3.6
HIGH PROD,94600.0,236.03337025210783,4972,3037,2237,5197,3354,2840,112.01253218365487,76.52406159657572,65.36286973556874,2216.886818790812,2332.8799227923805,2410.311777553732,2362.514097795466,2409.5462696284585,2460.0200886941775,2122.8031091478274,2343.6484622397,2,20,4 Sverdrup,3 Sverdrup,10 Sverdrup,20 Sverdrup,0.2,0.2,3.6
HIGH PROD,94700.0,236.04073087521815,4972,3037,2236,5197,3354,2840,112.01124112756453,76.52403680874896,65.36112399588374,2216.908498865662,2332.9033911178635,2410.331655686057,2362.5326525340415,2409.568542783192,2460.0350161459464,2122.8244476028417,2343.6665197626357,2,20,4 Sverdrup,3 Sverdrup,10 Sverdrup,20 Sverdrup,0.2,0.2,3.6
HIGH PROD,94800.0,236.04787066159614,4972,3037,2236,5197,3354,2840,112.01000477794605,76.52377934117645,65.36236033101675,2216.9303678235074,2332.9265207398594,2410.357969372073,2362.5514806870156,2409.5900653224594,2460.0627947524517,2122.847730610251,2343.6872917030223,2,20,4 Sverdrup,3 Sverdrup,10 Sverdrup,20 Sverdrup,0.2,0.2,3.6
HIGH PROD,94900.0,236.05455860167194,4972,3037,2237,5197,3354,2840,112.00892818202568,76.52341426093916,65.36380297504951,2216.952768862927,2332.949567922646,2410.3845985305948,2362.5710855300244,2409.611277205967,2460.0911242879138,2122.871756839459,2343.7093232819057,2,20,4 Sverdrup,3 Sverdrup,10 Sverdrup,20 Sverdrup,0.2,0.2,3.6
HIGH PROD,95000.0,236.06076733175257,4972,3037,2237,5196,3354,2840,112.00805558631363,76.52735863879624,65.36516206124921,2216.9757183656493,2332.9809615818253,2410.411263374439,2362.5915569573076,2409.6490152756983,2460.119440439096,2122.8967031782354,2343.7329479024306,2,20,4 Sverdrup,3 Sverdrup,10 Sverdrup,20 Sverdrup,0.2,0.2,3.6
HIGH PROD,95100.0,236.0668587247782,4972,3037,2237,5196,3354,2840,112.00730809241966,76.52614836476855,65.3649703586175,2216.998831974088,2333.0025471217273,2410.434594914032,2362.612393702252,2409.6670514377142,2460.14106518611,2122.920005435271,2343.754517642105,2,20,4 Sverdrup,3 Sverdrup,10 Sverdrup,20 Sverdrup,0.2,0.2,3.6
HIGH PROD,95200.0,236.07274007046937,4972,3037,2237,5196,3354,2840,112.00670327248676,76.52911787373431,65.36610375780282,2217.0222377916316,2333.0323339797183,2410.4608756911434,2362.6337495949733,2409.701408461348,2460.1685392154573,2122.945058995266,2343.7785334880455,2,20,4 Sverdrup,3 Sverdrup,10 Sverdrup,20 Sverdrup,0.2,0.2,3.6
HIGH PROD,95300.0,236.0785572366547,4972,3037,2237,5196,3354,2840,112.00620607761549,76.52730744017109,65.36584990684162,2217.045805802304,2333.052874690063,2410.484150501042,2362.655439724946,2409.717216934389,2460.1899692986226,2122.9686413082213,2343.8006611123515,2,20,4 Sverdrup,3 Sverdrup,10 Sverdrup,20 Sverdrup,0.2,0.2,3.6
HIGH PROD,95400.0,236.08442152211893,4972,3037,2237,5196,3354,2840,112.00576289467708,76.5254578795036,65.36666849622551,2217.0693649023074,2333.0736309553495,2410.5098110708955,2362.67721183763,2409.7334507509736,2460.2161665405665,2122.992525159703,2343.8231945650714,2,20,4 Sverdrup,3 Sverdrup,10 Sverdrup,20 Sverdrup,0.2,0.2,3.6
HIGH PROD,95500.0,236.0901467866894,4972,3037,2237,5196,3354,2840,112.00541151672758,76.52850931452728,65.36630575993605,2217.093129216427,2333.1035122264725,2410.5329047405216,2362.699334086805,2409.767901347683,2460.237189622697,2123.0170482748426,2343.8466111652087,2,20,4 Sverdrup,3 Sverdrup,10 Sverdrup,20 Sverdrup,0.2,0.2,3.6
HIGH PROD,95600.0,236.095785867088,4971,3037,2237,5196,3354,2840,112.00514509640817,76.52665581120952,65.36720242741092,2217.117056524847,2333.124160109155,2410.5588008515506,2362.7217542614294,2409.7838502083687,2460.2637835682585,2123.0414235703247,2343.8699295106926,2,20,4 Sverdrup,3 Sverdrup,10 Sverdrup,20 Sverdrup,0.2,0.2,3.6
HIGH PROD,95700.0,236.10172434632818,4971,3037,2237,5196,3354,2840,112.0048362909383,76.52127059532475,65.36640018431851,2217.1406758437356,2333.138129362096,2410.5809597366715,2362.7438076132266,2409.786507141066,2460.2829469646676,2123.063658978234,2343.8902584887064,2,20,4 Sverdrup,3 Sverdrup,10 Sverdrup,20 Sverdrup,0.2,0.2,3.6
HIGH PROD,95800.0,236.10755033167678,4971,3037,2237,5196,3354,2840,112.00456149782983,76.52497430017526,65.36701833603003,2217.164403677895,2333.1693606553,2410.6062639135453,2362.766023229667,2409.8237018856153,2460.3083792809857,2123.088586296975,2343.9141639402715,2,20,4 Sverdrup,3 Sverdrup,10 Sverdrup,20 Sverdrup,0.2,0.2,3.6
HIGH PROD,95900.0,236.11352139092773,4971,3037,2237,5196,3354,2840,112.00426218942015,76.52078360499205,65.3661593659963,2217.1879832936565,2333.18540336631,2410.6283299086804,2362.7880545790968,2409.8305639020273,2460.327357365358,2123.111062232283,2343.934771561146,2,20,4 Sverdrup,3 Sverdrup,10 Sverdrup,20 Sverdrup,0.2,0.2,3.6
HIGH PROD,96000.0,236.1196304574684,4971,3037,2237,5196,3353,2840,112.00391553187018,76.51648364142356,65.36635625797528,2217.2113828733022,2333.2013300912445,2410.6526428117177,2362.809834764264,2409.8372596756703,2460.350859629834,2123.133890780553,2343.9557553755135,2,20,4 Sverdrup,3 Sverdrup,10 Sverdrup,20 Sverdrup,0.2,0.2,3.6
HIGH PROD,96100.0,236.12580802730912,4971,3036,2237,5196,3353,2840,112.0035315592883,76.51325240819403,65.36651638559982,2217.23467011628,2333.219227402901,2410.6768397904307,2362.8314451070455,2409.8479512249082,2460.3741519623372,2123.1567982313145,2343.9767881252146,2,20,4 Sverdrup,3 Sverdrup,10 Sverdrup,20 Sverdrup,0.2,0.2,3.6
HIGH PROD,96200.0,236.13202718029095,4971,3036,2237,5196,3353,2840,112.0031139068871,76.5108055735046,65.36649083935266,2217.257865251776,2333.2385470974573,2410.7006261455954,2362.8529110152117,2409.861536185798,2460.396644652184,2123.179662969817,2343.9977359347185,2,20,4 Sverdrup,3 Sverdrup,10 Sverdrup,20 Sverdrup,0.2,0.2,3.6
HIGH PROD,96300.0,236.138270953689,4971,3036,2237,5196,3353,2840,112.0026678546108,76.50892860518184,65.36633944867948,2217.2809904554797,2333.2588955463784,2410.724132259013,2362.8742625650384,2409.877219753131,2460.4185970911253,2123.2025373225174,2344.018677271922,2,20,4 Sverdrup,3 Sverdrup,10 Sverdrup,20 Sverdrup,0.2,0.2,3.6
HIGH PROD,96400.0,236.14452716840202,4971,3036,2237,5196,3353,2840,112.00220017139607,76.507466112605,65.36610621852871,2217.3040720123377,2333.2799909851583,2410.7474524982026,2362.89553623212,2409.8944285348407,2460.440194838833,2123.2254623146027,2344.039671567285,2,20,4 Sverdrup,3 Sverdrup,10 Sverdrup,20 Sverdrup,0.2,0.2,3.6
HIGH PROD,96500.0,236.1507873782561,4971,3036,2237,5196,3353,2840,112.00171759884768,76.50630546187733,65.36582206373033,2217.3271343214324,2333.301632500711,2410.7706547353737,2362.9167666292014,2409.912750058211,2460.4615697112263,2123.2484555804103,2344.0607467513764,2,20,4 Sverdrup,3 Sverdrup,10 Sverdrup,20 Sverdrup,0.2,0.2,3.6
HIGH PROD,96600.0,236.15704568425855,4971,3036,2237,5196,3353,2840,112.00122608392518,76.5053651308514,65.36550847567234,2217.350196899894,2333.323676935514,2410.7937873091505,2362.9379823647687,2409.9318879297507,2460.482814434617,2123.2715191251154,2344.081909894902,2,20,4 Sverdrup,3 Sverdrup,10 Sverdrup,20 Sverdrup,0.2,0.2,3.6
HIGH PROD,96700.0,236.16353505826137,4971,3036,2237,5196,3353,2840,112.00065997634206,76.50453070450575,65.36283059978634,2217.372981261251,2333.345863380031,2410.8119063667655,2362.958806211749,2409.951368471843,2460.494084210008,2123.292782390357,2344.1005817732403,2,20,4 Sverdrup,3 Sverdrup,10 Sverdrup,20 Sverdrup,0.2,0.2,3.6
HIGH PROD,96800.0,236.17045700148478,4971,3036,2236,5196,3353,2839,111.99993055666937,76.50431930632982,65.35910493357596,2217.395234918737,2333.3691230533177,2410.8277886428505,2362.978848616364,2409.973127269322,2460.5009772361846,2123.3131544836383,2344.117779026831,2,20,4 Sverdrup,3 Sverdrup,10 Sverdrup,20 Sverdrup,0.2,0.2,3.6
HIGH PROD,96900.0,236.17768706825868,4971,3036,2236,5196,3353,2839,111.99904160018934,76.50533637725421,65.35597403825457,2217.417141583888,2333.394558286694,2410.844862064366,2362.9982923877924,2409.999353348019,2460.5103180265546,2123.33417647977,2344.135549128822,2,20,4 Sverdrup,3 Sverdrup,10 Sverdrup,20 Sverdrup,0.2,0.2,3.6
HIGH PROD,97000.0,236.18502100578007,4971,3036,2236,5196,3353,2839,111.99803827309313,76.50741698894132,65.35351687168006,2217.438976412395,2333.4219508556503,2410.863320769048,2363.0174764030876,2410.029531543314,2460.522446550856,2123.3558945991035,2344.154115988076,2,20,4 Sverdrup,3 Sverdrup,10 Sverdrup,20 Sverdrup,0.2,0.2,3.6
HIGH PROD,97100.0,236.192391804103,4971,3036,2236,5196,3353,2839,111.99696710378508,76.50873782059877,65.35145800354674,2217.4607952408533,2333.4479104981333,2410.8826027808154,2363.0365316418533,2410.05683656423,2460.536225640108,2123.3776560340934,2344.172709295003,2,20,4 Sverdrup,3 Sverdrup,10 Sverdrup,20 Sverdrup,0.2,0.2,3.6
HIGH PROD,97200.0,236.19954448755962,4971,3036,2236,5196,3353,2839,111.99592013595117,76.50951074682958,65.3513313563942,2217.482881837845,2333.4729219107207,2410.9059738591473,2363.055884272811,2410.082162652643,2460.558137883809,2123.400703138482,2344.193128695811,2,20,4 Sverdrup,3 Sverdrup,10 Sverdrup,20 Sverdrup,0.2,0.2,3.6
HIGH PROD,97300.0,236.2064871648455,4971,3036,2236,5196,3353,2839,111.99491917775589,76.50989342908841,65.35145124271793,2217.5052015881897,2333.4972905845816,2410.9298699404944,2363.0755370885836,2410.106110431222,2460.5810597319623,2123.423859228797,2344.2138582988437,2,20,4 Sverdrup,3 Sverdrup,10 Sverdrup,20 Sverdrup,0.2,0.2,3.6
HIGH PROD,97400.0,236.21325903525303,4971,3036,2236,5196,3353,2839,111.99396902590149,76.5100005449301,65.3515358266892,2217.5276818709235,2333.521218148499,2410.9537151447803,2363.0954285448533,2410.1290971325193,2460.603851589907,2123.446915354215,2344.2346057779014,2,20,4 Sverdrup,3 Sverdrup,10 Sverdrup,20 Sverdrup,0.2,0.2,3.6
HIGH PROD,97500.0,236.21968786657874,4971,3036,2236,5196,3353,2839,111.99314076414086,76.50993796650836,65.3529869624827,2217.550525592693,2333.544937560415,2410.9804855946822,2363.1158723036788,2410.151552918221,2460.632432398303,2123.47106276122,2344.2570306907023,2,20,4 Sverdrup,3 Sverdrup,10 Sverdrup,20 Sverdrup,0.2,0.2,3.6
HIGH PROD,97600.0,236.2260232376782,4971,3036,2236,5196,3353,2839,111.99237602652869,76.50975693900392,65.35300336720769,2217.573436556068,2333.5684823096053,2411.004236816201,2363.136486205955,2410.173609875218,2460.6549628772236,2123.4942149257113,2344.27825491135,2,20,4 Sverdrup,3 Sverdrup,10 Sverdrup,20 Sverdrup,0.2,0.2,3.6
HIGH PROD,97700.0,236.2318544412923,4971,3036,2236,5196,3353,2839,111.99181443151151,76.51408793313728,65.35448672782296,2217.5969303760194,2333.600706582152,2411.031180140524,2363.157998917096,2410.2128823995886,2460.683779735413,2123.519799499354,2344.3029917226154,2,20,4 Sverdrup,3 Sverdrup,10 Sverdrup,20 Sverdrup,0.2,0.2,3.6
HIGH PROD,97800.0,236.2378483803231,4971,3036,2236,5196,3353,2839,111.99127294238296,76.5102929706682,65.35431339948703,2217.620247853795,2333.6174797262147,2411.0546004355674,2363.1793749526437,2410.2212622016677,2460.705577479504,2123.5424844235363,2344.323877491832,2,20,4 Sverdrup,3 Sverdrup,10 Sverdrup,20 Sverdrup,0.2,0.2,3.6
HIGH PROD,97900.0,236.24364704066048,4971,3036,2236,5196,3353,2839,111.99083945188835,76.51389623021977,65.35418991581265,2217.643800714183,2333.6484107227548,2411.0781899199474,2363.201157782161,2410.257911142919,2460.7276726550845,2123.5668816203565,2344.3471195241877,2,20,4 Sverdrup,3 Sverdrup,10 Sverdrup,20 Sverdrup,0.2,0.2,3.6
HIGH PROD,98000.0,236.24964501800494,4971,3036,2236,5196,3353,2839,111.9903953436123,76.51000643633282,65.3538349293639,2217.6671529479895,2333.6650139162857,2411.10126398233,2363.2227298554258,2410.2659500562427,2460.7487676390147,2123.5895141904143,2344.367935597767,2,20,4 Sverdrup,3 Sverdrup,10 Sverdrup,20 Sverdrup,0.2,0.2,3.6
HIGH PROD,98100.0,236.25524224287247,4971,3036,2236,5196,3353,2839,111.9901113532824,76.5135781215871,65.35516133486193,2217.691010154448,2333.6959283522465,2411.127950149156,2363.2450545363977,2410.3025224962994,2460.7770005713933,2123.6151827746035,2344.3929599434496,2,20,4 Sverdrup,3 Sverdrup,10 Sverdrup,20 Sverdrup,0.2,0.2,3.6
HIGH PROD,98200.0,236.26088985541972,4971,3036,2236,5196,3353,2839,111.98986863938595,76.5126997812414,65.35504860893651,2217.7148594540818,2333.7183203375325,2411.151594168537,2363.2674395915296,2410.322046660211,2460.7991466079743,2123.639003711882,2344.4155615656623,2,20,4 Sverdrup,3 Sverdrup,10 Sverdrup,20 Sverdrup,0.2,0.2,3.6
HIGH PROD,98300.0,236.26664427521797,4971,3036,2236,5196,3353,2839,111.98962996902699,76.51137167555774,65.35467068100307,2217.738606451259,2333.739892527342,2411.174691192703,2363.2897332946964,2410.3399611252294,2460.8202125637877,2123.6623837418438,2344.4375275819157,2,20,4 Sverdrup,3 Sverdrup,10 Sverdrup,20 Sverdrup,0.2,0.2,3.6
HIGH PROD,98400.0,236.27202518633004,4971,3036,2236,5196,3353,2839,111.9895400233459,76.51494420560287,65.35598278229863,2217.7628346969123,2333.770832520333,2411.2014163617823,2363.3127375792196,2410.376522972561,2460.848451292329,2123.6883382647115,2344.463080779251,2,20,4 Sverdrup,3 Sverdrup,10 Sverdrup,20 Sverdrup,0.2,0.2,3.6
HIGH PROD,98500.0,236.27753000552053,4971,3036,2236,5196,3353,2839,111.98945491500487,76.51016671021455,65.35574090826887,2217.786967947651,2333.7858161717268,2411.2248382739717,2363.3356574624786,2410.381177136923,2460.8700958345753,2123.7114698740247,2344.4849056036596,2,20,4 Sverdrup,3 Sverdrup,10 Sverdrup,20 Sverdrup,0.2,0.2,3.6
HIGH PROD,98600.0,236.2834242619564,4971,3036,2236,5196,3353,2839,111.98927953854474,76.50582343325273,65.35499033678741,2217.810635745945,2333.8017870625927,2411.2471586066968,2363.3579805959143,2410.387913985791,2460.8896105948024,2123.733726045144,2344.505338613915,2,20,4 Sverdrup,3 Sverdrup,10 Sverdrup,20 Sverdrup,0.2,0.2,3.6
HIGH PROD,98700.0,236.28961419790448,4971,3036,2236,5196,3352,2839,111.98898212475494,76.50252157730583,65.35431610054539,2217.8338975849474,2333.819511294875,2411.2695774578133,2363.3797111642934,2410.3982998953775,2460.9093913658503,2123.7559345738696,2344.5254854414125,2,20,4 Sverdrup,3 Sverdrup,10 Sverdrup,20 Sverdrup,0.2,0.2,3.6
HIGH PROD,98800.0,236.29579067864898,4971,3035,2236,5196,3352,2839,111.98864800126185,76.5000387248164,65.35468703821596,2217.8571206882393,2333.8387160398247,2411.294173593426,2363.4013437759213,2410.411704206261,2460.9335400127816,2123.7790187290434,2344.546766674241,2,20,4 Sverdrup,3 Sverdrup,10 Sverdrup,20 Sverdrup,0.2,0.2,3.6
HIGH PROD,98900.0,236.3021104111539,4971,3035,2236,5196,3352,2839,111.98823236443418,76.49813532594052,65.35376717064054,2217.8801163940916,2333.8589261034263,2411.316000375901,2363.4226220673563,2410.427203509249,2460.95219804365,2123.801198741831,2344.5667739904557,2,20,4 Sverdrup,3 Sverdrup,10 Sverdrup,20 Sverdrup,0.2,0.2,3.6
HIGH PROD,99000.0,236.30833555407077,4971,3035,2236,5196,3352,2839,111.98780999229918,76.496664160155,65.35422006685856,2217.9031789884607,2333.8799276762734,2411.340725107438,2363.4439537356957,2410.4443055960282,2460.9766535205645,2123.8245012707625,2344.5882971260676,2,20,4 Sverdrup,3 Sverdrup,10 Sverdrup,20 Sverdrup,0.2,0.2,3.6
HIGH PROD,99100.0,236.3144814834451,4971,3035,2236,5196,3352,2839,111.98739274894615,76.49551246337121,65.35453581370328,2217.9263093013,2333.901525768336,2411.3651389481306,2363.4653588573888,2410.4626032469555,2461.0004889761562,2123.8478744952226,2344.609965730895,2,20,4 Sverdrup,3 Sverdrup,10 Sverdrup,20 Sverdrup,0.2,0.2,3.6
HIGH PROD,99200.0,236.32056107582832,4971,3035,2236,5196,3352,2839,111.9869877650758,76.49459839048502,65.35474101019231,2217.9495009675397,2333.923575159424,2411.3893208245345,2363.486843247223,2410.4817974497646,2461.0238629493974,2123.8712862410753,2344.6317344619697,2,20,4 Sverdrup,3 Sverdrup,10 Sverdrup,20 Sverdrup,0.2,0.2,3.6
HIGH PROD,99300.0,236.32658509082478,4971,3035,2236,5196,3352,2839,111.98660021168575,76.4938627112077,65.3548645031812,2217.9727532953625,2333.9459700761604,2411.4133318054282,2363.5084148812794,2410.5016711628296,2461.046896445634,2123.894756166912,2344.6536190481156,2,20,4 Sverdrup,3 Sverdrup,10 Sverdrup,20 Sverdrup,0.2,0.2,3.6
HIGH PROD,99400.0,236.33256280598727,4971,3035,2236,5196,3352,2839,111.98623340115518,76.49326242594982,65.35492811593302,2217.9960672364978,2333.9686334792364,2411.4372190942277,2363.5300801955927,2410.5220665757,2461.0696818921633,2123.918291119987,2344.675620401097,2,20,4 Sverdrup,3 Sverdrup,10 Sverdrup,20 Sverdrup,0.2,0.2,3.6
HIGH PROD,99500.0,236.33850201068844,4971,3035,2236,5196,3352,2839,111.9858890147947,76.49276614158624,65.35494832930864,2218.0194428728664,2333.99150883175,2411.4610189284513,2363.551842066363,2410.542868191269,2461.092289648523,2123.9418880621542,2344.6977286276974,2,20,4 Sverdrup,3 Sverdrup,10 Sverdrup,20 Sverdrup,0.2,0.2,3.6
HIGH PROD,99600.0,236.3444090436248,4971,3035,2236,5196,3352,2839,111.98556745754253,76.49235076428496,65.35493758166601,2218.0428785815293,2334.0145540936924,2411.48475892312,2363.57369960678,2410.563990613885,2461.11477306832,2123.9655392550003,2344.7199293428857,2,20,4 Sverdrup,3 Sverdrup,10 Sverdrup,20 Sverdrup,0.2,0.2,3.6
HIGH PROD,99700.0,236.35028894020553,4971,3035,2236,5196,3352,2839,111.98526822974465,76.49199914963236,65.3549052514908,2218.066371110085,2334.037737459103,2411.5084599604597,2363.595648861649,2410.5853698764113,2461.137172437418,2123.989235601116,2344.7422075849204,2,20,4 Sverdrup,3 Sverdrup,10 Sverdrup,20 Sverdrup,0.2,0.2,3.6
HIGH PROD,99800.0,236.35614787412985,4971,3035,2236,5195,3352,2839,111.98498802506336,76.49169392405308,65.35485936893727,2218.089910733917,2334.0610239827533,2411.532138856032,2363.6176749888,2410.6069385468413,2461.1595212374277,2124.012965262137,2344.7645440177484,2,20,4 Sverdrup,3 Sverdrup,10 Sverdrup,20 Sverdrup,0.2,0.2,3.6
HIGH PROD,99900.0,236.36217566568058,4971,3035,2236,5195,3352,2839,111.98466832580931,76.49141100942003,65.35291708514751,2218.1132657639205,2334.084324435641,2411.551799398947,2363.639457673216,2410.628564005598,2461.17386445869,2124.035253889976,2344.784898626143,2,20,4 Sverdrup,3 Sverdrup,10 Sverdrup,20 Sverdrup,0.2,0.2,3.6
HIGH PROD,100000.0,236.36846707075028,4971,3035,2236,5195,3352,2839,111.98426013105322,76.49112719487914,65.350650144742,2218.1363157831106,2334.1075549877864,2411.570762217905,2363.6608002413805,2410.650120757606,2461.1868630538193,2124.0571535853283,2344.8045519523484,2,20,4 Sverdrup,3 Sverdrup,10 Sverdrup,20 Sverdrup,0.2,0.2,3.6
