M.S_b Time [a],M.S_b PO4 [mol/l]
5880000.0,1.5281918502351154e-05
5940000.0,1.5250156394134742e-05
