M.D_b Time [a],M.D_b PO4 [mol/l]
5880000.0,2.2058340954639143e-05
5940000.0,2.205836129870646e-05
