M.D_b Time [a],M.D_b PO4 [mol/l]
5880000.0,2.2474415229493545e-05
5940000.0,2.242755892311937e-05
