M.sb Time [a],M.sb PO4 [mol/l]
5880000.0,1.4999877574104275e-05
5940000.0,1.4999891364573855e-05
